...1,news_title,news_section,news_comments_num,comments,date,clean_date,parsed_date
1,driving in europe new eu law to require medical tests and end licences for life,driving,2,i am glad to know that drunk drivers and the like will now have that fact reported to all of the eu when caught i don t mind the medical checks as long as they are reasonable you should not drive if you are prone to seizures or any condition where you suddenly can lose consciousness while behind the wheel same if you have alzheimer s dementia and you no longer know how to drive the eu is just a regulatory monster,published 25 oct 2025 cet,25 oct 2025,2025-10-25
2,europe s shift to the right creates an unwelcoming environment for all foreigners,immigration,1,oh well this is what we re given to work with,published 25 oct 2025 cet,25 oct 2025,2025-10-25
3,why europe s changing of the clocks no longer makes sense,european union,6,my understanding is that many digital systems automatically switch between summer and winter time and updating them will be expensive this is why it is not easy to remove the clock change however can t we do it effectively by changing which clock we go to work school without changing these digital systems i d go a step further and suggest looking at double summer time dst was implemented in the uk during world war ii to maximize daylight and conserve fuel effectively putting the country two hours ahead of greenwich mean time i think that would be a real winner right across the eu it only makes sense to have one time zone for all of europe which is of course a political rather than geographical decision yes europe is spread wider than ione time zone based on the meridian but everyone will get used to it personally i think the uk and ireland should join them so now it just needs the spanish government to revert to the correct time zone for spain s geographical position the = meridian runs through castellon so most of the country is well west of that and yet spain stays in the same time zone as germany and eastern europe franco changed to utc+1 as a favour to adolf hitler in 1940 but surely it s now time to join portugal and the uk by returning to utc+0 just do it finally how about some action of course this ridiculous changing of the clocks should stop there even seem to be a lot of agreement about this issue here is a radical thought don t change your own clock obviously you have to adapt but it s just a different number so who cares there are more pressing issues in this world 🌍,published 23 oct 2025 cet,23 oct 2025,2025-10-23
4,this will save lives eu adopts new rules on europe wide driving bans,driving,1,i am happy to know that drunk drivers who are caught will now have sanctions enforced eu wide i am actually surprised this type of law did not already exist,published 21 oct 2025 cet,21 oct 2025,2025-10-21
5,us government almost doubles price of esta visa waiver,travel news,2,as a us citizen you do not need an esta but if you hold dual nationality you must remember to enter the country with your us passport if you are a us citizen then you absolutely must enter with your us passport it is considered a crime not to and you could get in big trouble if you show up in the us as a citizen using a different passport one should be careful to ensure that you have accessed the official web site there are very similar sites that are easy to click on that charge for completing the esta which is not necessary you just need to pay the govt fee thanks paul good advice i ll add a line in the story,published 21 oct 2025 cet,21 oct 2025,2025-10-21
6,ranked which countries in europe are better at integrating immigrants,immigration,0,NA,published 18 oct 2025 cet,18 oct 2025,2025-10-18
7,europe s erasmus founder sofia corradi dies aged 91,education,1,i was not aware of the origin of the erasmus program and cannot pass this opportunity to express my gratitude to sofia corradi i had the opportunity to do it in 1994 95 it opened my eyes and was the 1st step to a very rich life and a successful international career,published 19 oct 2025 cet,19 oct 2025,2025-10-19
8,how to make the most of a quick trip from vienna to bratislava,vienna,0,NA,published 9 jun 2023 cet,9 jun 2023,2023-06-09
9,new europe launches long awaited ees biometric border checks,travel news,1,hi i ve read a lot about the ees checks but i can t find the information i need i have a guest who is a thai national and who possesses a schengen visa will she have to go through the biometric checks or does the possession of a schengen visa bypass them thanks alan hi alan those with a short stay schengen visa have to undergo the ees checks it s only those with long stay visas or residents permits in eu schengen countries that are exempt,published 12 oct 2025 cet,12 oct 2025,2025-10-12
10,how can europe protect its skies against escalating drone menace,military,0,NA,published 11 oct 2025 cet,11 oct 2025,2025-10-11
11,the seaside destinations you can reach without a car or plane from austria,train travel,0,NA,published 19 jul 2023 cet,19 jul 2023,2023-07-19
12,what will new ees border checks mean for non eu residents in europe,travel news,4,mohammed your residence permit only allows you to stay off the clock in the country that issued it so if you re a non eu national with a spanish residence permit you can only stay in say germany or france for 90 180 like any other third country national you might ask how will they know since you use your spanish permit to cross the external schengen border but it s up to you to follow the rules your residence permit is a country residence permit not a whole eu residence permit i don t understand why non eu citizens with a residency permit cannot use the same line as eu citizens really does not make sense my main concern is being herded into an ees e gate only queue with no way out they don t like you changing lanes and at busy times i can see airport staff not really listening to your explanation not going home until xmas so hopefully gare du nord st pancras will have got themselves organised by then cdg by april hi does the 90 days stay in every 180 days rule apply for non eu citizens this is what i understood from the article is is this correct in other words can a non eu citizen who has a residence permit in the eu stay in another eu country more than 90 days,published 27 apr 2024 cet,27 apr 2024,2024-04-27
13,what you should know about the eu s change in banking security,money,0,NA,published 26 sep 2025 cet,26 sep 2025,2025-09-26
14,night trains from paris to berlin and vienna to be axed,travel news,0,NA,published 29 sep 2025 cet,29 sep 2025,2025-09-29
15,in numbers who do europe s 3 57 million residency permits go to,residency permits,0,NA,published 24 sep 2025 cet,24 sep 2025,2025-09-24
16,where in europe gives the most residency permits to americans brits and indians,residency permits,0,NA,published 26 sep 2025 cet,26 sep 2025,2025-09-26
17,why are europe s residents being advised to keep €100 in cash at home,money,2,i lived through hurricane andrew and now live in a california earthquake zone two simple emergency preparedness tips 1 always refill your gas tank as soon as it drops to halfway empty 2 always keep a cache $100 $200 in small bills $1s $5s some $10s in case all electronic cash machines and registers are offline otherwise if no one has change a loaf of bread could cost you whatever your smallest bill is e g $20 be prepared stay safe we were in berlin in august and were shocked at how much you do need paper cash there loads of places will not take credit cards even biergartens in the tourist areas cash only,published 25 sep 2025 cet,25 sep 2025,2025-09-25
18,four austrian national parks worth paying a visit,discover austria,0,NA,published 8 jan 2024 cet,8 jan 2024,2024-01-08
19,european airports getting back online after cyberattack,travel news,0,NA,published 21 sep 2025 cet,21 sep 2025,2025-09-21
20,latest flights disrupted across europe after cyber related disruption,travel news,0,NA,published 20 sep 2025 cet,20 sep 2025,2025-09-20
21,eurovision boycotts dumb 2026 host austria says,eurovision,0,NA,published 20 sep 2025 cet,20 sep 2025,2025-09-20
22,how drinking a little alcohol boosts your ability to speak a foreign language,learning languages,2,i so speak italian better after a glass of wine according to my native friends for some reason i remember vocabulary better that only works if the small amount of alcohol is a drink manufactured in the country whose language you are trying to learn,published 20 sep 2025 cet,20 sep 2025,2025-09-20
23,migration to europe is falling so why are countries pushing on with crackdown,immigration,0,NA,published 9 sep 2025 cet,9 sep 2025,2025-09-09
24,asylum applications to the eu switzerland and norway fall by 23 percent,immigration,1,the system is being abused asylum seeker a person must be physically in the country or port of entry and have a well founded fear of persecution or a risk of torture cruel and unusual treatment or risk to life based on reasons like race religion nationality political opinion or social group they must have no safe internal alternative at home and no other reasonable protection a guess few of these eu swedish refugees should qualify most just want better economics,published 8 sep 2025 cet,8 sep 2025,2025-09-08
25,dover and eurotunnel reveal start dates for new ees passport checks,travel news,2,i think this misses mark s point though with the old system there was a stamped date in your passport which made looking back at your stays simple with the new system there is no official record you can access despite the millions spent another example of computerising something which actually makes the service worse for real people i believe there is no passenger online portal for the ess system so that they could check the number of days they have accumulated this is a drawback of the new system an ees portal to count the 90 days you mean no there isn t one but ees doesn t change the 90 day rule itself you re already required to keep track of your days to ensure you don t exceed the limit there are a number of online calculators to help,published 4 sep 2025 cet,4 sep 2025,2025-09-04
26,yes you can travel from austria across europe by train even for work,reader insights,2,very interesting article i find flying a necessary evil but will definitely consider the interail option for my next continental trip well great if you have the time and are an only traveller or couple i have travelled on overnight trains through austria germany and italy but i prefer to drive rather than fly i can plan my own stops what hotels i stay and see more of europe,published 21 oct 2024 cet,21 oct 2024,2024-10-21
27,europe to draw up new visa strategy to bring in skilled non eu workers,visas,3,they could start by not throwing out the ones they have this new eu visa strategy is a smart and necessary step to address labor shortages and boost economic growth across europe by making it easier for skilled non eu workers to live and work here governments can tap into a global talent pool that drives innovation and competitiveness more skilled workers mean stronger industries better services and increased prosperity for all it s crucial that governments actively support and expand such initiatives to secure a vibrant and sustainable future fixing bluecard and making sure all countries are aligned nah we need a new system,published 2 sep 2025 cet,2 sep 2025,2025-09-02
28,mythbuster has the eu really banned gel manicures,health,0,NA,published 2 sep 2025 cet,2 sep 2025,2025-09-02
29,why hikers with dogs face extra risks near cows in austria,animals,0,NA,published 14 jul 2025 cet,14 jul 2025,2025-07-14
30,unfair privilege flights in europe up to 26 times cheaper than train routes,climate crisis,6,it must not be economically viable or companies like easyjet and ryanair would have budget trains so government is left with it and there would have to be huge tax increases to criss cross europe with budget rail id say not even hitting flights with a high train tax would raise enough rail is heavy with cost and rail is too slow for quick holidays a flight tax would have to be high enough to make people not fly and not travel as much in the unsustainable holiday addiction world we have less tourists would hit tourist money hard and cripple an industry that many countries unfortunately now rely on big problem great reference balance no one to speak for the positives of the need for travel if greenpeace had their way no one would own a car be able to buy a plane ticket or have access to international transportation that wasn´t policed by them i´m sure they would also be very happy if on sunday´s dancing was forbidden and we all had to sit on a spike flailing ourselves with a cat o nine tails could it be that trains are too expensive the environmentalist can choose not to fly and that is their choice stop telling everyone how to live those low cost airlines are not a bargain if you travel with a very small bag and don t care which seat you sit in it costs little but everything else is extra if you have checked baggage if you want to choose your seat you pay a lot you also need to bring your own food we have paid hundreds of euros for airfares on these flights also they fly out of airports that are very far from the major cities that people want to visit time and money to get to these distant airports i find the obvious bias in the presented statistics undermines the rest of the article there s no credibility when examples are so obviously tailored to the author s skew using a study done by greenpeace to analyze air travel is like using the tobacco industry to analyze the effects of smoking they never are happy them lot,published 22 aug 2025 cet,22 aug 2025,2025-08-22
31,neglected or ignored brits in europe urged to back campaign for overseas mps,brits in europe,4,liberal democrats abroad and liberal democrats overseas why are there two organisations for one party was there a split over doctrinal differences from all that i read americans living abroad are treated the similarly as the brits representation is basically non existent and yet they still have to pay taxes on income unless there is a treaty that blunts this countries should have someone in government who at least can try to look out for the interests of their diaspora who remain citizens here in america residents of washington dc would also like to have voting representation in congress which they do not have americans abroad are at least represented however poorly through their old districts dc residents have no say at all only a non voting delegate like puerto rico or the virgin islands don t we have enough mp s who do nothing but draw salaries and claim expenses already without adding to it,published 14 aug 2025 cet,14 aug 2025,2025-08-14
32,train passengers face major disruption between munich and salzburg,travel news,0,NA,published 12 aug 2025 cet,12 aug 2025,2025-08-12
33,how will the eu s new ees passport checks affect the 90 day rule,ees passport checks,7,will the eta system allow one to check one s balance to avoid an inadvertent overstay ensuring compliance it would be simple for the eu to set up an app to allow this at this stage there are no plans for this i think it s intended for border guards to check not for the individual although i agree it would be a good idea there are various online calculators that you can use to keep track of your days hello i hold dual citizenship both us italy when i travel to italy and stay more than 90 days my passports show different names married vs maiden name you said to use eu passport to enter the eu to avoid ees i use my us passport when leaving the us and i use global entry when i return is the lack of a record entering eu with the us passport be a problem i apologize for asking many questions and appreciate your assistance in clarifying these matters sincerely response to jt in theory there are bilateral agreements between specific eu non eu countries that allow for longer stay these are not respected in practice the official advice already is not to attempt to use them i doubt the ees will recognise them list official advice residents and visa holders instead pass through the manned passport booth showing their passport and visa residency permit not sure how this will work in practice i ve always been directed to use the epassport gate even when i show my residency card hopefully this won t cause problems my question is when the ees first goes life and entry date recorded as start of the 90 days max stay in eu for every 180 days the issue is if the person who previously been in the eu at the time before the new system in operation will he or she get the full 90 days stay or this count will reduce the days already used it would be very good to write an article on how it will affect citizens of countries with bilateral agreements that allow stays longer than 90 days hi jon do you mean visa holders i m not aware of any bilateral agreement that allows non eu eea schengen citizens to stay for more than 90 days in the eu without having a visa or residency permit except in some very specific cases such as diplomats i am an e u citizen irish and my wife is british can my wife stay with me in france above the 180 days is there a visa requirement we have a home in france,published 30 jul 2025 cet,30 jul 2025,2025-07-30
34,eu confirms launch date for new border system to help identify overstayers,travel news,0,NA,published 30 jul 2025 cet,30 jul 2025,2025-07-30
35,cascade scheme who can benefit from longer term schengen visas,travel news,1,curious if it is only these 3 countries and why,published 29 jul 2025 cet,29 jul 2025,2025-07-29
36,eta what to know about the £16 permit for travel to the uk,travel news,12,my wife and i have dual british french nationality we will be travelling to the uk to join a cruise we intend to use our french passports for the cruise as it will be easier to enter the countries we are visiting when booking the crossing to the uk from france passport details are required should we give our uk passports to avoid the visa requirement i assume we will need to show both french and british passports in order to avid the 90 day rule on return me and my wife save a thousand pounds a month in child day care costs just by moving to sweden from uk so im not going to cry about paying 10 pounds for two years i have still got 990 pounds left over iwe are laughing all the way to the bank required for transiting passengers that s absolutely insane heathrow by itself is a major global hub and the number of people stopping there for a layover is massive hello i am a uk national with a uk passport living in sweden i also have swedish residence uppehållstillstånd when returning from a uk visit to sweden will i need the new etias visa waiver hello so etias is separate to eta it s the eu s own system for visa waivers we don t know when etias is being introduced yet probably later this year but when it is it will not be required for non eu citizens who have residence in an eu country instead you would show your uk passport plus swedish residency permit full details here i m a dual national and travel on my french passport i have an expired uk passport as do my children would that be sufficient proof we are british my french husband is a dual national with a certificate to say he s british no passport no expired passports are not accepted if i m going to the uk on january 3 but returning after the date eta takes effect in january 6 do i need to apply for this on a us passport hello i m wondering if one has a uk passport in which its written this person has a french passport including its number whether one is penalised too for having dual nationality desperate means call for desperate measures they were fools to vote in brexit now they need more money the etias is a visa waiver not a visa when you say otherwise everyone needs one including children or babies eu nationals who have a british spouse and airline passengers who are simply transiting through the uk does this mean that if i am only making a stopover at the airport to my final destination not leaving the airport i still have to apply for a visa it doesn t make any sense it makes sense for anyone who wants to enter the country if we don t leave the airport it shouldn t be necessary we agree that it seems crazy and uk airports are furious about it too but that s the rule re your last comment that eu nationals require an eta when travelling with their spouse does that mean the eu national can only stay in the uk for up to 180 days in the uk with their spouse that doesn t make sense so does this mean that dual nationals will have to book one way flights rather than a return so that the correct passport can be supplied to the airline for api not necessarily at present some dual nationals already travel using 2 passports ie the eu one to enter the eu and the uk one to enter the uk which is perfectly legal and can book return flights you can supply api per flight although different airlines have slightly different processes more info here,published 12 sep 2024 cet,12 sep 2024,2024-09-12
37,a dark day what we know so far about the eu us trade deal,european union,2,never believe anything trump says or does my belief he s an habitual liar and constantly negates deals just ask contractors in atlantic city and new york the deal with japan is falling apart you cannot believe anything that donald trump or the administration says,published 28 jul 2025 cet,28 jul 2025,2025-07-28
38,in numbers how the populations of european countries have changed,statistics,3,pedro you toss around the word racist like its confetti if the annual migration figure were a one time event i m sure nobody would mind but concerns arise because migration is cumulative and the impact on the local cultures is now significant note i have mexican and venezuelian friends who are rip roaring angry because so many americans have moved to their country creating inflation while altering the local culture see the news on this are they all racists in your view this is all about the eu but the article is illustrated with a photo showing a british rnli boat loaded with asylum seekers i m very disappointed in your choice to illustrate this article with a photo of a refugee boat by the numbers cited in this very article net migration makes up less than 0 5 of europe s population and an even smaller fraction of that is due to refugees are you trying to turn expats into xenophobic racists too,published 27 jul 2025 cet,27 jul 2025,2025-07-27
39,disproportionate european tourism chiefs blast etias fee hike,travel news,0,NA,published 24 jul 2025 cet,24 jul 2025,2025-07-24
40,eu reveals latest start date for ees biometric passport checks,ees passport checks,1,what about those people not travelling on a passport makes a mockery of the process,published 22 jul 2025 cet,22 jul 2025,2025-07-22
41,etias fee for european travel authorisation set to increase to €20,travel news,3,zurich airport are already adding fingerprints and photos is this the start of ees we were told that next time we visit that entry should be quicker probably yes entry ports have mostly set up their ees systems now and are doing live tests you may see the same at the channel ports i think that you harriet and your sister would need either a french passport or id card in order to be exempt from this i am now a french citizen my parents have permanent french residency from what i understand from the above is that my sister who is in the uk will the be exempt is that right,published 18 jul 2025 cet,18 jul 2025,2025-07-18
42,eu still seeking trade deal after new trump tariff threat,business,0,NA,published 14 jul 2025 cet,14 jul 2025,2025-07-14
43,eu unveils stockpiling strategy to prepare for war,european union,1,i think we humans should live like there can be a catastrophe anytime in the future so we could always prepare for it like we sleep in a house or a flat because we are safe there because the streets at night are not safe that s why we care about our homes and spend a lot of money during our lives to maintain it in this example the house is the eu and we can t let erode our home just because we became lazy some poeple talking about emigrating if war occurs but the last stop is the usa and losing europe is not a good idea in the long term,published 9 jul 2025 cet,9 jul 2025,2025-07-09
44,climate change made recent european heatwave up to 4c hotter,heatwave,0,NA,published 9 jul 2025 cet,9 jul 2025,2025-07-09
45,ees update phased launch of europe s new border system approved by meps,ees passport checks,2,very similar question what should we do each time we arrive in france when my wife and i have vs t visas that permit 6 months stay within a 12 month specified period also will the biometrics we submit for our vs t visas substitute for the ones that 90 day no visa visitors will have to get before arrival in france or will we have to get that visa waiver as well and do the biometrics twice hi because this introduction has been going on for a loooong time we ve written a lot about this you can find more detailed breakdowns here and the situation for second home owners here which line will i use with a vls ts visa or a carte de sejour in a us passport,published 8 jul 2025 cet,8 jul 2025,2025-07-08
46,hundreds of flights cancelled across europe as travel chaos continues,travel news,0,NA,published 4 jul 2025 cet,4 jul 2025,2025-07-04
47,flights disrupted across europe as french air traffic controllers strike,travel news,1,this is unfortunately normal for the french traffic controlers every summer let s destroy people s dreams of a summer holiday 12 years in france convinced me this is their strategy,published 3 jul 2025 cet,3 jul 2025,2025-07-03
48,naturalisation becomes fragile as european countries make moves to strip citizenship,citizenship,4,i don t see a problem revoking citizenship from criminals and terrorists in the end countries don t have to bear with citizens who work against its people when you get naturalized you swear to be a good citizen and loyal to the country offered you the citizenship doing any of the crimes listed means they broke the oath while it seems logical to be open to removing citizenship from people who commit violent crimes treason etc it is also a slippery slope similar to a death penalty what if someone is wrongfully accused what if a government takes advantage of this policy and removes people subjectively it s happened before and probably happens now we need to really think this through if one s acquired citizenship can be revoked while the native born remain untouched then equality is not conferred but counterfeited this is not fraternity but a façade offering not true belonging but a conditional cohabitation the aims are clear to sift the pure wheat from the foreign chaff and enshrine a polity immutably closed to those deemed forever outside its core personally i don t have a problem with reversing citizenship by naturalization if that person came over then started to live a violent life or be part of a criminal gang organized crime it is difficult enough dealing with our own citizens who do that no country should have to also endure that from foreign violent criminals as well,published 28 jun 2025 cet,28 jun 2025,2025-06-28
49,eu lawmakers vote to ban airlines from charging fees for hand luggage,european union,0,NA,published 24 jun 2025 cet,24 jun 2025,2025-06-24
50,inside austria where the locals holiday and vienna s summer cinemas return,inside austria,0,NA,published 21 jun 2025 cet,21 jun 2025,2025-06-21
51,revealed where in europe has the cleanest and dirtiest swimming spots,environment,0,NA,published 21 jun 2025 cet,21 jun 2025,2025-06-21
52,how europe s changing citizenship rules impact foreign residents,citizenship,0,NA,published 17 jun 2025 cet,17 jun 2025,2025-06-17
53,mutilation ban and microchips the new eu laws around cat and dog welfare,animals,0,NA,published 19 jun 2025 cet,19 jun 2025,2025-06-19
54,which european countries currently have schengen border checks in place,travel news,0,NA,published 14 jun 2025 cet,14 jun 2025,2025-06-14
55,schengen hits 40 what problems lie ahead for europe s border free zone,european union,2,why is the headline what problems lie ahead is this the only way to get our attention why not celebrate 40 years with a report on the successes of the schengen region which the article actually does in its text news seems more and more addicted to slogans like problems and sharing who is worried is this journalism this will become a barrier to travel even permanent residents in europe are fearful to leave for fear of not being allowed back in,published 13 jun 2025 cet,13 jun 2025,2025-06-13
56,former student kills ten in graz school shooting,crime,0,NA,published 10 jun 2025 cet,10 jun 2025,2025-06-10
57,passenger compensation for flight delays set to decrease in europe,european union,1,the author should explain how the parliament was bypassed i think this is factually wrong the parliament still had to adopt is own position the council s position is not legally binding expected better from thelocal,published 6 jun 2025 cet,6 jun 2025,2025-06-06
58,how countries in europe are pushing for curbs on children s social media use,politics,0,NA,published 6 jun 2025 cet,6 jun 2025,2025-06-06
59,which european countries now offer a digital nomad visa,visas,0,NA,published 10 apr 2024 cet,10 apr 2024,2024-04-10
60,disaster for customers eu s plan to cut flight compensation provokes anger,travel news,0,NA,published 28 may 2025 cet,28 may 2025,2025-05-28
61,italy confirms high speed rail links with germany and austria by 2026,travel news,2,the prospect of reducing the travel time from bolzano bozen to innsbruck to under an hour sounds very exciting it opens the possibility of commuting to innsbruck for work while living in bolzano bozen for me as both an italian and austrian citizen that would be a huge win the first international frecciarossa was milan to paris it started a few years ago then temporarily suspended due to a tunnel collapse but i think it s resumed now frecciarossa trains also operate in spain under the iryo brand a joint venture between trenitalia and air nostrum,published 22 may 2025 cet,22 may 2025,2025-05-22
62,cross border driving fines set for return after eu uk reset,travel news,0,NA,published 21 may 2025 cet,21 may 2025,2025-05-21
63,from e gates to erasmus what was agreed in new post brexit eu uk deal,european union,1,are there any plans for an article for those who moved to italy before brexit and now have the special carta de soggiorno that is specifically for uk citizens who are still protected by their eu rights the card i got was valid for 5 years and it would be good to know the procedures to renew it and whether i need to do anything else show proof of income proof i ve spent the vast majority of the 5 years in italy etc,published 19 may 2025 cet,19 may 2025,2025-05-19
64,eu and uk reach deal to reset fraught post brexit relations,european union,0,NA,published 19 may 2025 cet,19 may 2025,2025-05-19
65,austria s jj wins eurovision 2025 with opera techno fusion,culture,0,NA,published 18 may 2025 cet,18 may 2025,2025-05-18
66,after brexit what s at stake in the landmark uk eu summit,european union,0,NA,published 16 may 2025 cet,16 may 2025,2025-05-16
67,what eurovision s voting patterns can teach you about european politics,across europe,0,NA,published 15 may 2025 cet,15 may 2025,2025-05-15
68,choose europe new €500m push launched to lure disgruntled us scientists,european union,3,why would we want disgruntled and failed scientist lets try to attract the best and the brightest that bring value and not old baggage keep up standards and not lower them more americans would choose europe if they did not have to retake driving tests to get a driver s license i wish the eu would standardize their policies so that all member nations allowed us driver s licenses to be exchanged for theirs sure uproot your life and come to the eu as a third party national then get rug pulled and deported a few years later the moment some weak center right majority decides they need to kick immigrants harder to gather a few more racists votes,published 5 may 2025 cet,5 may 2025,2025-05-05
69,how the eu wants to simplify paperwork for car owners moving abroad,driving,0,NA,published 2 may 2025 cet,2 may 2025,2025-05-02
70,eu court rules golden passport schemes for rich investors are illegal,european union,1,i am fully in favor of this ruling eu citizenship must not be for sale but now i wonder are the rich people who already did this grandfathered in or will that purchased citizenship now be revoked if it gets revoked will they get a refund even if it is just a partial refund i m sure there will be lawsuits about that,published 29 apr 2025 cet,29 apr 2025,2025-04-29
71,integrate immigrants how europe can deal with its population challenge,immigration,1,eu countries experiencing population decline should make it easier for their diaspora to claim citizenship by descent and then offer them integration courses including language instruction this would attract those people with blood ties back and some will bring families and good work experience with which can help revitalize the economy especially if some of them return to open businesses don t be like the brain dead italian government doing the exact opposite,published 27 apr 2025 cet,27 apr 2025,2025-04-27
72,petition launched for political representation for brits in europe,brits in europe,1,i wish austria would do the same i have a lot of challenges as an austrian abroad trying to move to austria but no one politically i can really reach out to in order to inform them,published 25 apr 2025 cet,25 apr 2025,2025-04-25
73,fears eu plans to water down air passengers rights in review,european union,0,NA,published 24 apr 2025 cet,24 apr 2025,2025-04-24
74,travellers from europe banned from taking meat and dairy products into uk,environment,0,NA,published 15 apr 2025 cet,15 apr 2025,2025-04-15
75,americans in europe bill that could restrict voting from abroad passes house,politics,8,how can i share this article hi thanks for the message if you re reading on app you should have a share icon in the top right corner of your screen three dots connected by a line if you re on desktop you ll find social share buttons for facebook twitter and linkedin right below the headline next to the name of the author i have lived outside of the us for 42 years the current law states that you must vote from the state where you last resided for me that s texas in all those years away i have never once returned there as my family resides in new jersey and california i am now elderly and have an 88 year old husband who i will not leave alone so traveling back to the states is something i can t do in the near future even when i often traveled back i mailed my absentee ballot from new jersey thankfully the law will never get the 60 votes it will need to pass but the mere thought of denying out servicemen who could lose their right to vote is beyond disgusting and i can t even voice my protest to my texas senators since they are about as trumpie as you can get i m so ashamed to be an american they don t want to recognize me at voting time but they absolutely do want to recognize me at tax time there may be some constitutional challenges ahead i am not a us citizen but i also have to show a valid id when i go to vote which i only can do in person preregistration is not required in my case i never had to travel back to my home country to vote if i want to vote in another country city district than the one i am assigned to i have to complete a form online i usually vote at the embassy so don t forget the u s also has an embassy in almost all countries taxation without representation is tyranny a revolution was fought over this principle if this bill actually became law and us citizens abroad find it much harder to vote i can see this spurring more expats to renounce us citizenship assuming they have another citizenship for the us taxation without representation is a thing just ask dc voters for congressional elections hr 22 is about proof of citizenship at registration presumably one can still vote an absentee ballot it also doesn t say you have to be physically present to register perhaps on can send an image of their passport to register or just provide a passport number ref taxation without representation is tyranny a revolution was fought over this but in texas memories are failing apparently,published 4 mar 2025 cet,4 mar 2025,2025-03-04
76,disgraceful british dual nationals express fury over uk s changing eta advice,travel news,5,i am a brit who has lived in sweden for over 20 years i have a swedish passport my uk passport lapsed many years ago i have no need for a uk passport very expensive and about 6 years ago when i went to england i could happily use my swedish passport so yes it s absolutely possible for a dual national citizen to not have a uk passport i m considering how to relinquish my british nationality to avoid this crazy bureaucracy it seems strange that anyone originally from the uk would let their uk passports expire especially as a dual national abroad the uk consulate should be the first line of support in a crisis if i remember correctly one s level of consular support from sweden as a dual is more limited but why would anyone not ensure that they had a valid british passport if they are entitled to one why not renew an expired passport it s basic common sense the cost is relatively speaking not that high over the ten year validity period why would you not ensure your children have a valid uk passport if they are entitled to one evenfor a shorter validity period it s not as though we been unaware of the complexities thrown up by brexit for years now last para is not correct if the british parent was born outside the uk then children born outside the uk do not automatically get uk citizenship i wrote to my mp but he seems totally uninterested would be great to have an mp dedicated to overseas voters par for the course for the home office which has been dysfunctional for as long as i can remember needs a total reboot,published 10 apr 2025 cet,10 apr 2025,2025-04-10
77,european stock markets soar after trump pauses trade tariffs,economy,0,NA,published 10 apr 2025 cet,10 apr 2025,2025-04-10
78,poultry motorbikes eu announces first tariffs hitting back at us,economy,0,NA,published 9 apr 2025 cet,9 apr 2025,2025-04-09
79,european stock markets slump as trump s tariffs kick in,economy,0,NA,published 9 apr 2025 cet,9 apr 2025,2025-04-09
80,absolute shambles confusion deepens over eta visa waiver for uk dual nationals,travel news,5,alternatively get into a rubber dinghy on the north french coast sail across the channel into england illegally and claim that you re a victim of persecution in some third world country you ll then be transported housed fed and treated for any medical ailments free of charge at the tax payers expense it s far simpler and cost effective the other unknown is will the airlines be able to handle the situation at check in boarding we ve all heard stories of people being denied boarding flights due to misunderstandings of what is needed for travel obviously the fix is to have a uk passport but that isn t always straightforward or fast i can see chaos ahead headline uk administration in haven t thought it through horror in other news pope is catholic bear poops in woods etc i m sure they ll have reprogrammed the automatic passport gates at heathrow in time better allow an extra hour for getting out of the airport so we re none the wiser i guess they never thought about this when designing the system no doubt it will be fixed but that s no consolation when it could put people who have an expired british passport in a difficult position all well and good saying get a passport but that takes weeks i could not find any official advice about this on gov uk website it could be there but i could not find it another website non governmental said if you have both passports like myself use swedish passport for exiting and entering sweden and uk passport for entering and exiting if required the uk it stated that there is no requirement to show both or inform officials of both so this is what i did this last point seems reasonable because i was not checked on leaving uk and on the gov uk website it does say that when british citizens apply for citizenship of another country they do not have to tell uk authorities about it strangely authorities in both countries don t talk share this information with each other,published 1 apr 2025 cet,1 apr 2025,2025-04-01
81,europe has just had its hottest ever march scientists confirm,climate crisis,0,NA,published 8 apr 2025 cet,8 apr 2025,2025-04-08
82,europe s great rivers hit by alarming microplastic pollution,environment,0,NA,published 7 apr 2025 cet,7 apr 2025,2025-04-07
83,update is uk government set to enforce travel change for british dual nationals,travel news,7,hei i have duel citizenship norway and uk but have chosen to apply for a eta and received one if you have duel citizenship but don t have a uk passport why would you try to enter the uk without a valid passport i do have a valid uk passport i have valid passports for the uk and another schengen country i got an eta with my non uk passport via the mobile app without difficulty assuming that this makes the compliance with airlines easier for travelling in and out of the uk in my case why the new eta and eventually the eu equivalent are okay or even necessary and then in the future not is beyond my comprehension if people don t want to spend £ 100 s for a uk passport why not just get the eta for £10 then then you have the option to travel to the uk if you want so for those dual nationals flying between say france and uk they have to show their uk passport in uk and their french passport in france when they book their flight tickets they have to put passport details in so which passport should be used for the airlines database i don t understand what the fuss is about if you re a dual national entitled to a british passport why not just get a british passport dual nationals have to pay out hundreds of pounds for a passport or certificate on the off chance they may need to go back and visit a sick relative when an eta costs £10 all because the uk government won t add a check box to the application for a uk citizen wanting to travel on another passport it s all about the money was this fact sheet issued on april 1st by any chance lots of people will have even less incentive to travel home and spend money in the uk,published 3 apr 2025 cet,3 apr 2025,2025-04-03
84,german word of the day die zölle,german word of the day,0,NA,published 3 apr 2025 cet,3 apr 2025,2025-04-03
85,chaos is being created europe hits out at trump s tariffs,economy,2,yes you seem like someone who gets a lot of their information from american tech companies more tough words from the eu elite ruling class unfortunately they don t have much leverage europe was forewarned that these tariffs were going to be effective on 4 2 where was the urgency to negotiate then maybe they naively thought that trump was bluffing in fact trump has been talking about this for 40 years this is an easy negotiation europe drops its onerous tariffs on the importation of american goods and the us reciprocates the eu commits to ending the attack of american tech companies ending its censorship regime in the name of disinformation and information tariff war over,published 3 apr 2025 cet,3 apr 2025,2025-04-03
86,eta application dilemma leaves some british dual nationals in limbo,travel news,5,i beg to differ with michael leuty when i renewed my british passport scans of all the pages of my french passport were accepted i had no problems i applied for an eta a couple of months ago clicked uk as other citizenship received the eta and have been to the uk twice since then when you renew a uk passport you are required to declare any other nationality that you hold and to submit the passport for that nationality along with your old uk passport when i did this my french passport was returned promptly with the cancelled old uk passport but i was unable to use the french passport while my uk passport was being renewed i m not sure why you need to declare that you have dual citizenship in the first place if you have a swedish passport and not a british one and you travel using that swedish passport and you are domicile here in sweden then in the event of an incident it is the swedish consulate that will be notified frankly none of their business that i happened to have been born in england i have no tax liabilities nor family there i m in exactly that position with dual citizenship including british but with an expired british passport and therefore travelling on an eta with my german passport applying for the eta via the app today the list of additional or previous citizenships does not include gbr which applies to people born in the uk like myself no time to get a new passport before i travel so i have simply skipped that question i ll take a screenshot of that list along with my expired british passport and my birth certificate just in case,published 14 mar 2025 cet,14 mar 2025,2025-03-14
87,partial solar eclipse to cross swathe of europe on saturday,offbeat,0,NA,published 29 mar 2025 cet,29 mar 2025,2025-03-29
88,when will europe roll out its etias visa waiver for non eu travellers,travel news,1,i was told by a united airlines rep that when etias goes into effect us passport holding passengers will not be allowed to board unless they have a valid etias registration as a dual us italian citizen it seems like i will still have to register in etias to get on a flight even though i will not need it to enter the schengen area wit my italian passport i hope the united rep was wrong trouble is i cat find a definitive answer elsewhere,published 28 mar 2025 cet,28 mar 2025,2025-03-28
89,the time has come will europe finally put an end to changing of the clocks,european union,2,change the clocks by half an hour and leave it alone this article doesn t bring any evidence that these hours changing are bad for health and doesn t mention any argument in favour of this changing process to balance the point as for me i like it because i prefer light to darkness and diversity to monotony,published 28 mar 2025 cet,28 mar 2025,2025-03-28
90,record €243 million up for grabs in euromillions jackpot on friday,money,0,NA,published 27 mar 2025 cet,27 mar 2025,2025-03-27
91,what trump s voting executive order means for americans in europe,voting,6,if it were not so ugly this would be funny coming from the guy who told the georgia secretary of state i just need you to find me 11 780 votes if the orange joker would also remove the obligation to submit a tax return and an fbar and the all the reporting requirements imposed on financial institutions that make it nearly impossible to invest and save for retirement i d be willing to surrender my voter registration card without a fight the only thing preventing me from renouncing is the possibility that i may need to provide care for my mother at some point show proof of their us citizenship via a passport or birth certificate in person to a us election official this legislation would require a trip to the us in order to register or make changes a trip to the u s to register to vote well what about an american embassy in the country of residence the us military overseas have seen how other countries function and how life is abroad that makes them cosmopolitan and therefore dangerous better not to have them vote then ours is not to question why ours is just to do and die i wonder if they can quit and apply to join a european army should it become reality or the local army in germany the baltics or greenland that is not desertion americans abroad are just collateral damage here the true aim is to disenfranchise as many people as possible to further the aims of the oligarchs congratulations now americans can trust in the result of election almost like sweden isn t it,published 27 mar 2025 cet,27 mar 2025,2025-03-27
92,eu tells citizens to stockpile three days of supplies in case of attack or disaster,european union,4,well there are possible threats from the near east and far east china korea and russia will alway be a threat no matter how dwindling you think it is usa is a possible threat with trump in charge there will always be numerous threats from somewhere i suppose if we re being told to keep cash then the various european governments especially in nordic countries where the previous push against cash was very strong might want to pass laws forcing shops to accept cash i see a large number of shops in stockholm with signs that cash is not accepted i d like to comment firstly on the previous post namely aside from russia which is actually a dwindling threat this is news to me given the ongoing russian invasion of another sovereign country ie ukraine russia and its dictator putin are a threat to world peace not just europe secondly a suggestion of having a preparedness kit is entirely acceptable if a little underwhelming question aside from russia which is actually a dwindling threat where else are we expecting any form of threat to our current way of living i kind of get the impression that they are not telling the whole truth there has to be something else behind this that they are not talking about either that or it s a distraction tactic fear etc to enable some other basic human rights privacy laws to be re written with the least amount of friction,published 27 mar 2025 cet,27 mar 2025,2025-03-27
93,crucial for safety new rule will enforce driving licence bans across eu,driving,0,NA,published 26 mar 2025 cet,26 mar 2025,2025-03-26
94,will europe s high speed metro style rail network really happen,travel news,2,there is an independent eu rail expert called jon worth who would be brilliant to talk to about this subject it could be cool to get him on the podcast to discuss the issues with sweden s international rail connectivity will never happen all money will go to rearming eu,published 26 mar 2025 cet,26 mar 2025,2025-03-26
95,can i get my money back if i ve paid for an eta through an unofficial website,travel news,0,NA,published 24 mar 2025 cet,24 mar 2025,2025-03-24
96,shattered taboos how europe has shifted as it gears up for the trump era,politics,0,NA,published 20 mar 2025 cet,20 mar 2025,2025-03-20
97,how to avoid being scammed when getting eta visa waiver for the uk,travel news,1,hello we just filed for an eta through uk eta which cost 79 pounds we were issued an eta number have we been scammed is this a valid site and if not why is our recourse the logo is the crown but without the colors thank you for any information gilda camuto hi gilda unfortunately it sounds like you might have been the eta costs £10 for one person this is the official government site any other sites apart from the uk government app are unauthorised you may have to contact your bank to try and recover the money,published 5 mar 2025 cet,5 mar 2025,2025-03-05
98,spurred by trump turnabout european nations debate conscription,war in ukraine,3,there s no need for reinstating compulsory military service what we should do is increase even more taxes on co2 weakening our economy shut down more nuclear plants close all mines continue to deindustrialize and increase our dependency on china even more and if that won t work just blame it on the usa for forcing us to depend on china instead of taking responsibility for our own decisions as a heart sick american who is also a naturalized german this should be a no brainer the usa is on a path to abandoning destroying the western alliance it is self evident that sweden and the rest of the nordics needs to re arm and re start conscription fast and extensively failure to do so risks the independence and existence of the region in a narrow time frame there s no point softening the message when the threat is immediate it s the politicians who lack the courage to call it like it is,published 16 mar 2025 cet,16 mar 2025,2025-03-16
99,measles cases in europe double to reach 25 year high,health,0,NA,published 13 mar 2025 cet,13 mar 2025,2025-03-13
100,eu vows to hit back against us tariffs,european union,2,the eu s actions like 10 car tariffs vs our 2 5 aren t noble they re just getting matched by trump fair trade not ruin italy sends €60b to the u s the u s sends €20b back you d torch your own fiat and fashion before denting him america s not reduced it s rebounding jobs up china checked regret s your take i see strength eu s move screws itself ass an american living in italy i completely agree with the eu actions i regret that my once great country has been reduced to this situation,published 12 mar 2025 cet,12 mar 2025,2025-03-12
101,eu paves way for states to set up controversial return hubs for migrants,immigration,0,NA,published 11 mar 2025 cet,11 mar 2025,2025-03-11
102,eu mulls tightening flight delay compensation rules for passengers,politics,4,as a french australian i travel a very long distance each year for family visits any delay of more than three hours means missing a connection somewhere in asia or the middle east at least the compensation pays for the comfort of a lounge and a shower five hours means waiting in an airport for four hours and fifty nine minutes before you can access these basic comforts and there will be an average of 200 400 other people looking for the same seats and lounges 1 is there any data that shows that these fines actually lead to less delays 2 it is certain that such compensation in the billions will cause a rise in ticket prices so we pay for it anyhow 3 in 2020 and 2021 lufthansa has lost about 10 billion and is still far from making that money back maybe to save some money they could avoid delays why doesn t this article describe any of the actual proposed changes,published 10 mar 2025 cet,10 mar 2025,2025-03-10
103,which countries in europe grant the most citizenships to foreign residents,european union,0,NA,published 8 mar 2025 cet,8 mar 2025,2025-03-08
104,eu sees record drop in births data shows,european union,0,NA,published 8 mar 2025 cet,8 mar 2025,2025-03-08
105,more than 120 000 brits naturalised in european countries since brexit vote,european union,1,it would be interesting to know how many europeans are now british citizens as well,published 7 mar 2025 cet,7 mar 2025,2025-03-07
106,are europe s ties with united states set to worsen,politics,0,NA,published 7 mar 2025 cet,7 mar 2025,2025-03-07
107,social glue why it s no surprise european states are toughening language requirements,immigration,3,if language is so important and i believe it is as well then why don t these governments offer integration and language courses for people who claim citizenship by descent these governments seem happy to give these courses to migrants and refugees which is fine but then an actual citizen comes from abroad and is told there is no program for them so now these citizens have to spend thousands on language courses to get from zero to b2 donald trump has just signed into law that english is to be the us official language umm no he signed an executive order this is not the same as a law executive orders are aimed at federal workers he is ordering federal workers to use the english language but he cannot use executive orders to tell private individuals to do the same i am from hungary the importance of the language is tied back to the fact that hungarians do not speak any other language you have to learn the language to survive for the religion christening is more of a cultural tradition and does not come from religious beliefs most people do not practice any religion but they say they are christians as they were christened when they were kids the answers were most likely influenced by government propaganda from the past 14 years,published 6 mar 2025 cet,6 mar 2025,2025-03-06
108,eu aims for october start date for ees passport checks,travel news,3,as more countries go to a digital system i wonder if the day will come when your passport can also be electronic it would be nice to have a phone app wallet app holding a digital passport and not need to keep a physical one which is larger than an id card so it is more inconvenient to put in a pocket or wallet i guess we will have to see how this works in practice for resident card holders and dual nationals it s one thing to say they don t need to go through the new process but if it stops you checking in for a flight like missing api info does then it s going to be a massive inconvenience whenever you re going the other way to whatever nationality you put in when buying the ticket we know how much budget airlines want to charge for printing a boarding pass at the airport any idea how this will work with the post brexit carta di soggiorno,published 5 mar 2025 cet,5 mar 2025,2025-03-05
109,they don t want us syrians in austria face uncertainty as policies tighten,politics,1,khaled and his family are surely just the sort of people that austria needs and should support this sort of blanket action because of the actions of a few is unfair and very sad austria can do better,published 5 mar 2025 cet,5 mar 2025,2025-03-05
110,a new era is upon us eu unveils €800 billion plan to rearm europe,european union,3,for 80 yrs europe has gotten wealthier by reducing their armies and depending us to come to the rescue in 2014 only 3 of 31 countries were meeting the 2 nato spending requirement which some say should be more realistically 5 as of 2024 8 countries including italy were not contributing 2 and only poland spent more of their gdp than us time for the rest of the free world to grow up and be responsible for itself for me its about do you want to learn to speak another language at gun point i don t care so much about the costs i care about security from aggressors sounds like a solid plan how to finance the rearm of europe but it is not about money only right it is also about do you buy or you produce yourself can you buy enough and what exactly you can buy it is about technology development about production sites intelligence and how it is all to be split within eu itself and that plan doesn t seem very solid,published 4 mar 2025 cet,4 mar 2025,2025-03-04
111,europeans hit back after donald trump says eu was born to screw us,politics,6,the phrase the eu s formation in 1993 as a historic achievement to end conflict on a continent ravaged by two world wars feels a little misleading as effectively 1949 50 saw the creation of this entity to end conflict whilst the actual eu was established in 1993 with the treaty of maastricht the concept of a united europe had already been in place for the previous 4 decades under different names and membership but essentially forming the bloc of unity which then became the eu unfortunately the likes of trump manage to misinform and deliberately mislead people when it comes to accurate history so now more than ever we need to make sure someone is giving an accurate account the european countries combined have contributed more than the usa to ukraine a simple fact that can easily be verified by anyone who cares about the truth trump choses to lie about the numbers inflating the us payment by about 300 of course it s possible that he does not know the reality in which case it s best to keep quiet but ignorance has not prevented him speaking in the past and is unlikely to in the future europeans leaders in their warmonger foolishness are spending more and more for war and weapons and less and less for their own citizens and against their own interests eu is just skrewing itself so can trump be satisfied the usa is considering equal tariffs that we are encountering from ither countries seems fair an with regard to the continued funding of the war between ukraine and russia any monies invested by the eu is a loan unlike the monies invested by the usa why is the usa paying the most to support ukraine in this conflict it is time the eu steps up to support their own defense and of course the usa will help if it makes sense or is a nato country if trump is speaking then you can be confident that he is prevaricating i can t really say exactly what i think of this individual and his behavior my comment would get modded very quickly,published 27 feb 2025 cet,27 feb 2025,2025-02-27
112,where in europe is the hard right on the rise,politics,5,lol yes we are all far right yes us who have common sense and want the best for our countries so yes i m far right what s your definition of far right seems like anyone who disagrees with the writer wanting unlimited migration to end doesn t seem radical seems like common sense to me especially in ch where the culture is wonderful giorgia meloni s brothers of italy is a conservative right wing party not a far right and post fascism as stated in this article in italy there are far right parties forza nuova casapound but they do not get the minimum amount of votes to be represented in the italian parliament europe is resetting itself not unlike the usa and with hope canada australia britain and new zealand in my own democratic opinion let s keep freedom of speech alive their are many of us who fort for it 🙏🙏🙏 we re not far right just right wing,published 24 feb 2025 cet,24 feb 2025,2025-02-24
113,eu keeps up pressure on russia with new sanctions,european union,0,NA,published 19 feb 2025 cet,19 feb 2025,2025-02-19
114,will europe match words with actions after being sidelined by trump,politics,4,i am just as disappointed in the eu as i am the democrats in the us in their utter lack of preparation for the new world order under the current us regime there s nothing new in the way this regime has long planned for and is now treating its allies and citizens how can any of us be surprised when they ve been consistently saying and planning these same motions something must be done because the eu wandering in a maze of regulations and bureaucracy behaves as if the world is a seminar on import standards and french fishing rights all this european dithering combined with feelings of being insulted is probably why trump wants to keep initial negotiations with russia one on one otherwise nothing will get done americans are tired of being sneered at by europeans while still footing most of their security bill i will guess that once a groundwork is laid between the us and russia ukraine and most likely some europeans will be included but this needs to get off the ground first the us won t protect europe any more the eu to foot its own bills maybe even build decent navies and air forces it all seems unfair jack,published 18 feb 2025 cet,18 feb 2025,2025-02-18
115,europe s security is at a turning point eu leader warns,european union,0,NA,published 17 feb 2025 cet,17 feb 2025,2025-02-17
116,austria s far right led coalition talks collapse,politics,1,as i am a new eu citizen austria italy coming from the us the notion of a care taker government is somewhat unusual to me is there an article here that can help me understand how a care taker government works such as what powers they have vs what powers they do not have in relation to a normal government great question and thanks for the idea austria has had caretaker governments before and we ll be writing an explainer on how they work including their powers compared to a regular government we ll share it soon,published 12 feb 2025 cet,12 feb 2025,2025-02-12
117,european airport passenger traffic tops pre covid level,travel news,0,NA,published 12 feb 2025 cet,12 feb 2025,2025-02-12
118,where in europe is ryanair scrapping flights this year,travel news,3,i wonder whether fees and taxes are the real reason why ryanair is cutting back on some flights they have trouble having their ordered boeing planes delivered and some routes may not be that profitable anyway ryanair often review its routes but the cause of this round of cuts is a little different ryanair is suffering from the legacy of boeing s 737 max problems boeing is way behind on projected deliveries especially the 737 max 8 max 10 some older aircraft have been kept in service longer than planned but o leary estimates that ryanair are at least 30 aircraft short of their planned summer 2025 capacity and this shortage is going to continue for the foreseeable future we ve booked a flight from paris beauvais to bologna in october fingers crossed,published 9 feb 2025 cet,9 feb 2025,2025-02-09
119,venice sleeper train setback reveals europe s rail troubles,travel news,0,NA,published 6 feb 2025 cet,6 feb 2025,2025-02-06
120,never again thousands protest as austria braces for far right led government,politics,0,NA,published 4 feb 2025 cet,4 feb 2025,2025-02-04
121,latest eu vows firm retaliation if trump unleashes tariffs,economy,0,NA,published 3 feb 2025 cet,3 feb 2025,2025-02-03
122,it s five years since brexit but problems lie ahead for brits in europe,brexit,1,you can add to the complications obtaining a french visa for a spouse you married after the wa came into effect the legal maximum processing time for regroupement familial is 6 months but in practice is well over a year in most départenebts,published 31 jan 2025 cet,31 jan 2025,2025-01-31
123,what to know about the new night train connecting belgium germany austria and italy,travel news,2,how is it possible to pass by cologne and munich and not passing by stopping in frankfurt to yes yes,published 21 aug 2024 cet,21 aug 2024,2024-08-21
124,coke fanta and sprite drinks recalled across europe over chlorate risk,health,0,NA,published 28 jan 2025 cet,28 jan 2025,2025-01-28
125,uk to hike cost of eta visa for arrivals but relaxes airport transit rule,travel news,0,NA,published 17 jan 2025 cet,17 jan 2025,2025-01-17
126,how would a far right led government in austria impact foreigners lives,politics,1,my mother was born in austria but had to give up her citizenship and became british in 1947 48 my half brother is austrian but because i am a british national living in austria the result of this election is in my opinion bad news for austria and probably bad news for me too,published 25 sep 2024 cet,25 sep 2024,2024-09-25
127,don t add fuel to fire europe tries to play it cool as storm trump approaches,politics,4,chris an american here and i think you need to check out the recent buyer´s remorse videos chris a us citizen here and no most people who are are not xenophobic racist differ have you seen the recent videos of his supporters who now have buyer´s remorse if you look at logic facts and not opinions feelings or propaganda you will see the strives made nope the media is all agenda driven ask most americans and they are very glad biden is gone and trump is back,published 10 jan 2025 cet,10 jan 2025,2025-01-10
128,your questions answered on uk s new entry fee for non eu and eu travellers,travel news,7,thanks for the hepful info i read it carefully and then took on the uk eta site as i was prepared i found it easy and helpful and got my eta approval literally in seconds that s great good to hear that it s working and thanks for letting us know it s always useful to get reports from on the ground being a dual uk french national i have the same issue as alain with airlines api i already have return flights booked from france to the uk in april and september at the moment it seems like the eu etia scheme won t be in force by april so i can enter my uk passport for both my april flights but if the eu etia scheme is in force by september and i can still only enter details of one passport will the airline prevent me flying even if i have both passports with me helen i m quite sure that an out of date passport would not be accepted i am a dual national fr uk airlines will only allow you to register one passport per booking so i can t see how you can enter the right information for the passport that you will be using for each leg of the journey unless you book each leg individually which would be more expensive and require collecting baggage and checking it in again for the second leg ah you re talking about connecting flights yes i can see how that would be more complicated as in booking terms it is just one journey we were thinking more in terms of a simple return flight i guess for a connecting flight it would be tricky although you could check with your airline so just to clarify someone who lives in the uk with settled status does not have to register for the eta when returning from the eu to the uk what about a danish passport holder who has a permanent right to remain in the uk gained during the brexit but currently resides in denmark this year was no issue and just used the electronic gates like normal british passport holders if you have dual nationality would both passports need to be in date could you show an expired passport,published 13 sep 2024 cet,13 sep 2024,2024-09-13
129,non eu travellers will need to pay £10 eta to enter uk,travel news,9,we travel from the us to rome on british air changing planes at heathrow it is not unusual to miss our connection in london due to delayed departure from us and spend the night at an airport area hotel officially then we are not in transit having to exit the airport this is an unforeseen circumstance will it be possible to obtain the eta at the airport in such a case hey thanks for your question we ll try and get an answer for you because it s quite a specific case but it must happen fairly frequently there will likely be special procedures in place and reports say it s possible to get an eta very quickly at the airport what about uk ex pats living in norway do they require this to visit back if they are still a british citizen question spanish nationality through residency british nationality renounced before spanish judge not recognised in the uk in spain now only spanish whereas in the uk apparently now a dual national the eta application asks whether you have an additional nationality does one say no and risk being accused of lying to the uk or say yes and risk problems with spain no doubt the staff of ryanair and easyjet will be unable to understand the new rules and are likely to deny boarding to some unfortunate travellers hi as a non eu indian nationality with german residence permit will we still need to apply for a uk visa tourism purpose or this eta is sufficient this i could not understand hi eta does not change the situation with regards to visas for the uk so if you previously needed a visa to visit the uk for short stays then that remains the case eta applies to people who previously benefited from visa free travel to the uk hi as a non eu indian nationality with german residence permit will we still need to apply for a uk visa tourism purpose or this eta is sufficient this i could not understand i tried to apply for an uk eta on 7 jan 2025 using a phone app on a iphone 16 and the app crashed at the payment screen hopefully this was a one time problem i will try again ina few days the article doesn t mention that this is only valid in case you don t need a visa to enter the uk if you need a visa you still have to apply and if you get it you don t need this the way it is worded here made me think that if you are a non eu citizen living in the eu you only need this which is not true if you need a visa to enter the uk hi as the article says if you have a visa for the uk or a residency permit eg uk settled status then you don t need an eta eta is a visa waiver so it doesn t apply to people who already have a visa for the uk the key point is that it s to do with the passport you re travelling on where you live and whether you have a residency permit for an eu country is not relevant the article does not say if non eu citizens who have a residence permit in a european country need to obtain this permit ex american citizen with residence permit in germany hiya the article has the line so even if you are living in the eu if you are a non eu national and don t have an eu passport you ll need an eta from january 8th so an eu residence permit doesn t make any difference you ll still need the eta,published 7 jan 2025 cet,7 jan 2025,2025-01-07
130,how austria s far right fpö is reshaping the country s political future,politics,0,NA,published 8 jan 2025 cet,8 jan 2025,2025-01-08
131,austria s chancellor says will step down in coming days,politics,0,NA,published 4 jan 2025 cet,4 jan 2025,2025-01-04
132,austria s coalition crumbles after neos party quits talks,politics,0,NA,published 3 jan 2025 cet,3 jan 2025,2025-01-03
133,eu universal charger rules come into force,tech,0,NA,published 28 dec 2024 cet,28 dec 2024,2024-12-28
134,how you can prepare for travel under europe s new ees and etias rules,travel news,14,very confusing clicked on link to more info i hit a paywall even though i subscribe to the local question will delays in processing your permesso prevent you from traveling or transiting through the eu during exit or enter or both no one seems to have definitive information and it s a crap shoot when planning for travel finally went to the eu site for etias ee 4 tabs open on browser and still tunneling no mention of problem with pending permesso as a british passport holder with an electronic permisso di siogorno do i have to go into the non eu queue at airports etc i wonder if the biometric checks required to obtain six month visas obviate the need for further ees registration at the border if so i also wonder how one avoids the inevitable queues at le shuttle i have both an irish and uk passport my wife and i own a holiday home in spain when using my irish passport to travel with my wife using her uk passport is she subject to the 90 day rule if she is not how does she claim exemption thanks i have the same issue as mary austen on her comment on 21 08 2024 does anyone have an answer you don t mention anywhere in this article what changes for swiss citizens switzerland is not a member of the eu and i checked and switzerland is also not a member of the eea does this mean swiss citizens will need to do ees or etias any time they enter an eu country hi thanks for your comment i ve added in a line and you can read more here about who is affected but swiss citizens and foreigners legally resident in switzerland will be exempt as a usa health care practitioner i have been fingerprinted a number of times in order to obtain my license frequently this has been difficult as i wash my hands many times per day i have also been told by police here that cosmetologists have similar difficulties with the fingerprint machine due to frequent handwashing the machine can t read the print so that one must go to a police station which uses a black ink pad this is quite messy speaking from experience what is the plan for us here i have a uk passport and a permesso di soggiorno elettronico this has enabled me to travel freely to my home in italy and travel around europe would i still have to apply for any of these cards what about those of us who have residency permits in italy with pending renewals note the delays in appointments to finalize renewals is take up to a year and a half for processing will the receipt for the renewal process serve as proof of that residency or are we liable to face refusals to board airplanes as a result this is good news and will make the process at border control quicker anyone got a ferry from calais to dover recently 🤦‍♂️ as an englishman now properly a french resident i feel lucky my residence card already has my biometric date happy to report it was quite painless and done at my local prefecture i look forward to seeing outraged of tunbridge wells and similar residents of albion savour their brexit freedom 😂 wouldn t these rules be abused as much as current rules what s wrong with a valid passport a visa the information and wherewithal for an untroubled visit is demanding fingerprints a presumption of criminality could these requirements lead to resentment of by visitors and hosts lots more to consider this is a very useful article it would also be helpful to know whether dual nationals travelling on an eu passport are exempt from etias this isn t mentioned above i am a dual national uk ireland so it would be very useful to have clarity on that aspect if i read this correctly and you explained correctly if someone enters eu beofre nov 9 but leaves later then they do not register coming in but will have to register when they leave correct what about children the process is the same for children the only difference is that under 18s will not have to pay the €7 fee for the etias visa waiver,published 19 aug 2024 cet,19 aug 2024,2024-08-19
135,inside austria is it really that important to sing the national anthem to become austrian,inside austria,0,NA,published 14 dec 2024 cet,14 dec 2024,2024-12-14
136,historic what full schengen membership for bulgaria and romania means for europe,politics,0,NA,published 11 dec 2024 cet,11 dec 2024,2024-12-11
137,the five best hidden ski resorts in austria,discover austria,1,it should be noted that both the ankogel and möltaller ski areas rely on reliable transport links from salzburgerland the main route through the hohe tauren mountain range is the car train service between böckstein and mallnitz worryingly this tunnel will be closed for 8 months from november 2024 for planned maintenance putting the finances of the ankogel ski area under severe strain coupled with the ongoing road tunnel repairs on the a10 between golling and werfen accessing some of austria s well known and not so well known resorts will require a lot of patience and determination during the next two ski seasons that is a really good point and a great idea for a story we will look into it thank you,published 21 dec 2023 cet,21 dec 2023,2023-12-21
138,compared the best and worst train operators in europe,travel news,2,there are some valid points in the analysis but the overall ranking is worthless clickbait eurostar gets 0 points for night trains but they only run high speed trains and nowhere runs those at night snälltåget only gets 6 10 for night trains yet most of their routes are night trains they ran low because they re a small company and large companies have more routes i haven t used deutsche bahn but i ve heard how disastrous it is sj and deutsche bahn must have a really hard competition over who s the worst so far i ve used sj some 12 times mainly for going from gothenburg to stockholm and back and almost always it has disappointed me so far it has been exactly on time 0 times about 8 times i ve had over two hours delay 3 times of which has been over four hours with all kind of weird things happening from train completely breaking to rail and signal failure to window glass smashing in the passengers face for some unknown reasons i don t know maybe i m very unlucky otherwise it s a shame for a first world country with such a high tax to have such a poor railways,published 9 dec 2024 cet,9 dec 2024,2024-12-09
139,11 christmas gift ideas to stay connected with friends and family back home,christmas,0,NA,published 7 dec 2024 cet,7 dec 2024,2024-12-07
140,opinion your personality changes when you speak another language but that s not always a bad thing,languages,12,i was brought up speaking three languages but was born in the uk but lived mainly in spain and french speaking switzerland and i spoke all three languages like a native my friends always say i come alive when i speak spanish and i also know that i feel much more expressive and that there are words in in spanish which simply don t exist in english i am english but have learned french at various times i do feel i have a different personality in french french for me is for happy and less emotional things it is all about leisure and love of culture and language to me my competency varies greatly depending on my mood and the topic and my preparation for it i would say that in general i have to be prepared to speak french and sometimes i can t do so french is for the good times i am much more direct and forthright in french than in my native english that english sense of reserve vanishes particularly when i am in a stressful situation e g being stuck in the gare du nord late at night and i can be as straightforward some might say rude as any anxious parisian in english i revert to the standard language of taking the blame for someone else s bad behaviour oh dear sorry you let that door go in my face it s so freeing to speak french me swedish and my english husband lived in france for a few years where i learned french to an ok conversation level french we now live in sweden and for a period my husband was pestered by bitcoin sellers for a while they phoned around 3 times per evening all different callers as i m sure you understand we were quite fed up with it one evening i asked my husband to give me the phone when it rang i answered in what i find typical french allo can i speak to mr page please aucun mr page ici oh do you speak english no vous parlez français no ok er good bye i hung up done easy in swedish persona i usually start explaining why we are not interested it just prolonges the conversation which is very frustrating in english i have something urgent going on and must hang up polite but not playing however one day an american woman not a lady rang who did speak french oooups anyway i could tell i spoke it better so on y vas she started about bitcoin and i said not interested she started to give her spiel and i said look not interested she then did the big mistake of saying madame you don t understand entrance my french persona i told her i understand perfectly however i have no interest in talking to an impolite woman who rudly phones in the evening adieu bang down the phone oh the feeling i felt wonderful the satisfaction of not taking any s t feeling 10ft tall standing strait like a queen who just gave the order head off so yes i really do believe your personality changes with the language yours humble anna page i am a 74 year old male i have been bilingual american english italian since childhood i am begining to have age related memory loss the interesting thing is that when i struggle to find a word while speaking english i often remember the word in italian this also happens in the other direction but less often i live in piemonte where people perceive and describe themselves as reserved although i have most often experienced them as welcoming and helpful when i speak italian in my daily life english speakers are rare in this small city i feel a certain expansiveness and sense of community i feel that i belong here and it s a good feeling my mother tongue is english and my second language is french i am not able to express myself as well when i am speaking french i am usually searching for approval from the other person most of the time hoping they can understand what i am saying i m definitely more confident when i am speaking english as for the written word i read more slowly in french so i read every word and i extract more meaning from each and every sentence with the help of an online dictionary in france i am obliged to use my maiden name for my driving licence and phone contracts this is for me an unwelcome imposition and brings the childhood back which i thought i had put behind me it is also the reason i will not apply for french citizenship as it is based on who my parents were their marriage status etc i would like to think my personality is the same whatever language i speak but the social norms are not always the same and require adjustment i ve taught esl and spanish and lived in latin america and now in paris it s clear to me that we re not the same person when speaking another language thanks for this article at school we had an abysmal french teacher who just could not enthuse us in learning that language but i started learning much later in life by going to night school and chatting with locals in bars when on holiday i never became fully proficient in that language but it gave me an idea how the french thought and if make a mess of it the locals were happy to assist me which i found a helpful and refreshing attitude howdy i gesticulate with hands and arms when speaking french more than when speaking english hi pretty much true most things you have said my mother tongue is english and i am learning italian i feel more comfortable complete more connected with my emotions when speaking italian where as when speaking in english tend to cut off emotionally love italian,published 6 dec 2024 cet,6 dec 2024,2024-12-06
141,latest eu reveals how ees biometric border checks will be phased in,travel news,0,NA,published 6 dec 2024 cet,6 dec 2024,2024-12-06
142,europe set to allow more wolf hunting after protection status lowered,wildlife,1,this sounds about right kill the wildlife instead of protecting the livestock ignorant fools it s all about money,published 3 dec 2024 cet,3 dec 2024,2024-12-03
143,schulpflicht how austria pioneered mandatory schooling for all,education,0,NA,published 6 sep 2023 cet,6 sep 2023,2023-09-06
144,explained why isn t austria in nato,war in ukraine,0,NA,published 4 mar 2022 cet,4 mar 2022,2022-03-04
145,trump and immigration the eu s demanding list of challenges for 2025,european union,0,NA,published 28 nov 2024 cet,28 nov 2024,2024-11-28
146,will donald trump really ease the tax problems of americans in europe,politics,2,i pay 5000 sek a year to file taxes in the us but never need to pay anything to the us government i also meticulously invest in non us stocks only which is a huge burden to manage my own portfolio compared to just investing in a fund i have friends that live abroad and prefer to not file taxes in the us because the filing cost is too high for their income ending cbt would benefit all overseas citizens and decrease the burden on the irs to review filings which they will never be able to collect on this only hurts international tax preparers who could easily shift to finding clients residing in the us i hope this legislation is seriously considered as my children will also benefit once they reach adulthood he s lying,published 22 nov 2024 cet,22 nov 2024,2024-11-22
147,eu in new push to make european train travel easier with single ticket plan,travel news,2,drivers also need to know multiple languages at a b1 level do what airline s did a long time ago and standardize english as the language of travel required to operate without the option to buy a single ticket for the entire trip booking gets complicated passenger rights do not apply if connections are missed and travellers are left to cover extra costs on their own this is not completely correct take a look to ajc agreement which most important european train platforms have signed,published 11 nov 2024 cet,11 nov 2024,2024-11-11
148,opinion trump s win spells crisis for europe but it could save the eu,politics,18,sir in place of your lengthy tanrum you could have attempted an accurate and fairminded account of the united states and our incoming president that might have required some work on your part your article not only highlights your journalistic laziness but underlines your ignorance about america the future will show that donald trump was not only a great president but will show him to have been a great man this is pathetic if i read another article like this i ll be cancelling my subscription you could have summarized this terrible article with a simple crying emoji why wasn t my comment published are there hundreds of comments here making the moderating task difficult i have spent time and effort in order to contribute to this platform it s not as if x doesn t exist for a true discussion hi i can t see a previous comment from this email address so i m not sure why perhaps it didn t save frank g below as a brit as well as a tax paying citizen of usa i am grateful for your comment it was a relief to read it disturbed but not surprised to read the posts i was unable to find words to respond to m a g a i refuse to capitalise perspective here in france a country that is committed to its citizens needs for medical care education recreation and has made abortion a constitutional right thank you m macron and yes we need a strong eu the maga commenters below are in no way representative of the american electorate as a whole donald trump represents a clear and present danger to world wide security the eu must stand strong in the face of tyranny we need the eu to stand strong after 1 2 of our ignorant electorate chose an authoritarian lunatic trump winning is great news the writer and other comments clearly only go by what they hear on the news trump was president for 4 years and it worked out pretty good for the us and the rest of the world if eu is mad that they have to pay their nato bill suck it up those of us who live in the us have had to endure the most incompetent administration in my lifetime and i m 60 you can complain all you want but you will be happily cashing your checks living a better life of prosperity and peace while you do have i read below he is the protector of democracy only if he wins obviously this is laughable criticism is not about his economic policy americans have of course the right to choose the economic model they consider best for themself it will be good mostly for billionaires like him not for the average voter though but it is sad that most americans want a leader which is a compulsive liar convicted felon and clearly a racist and misogynist person great role model anna seriously where have you been the last 4 years biden administration destroyed america it s people and actively puports it s brainwashed and continually continues war i read this article and realize it is strictly opinion however it is completely out of touch with reality of what a trump victory means on the world scale while you say this is a bad time for this kind of leader from the u s can you imagine what the alternative would ve been it is laughable as misguided this article is i will defend your right to speak your mind unlike the other side of the aisle i welcome all opinions diplomacy by gangsterism well said i despair for the people of ukraine and for the planet trump s victory is a triumph for the politics of fear suspicion and selfishness this is an incredibly biased and ill informed article attacking president trump it s time for europe to pay for their own defense and stop relying on the american taxpayer nato is a throw back to when europe was weak and rebuilding that is no longer the case it will be a bitter pill for europeans to swallow but many of their social programs decades old will have to be eliminated or reduced to pay for their own military force american taxpayers should not be required to fund the defense of europe america has its own set of problems that need to be addressed first this opinion piece should be taken as pure uninformed opinion donald trump is the protector of democracy and with his team he will downsize government improve efficiency spending create jobs in the us in manufacturing reduce reliance on strategic imports reduce cost of fuels and let innovation thrive in the usa he will follow the money as he did with his first presidency to keep iran in check and end conflicts in our world wow john lichfield certainly has an extreme left wing view i think he s way out of touch with the american people in fairness i d suggest that you run a story that gives the opposite point of view obviously the majority of the american people don t agree with mr lichfield s opinion i think the coming year will prove him totally wrong and germany s position with the us will be as strong as ever excellent commentary,published 6 nov 2024 cet,6 nov 2024,2024-11-06
149,the new flight destinations from austrian airports this winter,travel news,0,NA,published 4 nov 2024 cet,4 nov 2024,2024-11-04
150,unique challenges kamala harris vows to help americans in europe,americans in europe,1,there is only one way to help ms harris abolish the us horrendous system of citizenship based taxation and join the entire rest of the world in using a system of residency based taxation taxation and banking problem for us citizens abroad solved immediately,published 4 nov 2024 cet,4 nov 2024,2024-11-04
151,when will vienna s christmas markets open this year,discover austria,0,NA,published 7 oct 2024 cet,7 oct 2024,2024-10-07
152,opinion europe s open borders are precious but they are under threat,politics,4,illegal migrants shouldn t be in the eu that s not a radical concept to me what are the brexit lies you write about if anything more countries are seeing how corrupt the system is what brexiteir lies are you referring too kindly define otherwise don t print the statement very good and informative article thank you,published 23 oct 2024 cet,23 oct 2024,2024-10-23
153,whatever happened to the eu s plan to stop changing the clocks,european union,10,do people forget the constant anti austerity demonstrations from 2009 until covid the eu is a totally undemocratic liberal institution as if this is the first time they ignored a vote oligarchy indeed another good example that the current democracy does not work peoples will clearly and democratic demonstrated is ignored when any other politically stronger position does not agree why ask then i thought it was introduced to help farmers tend to their livestock in more daylight but even that would be irrelevant now as the wef and globalist elite want us to stop eating animal produce and eat plants and bugs to save the planet everyone except them of course 🙂 yes i remember we used to have 6 months of summer time but the uk had 7 months so for one month each year the uk had the same time as on the conteninent this was confusing for international time tables and so on eventually the rest of the eu of which the uk was a member then decided to adopt the british practice personally i m very much in favour of changing the clocks as it s so much nicer to have longer day light during summer time the uk still follows this time change please correct what happened to permanent dst in uk is that the papers mendaciously described each child road death in the morning as a wilful act of the wilson labour government and omitted to mention that child road deaths in the evening had fallen by substantially more than they had risen in the morning ie they were reduced an early lesson in politics it is only half true to say that the uk and ireland introduced dst in 1972 they retained it after the war but in 1968 began an experiment to keep the clocks permanently on gmt+1 the clocks went forward in spring 1968 and stayed there this was abandoned in 1971 and so the clocks went back in autumn of that year in spring 1972 the clocks went forward again as they had done for decades seemingly politicians can t resist the canute like temptation to pass laws telling the sun when to rise changing our clocks twice per year is one of the more ridiculous undertakings we engage in we should all just stop and remain on standard time and permanent dst is really just changing the time zone in my case california would be changing from the pacific to the mountain time zone and that is just as ridiculous the time zones were determined so that noon mid day would be approximately the middle of the day and midnight the middle of the night wherever one may be firstly the end of march to end of september is seven months not six i sometimes wonder why don t we go on to summer time in february as there s just as much daylight then as there is in october secondly my parents spoke of something called double summer time during the peak summers of world war 2 in uk i m too young to know but i certainly remember dst in the sixties i believe we tried to stay on dst in 1972 maybe 1973 as well and didn t like it well it was a different world back then in 2019 when the eu had the leisure to debate unimportant things,published 24 oct 2024 cet,24 oct 2024,2024-10-24
154,launch of europe s new ees border system officially delayed again,travel news,1,when it will be ready great question no one knows at the moment but we will keep our website updated with all the latest,published 10 oct 2024 cet,10 oct 2024,2024-10-10
155,eu unveils plans to make passports and ids digital for schengen travel,travel news,1,i personally don t understand this type of improvemenents why we same way can t tap biometric passports how type of carrier might speed up the process i feel that most of ideas like these is just to be modern as modern is trendy,published 10 oct 2024 cet,10 oct 2024,2024-10-10
156,explained why the eu and china could be heading for a major trade war,european union,0,NA,published 4 oct 2024 cet,4 oct 2024,2024-10-04
157,what we know about the bomb threats disrupting austrian train stations,crime,0,NA,published 3 oct 2024 cet,3 oct 2024,2024-10-03
158,next steps when will austria get a new chancellor,politics,0,NA,published 2 oct 2024 cet,2 oct 2024,2024-10-02
159,far right s election win raises fears among austria s jewish community,politics,2,the fpo won the most votes of any party if the other parties don t want to go into coalition with them then the fpo should govern on their own the other parties by not cooperating with the fpo and ignoring the wishes of the electorate are demonstrating their non democratic credentials despite the fpö win deutsch noted that over 71 percent of voters chose parties that explicitly oppose the far right party s participation in government i m having trouble squaring this statement if 71 did not vote for fpö then how did they win was the election rigged or something someone please explain because this seems like a serious issue to me a new austrian citizen hi this can be confusing especially if you are not originally from a country with some form of parliament system i m not sure if that is your case the fpö is considered to have won because they were the party that got the most votes even if they didn t reach a majority they received almost 29 percent of the votes and will get an equivalent amount of chairs in the national council austria s parliament they are also considered to have had a big victory because of how many more votes and seats they received in comparison to the previous election in austria s recent history there has never been a party that won more than 50 percent of the votes in the federal level so we have coalition governments the reason why the winner fpö needs to try and make a coalition with other parties is so that they can get a majority in parliament this is why we say they won despite them getting only 29 percent of the eligible votes in the case of these elections all other parties had previously condemned the fpö or its leader as extremists and said they wouldn t form a coalition with them this is why deutsch said that 71 percent of the voters chose parties that opposed the fpö does that make sense let me know if that explains it thanks,published 1 oct 2024 cet,1 oct 2024,2024-10-01
160,we ve made history austria s far right seals historic election win,politics,0,NA,published 29 sep 2024 cet,29 sep 2024,2024-09-29
161,launch of eu s border system could be delayed again to avoid travel chaos,travel news,1,i rarely if ever get involved in these matters but this time i can t help myself what problem is this specifically targeting is it aimed at stopping people from exceeding the 90 day rule on overstays i haven t seen the statistics so i can t measure how serious this is are they targeting the honest tourist who want to spend a bit mor time exploring europe or the british second home owners who want to winter at their house on the riviera these people aren t using public services and are probably contributing to the local economies and if they are working it is probably in service jobs that the locals don t want or can t otherwise be filled billions of euro have been spent on a system that does nothing to address the real problem of mass illegal immigration to europe and will only result in added cost to millions of law abiding travelled and to the travel industry as a whole,published 28 sep 2024 cet,28 sep 2024,2024-09-28
162,the eu is in barbieland and becoming more xenophobic new report warns,politics,0,NA,published 25 sep 2024 cet,25 sep 2024,2024-09-25
163,inside austria floods elections and the centre right s embarrassing moment this week,elections,0,NA,published 21 sep 2024 cet,21 sep 2024,2024-09-21
164,revealed thousands of britons still moving to eu countries despite brexit,residency permits,0,NA,published 20 sep 2024 cet,20 sep 2024,2024-09-20
165,shift to the right how european nations are tightening migration policies,immigration,1,seems like a clear distinction is needed between skilled labor migration and asylum migration and that s the problem,published 19 sep 2024 cet,19 sep 2024,2024-09-19
166,why tens of thousands of austrians are leaving the catholic church,living in austria,0,NA,published 19 sep 2024 cet,19 sep 2024,2024-09-19
167,how austria plans to prevent future catastrophic floods,floods,0,NA,published 18 sep 2024 cet,18 sep 2024,2024-09-18
168,eu shifts right as new team of commissioners unveiled,european union,0,NA,published 17 sep 2024 cet,17 sep 2024,2024-09-17
169,floods in austria the latest news and weather warnings you need to know,weather,0,NA,published 16 sep 2024 cet,16 sep 2024,2024-09-16
170,how germany s increased border checks will affect travel from neighbouring countries,travel news,0,NA,published 10 sep 2024 cet,10 sep 2024,2024-09-10
171,in pictures how devastating floods turned austria into a disaster zone,floods,0,NA,published 15 sep 2024 cet,15 sep 2024,2024-09-15
172,unprecedented situation austria hit by torrential rain and floods,weather,0,NA,published 15 sep 2024 cet,15 sep 2024,2024-09-15
173,how austria s tyrol region plans to hike tax on tourists,tourism,0,NA,published 3 sep 2024 cet,3 sep 2024,2024-09-03
174,what would a far right fpö led government mean for austria,politics,0,NA,published 21 aug 2024 cet,21 aug 2024,2024-08-21
175,rise in naturalisations who are the new austrian citizens,austrian citizenship,1,i am part of this group my mother then my children and i received austrian citizenship under the nazi persecution 58c rule in the past year my mother was born in austria and fled as a young child but my kids and i were born in the us now we are learning to speak german in order to better integrate and plan to move the family to austria in the not too distant future soon after my youngest finishes high school in the us i am looking forward to the end of our family exile thank you for sharing your story if we can help you with the not too distant move please let us know if you have any questions about life in austria moving here working here universities please send me an email amanda previdelli thelocal com we will try and answer them all,published 22 aug 2024 cet,22 aug 2024,2024-08-22
176,swift says filled with fear guilt after vienna terror threat,terrorism,0,NA,published 22 aug 2024 cet,22 aug 2024,2024-08-22
177,ees and etias prepare for the major travel changes in europe,travel news,24,i have a uk passport and a french id would i need to show both to be exempted so the eu now say we the traveller will process our own documents rather than the border force doing it and also charge the traveller for the privilege of doing so it also doesn t say where the data is to be held and how secure it is only that it is held for 3 years we get a vls t visa each year and stay for 3 months plus we stay 3 months on the schengen allowance we return between these two stays for health reasons when we apply for the visa annually we have to present photocopies of our passports showing all stamps etc my question is given that passports will not be stamped should we assume that the visa agency has access to these digital records and if so as a supplementary where can i have access to these if i need to challenge errors and still no confirmation or detail of the specific questions that will be asked on the etias application form how will this impact upon holders of a schengen visa i am retired british married to an italian resident aire in london where we have our main residence we don t want to spend more than 183 days a year with relations in italy but do want to be able to spend more than 90 days in 180 around europe if we want to does anyone have any idea on this or who to ask the london consulate doesn t seem to know it seems a catch 22 that you have to become resident in italy even to visit for 30 days if you spend 60 days elsewhere in europe what if you are not an eu resident but you do hold an eu passport hi eu citizens are exempt from ees where they live is irrelevant it s the passport they are travelling on that counts i travel to france via amsterdam with my 14 year old nephew i have a carte de sejour for france and he has to get his passport stamped as he lives in the uk do we separate and go through different controls my logic says to take him with me and sort it out with a person with the control i would use as for everyone else the queues are long during school holidays so we can t queue twice we actually would miss the flight how will ees and etias affect someone like me who has a carte de sejour when traveling direct from uk to an eu country other than france which gate automatic or manned i m not sure how those who hold either eu passports or residency visas parked twelve or more hours back in the queue would be able to circumvent the delay though so how does that impact holders of residency within an eu country travelling within the eu for instance i m a uk citizen and hold residency status in italy under the brexit arrangements if i choose to travel to from italy by rail how does that work will i have the faff inconvenience and expense of having to get an etias because i am transiting france then will i have to get a french exit when i cross into italy how any information on how this will affect military nato personnel than normally use a government official passport or diplomatic passport service members use an id card thank you carlos reyes so why are the xenophobic morons in norway s udi advising foreigners with documented citizens rights to reside in norway not to travel abroad without a new residency permit why haven t norway invested in adequate admin resources to process applications in a timely manner with some reason beyond our shit nordic system and wank stain attitude says no the posilsibilities are very limited between gross incompetence to we trolls really don t care about humans weirdos regardless margs if you have dual citizenship isn t the worst thing that can happen that you would have to explain yourself to a human i typically leave uk enter eu on my eu passport and leave eu enter uk on my uk passport and once the people checking when leaving eu asked if i had permission to stay in the eu because the blurry exit stamp in my uk passport from 9 months earlier was hard to distinguish from an entry stamp so do i understand that someone in legal possession of both a uk and an eu passport and resident in the uk can exit uk on the uk passport and enter the eu on the eu passport and vice versa on returning bruce nato soldiers and government civilians always use both passports when travelling we use our tourist passports when travelling anywhere else except where we are stationed or on official duty for me that s germany i use my official passport to re enter germany because that s the one my sofa visa is in it is confusing and causes issues all the time they always want to see a stamp and there often isn t one and despite showing them the visa allowing me unrestricted access to and from germany there is usually a delay and a more experienced border agent required or a simple wave of a military id is sufficient to pass this new electronic system will cause all sorts of grief for us since the visa is a stamp and not an electronic version i have a 1 year visa in france and want to stay longer we figured that we would leave after that 1 year fly or drive to a non schengen country like croatia and then drive back to italy with what i think would be a 90 tourist visa do you see any flaws in this process to end a visa and start a 90 day tourist stay back to back question exactly when are these new measures going to be rolled out next year do you we have a specific date it says above we arrived in italy on oct 6th with our uk passports and were directed by a border guard who was checking for eplf s to the biometric electric gates we scanned through and walked out the airport without a stamp on our passports no person at a desk beyond these gates as we ve heard of previously yesterday we received a generic email from ukgov saying that it is the individual travellers responsibility to seek out a stamp for our passports on arrival if we don t and cannot prove our arrival date using a copy of boarding pass etc it will be assumed by italian border control that we have overstayed then we get a black mark and all the problems that will cause when trying to visit our second home in the future anyone else have thoughts experience on the above and then add in schengen non schengen it invariably becomes even more complicated if you have dual passport eg u k n z if you make 1 journey from the u k on 1 passport return journey to france then the 2nd journey on your nz passport return journey to say italy would the system match the names being the same on separate passports or is it just passport numbers i guess time will tell i am in the same position with uk and usa passports am required to enter and leave usa on american passport which given airline visa enforcement means embarking for usa from wherever on usa passport obvs is more convenient to enter and leave uk on uk passport so if i travel to second home in italy intending to travel onward to usa which passport do i use to exit uk easy to see how this could become tricky i live full time in france and have a carte de sejour permanent issued under the brexit withdrawal agreement if i flew on holiday to another eu country such as greece or italy from a uk airport would i have to go through the new ees system or would i just show my french resident permit to the greek italian border guard to prove to them that the 90 day limit does not apply to me and therefore i don t need to go through the ees process paul this is worrying because outside of our eu country of residence you france me germany the 90 180 day rules do appy to us if we arrive from outside the schengen zone into our eu country of residence we are ok but into any other schengen country we will be treated like any other toursit unless we can find a human to show our resident permit to and hopefully get them to agree to waive us in i live on the de ch border and fly often from zürich so technically when i arrive in zürich my 90 180 clock starts even though i transit direct home to germany check out this helpful article although it requires not using the egates and finding a helpful border guard can someone explain it to me how to understand this citizens of many non eu countries including the uk the usa canada australia and new zealand can spend up to 90 days in every 180 in the eu or schengen zone without needing a visa the so called 90 day rule my understanding i can stay for 3 months during in 6 months period otherwise 3 months in italy and go non eu country closest is uk stay there 3 moths and come back again to france stay there for 3 minths without visa or wait till passes 6 months and then only can return to eu what about that people used to say i stayed 6 months in france and then 6 months in us just don t understand these rules it s keep changing thank you in advance this rule has been in place for a very long time the best way to look at it is take a 180 day sliding window and you cannot be in the eu for more than 90 of those days in your example with italy if you stayed the 90 days and left then went to the uk for 90 days you could then come back for 1 day for each day you delayed returning your stay could be 1 day longer until you have been out of the eu for the full 180 days which means you could come back for 90 days if someone stayed in france for 6 months it was either a very long time ago or obtained a visa with a different status ie student etc almost certainly the standardization of passports that started around the 1990 was about more than just making them work in border passport scanners worldwide it was about national governments sharing passport information for security purposes there s a very good chance that the nation within which your friend wants to live all year will be well aware of their dual nationalities i have a friend with two non eu passports who wonders if it would be possible to use these to avoid being restricted to only being able to stay in the eu up to 180 days a year would the new technology have the ability to scan for those people with more than one passport i assume your friend would trigger the system when trying to exit with a passport that was never recognized as having entered the country you would set off alarms bells for sure,published 10 nov 2021 cet,10 nov 2021,2021-11-10
178,europe s new ees biometric passport system to launch in november,travel news,5,hi emma we will be on a long stay visa will we need to go through the ees passport check hi sue no residents of an eu country on a long stay visa or carte de séjour residency card are exempt full details here for the past few years upon entering italy at fiumicino airport my passport and biometrics have been checked electronically i am assuming authorities have all my entry exit information already is that not the case i hope tihs inclueds the illagel imigrunt in northern france otherwise this racisum how will travelers who are already in france before the ees system begins but leaving france after it is operational be affected will we have to register upon departure by kiosk or by in person border agent thank you yes the pre registration is done the first time you cross an eu schengen external border whether you are entering or exiting the eu italy s delays in processing permesso renewals have left many to travel through the eu most airline connections occur there from the usa without that document and with only the receipt for the application wondering if it will become problem for travelers after nov 1 my own appointment for renewal was scheduled 1 1 2 years from the date of my application a date mid year 2025 that s 7 months of uncertainty would be helpful if italy made a formal agreement with the eu any news on this,published 18 aug 2024 cet,18 aug 2024,2024-08-18
179,europe warned to prepare for mpox as pakistan reports first case,health,0,NA,published 17 aug 2024 cet,17 aug 2024,2024-08-17
180,eu health agency urges member states to prepare for more mpox cases,health,0,NA,published 16 aug 2024 cet,16 aug 2024,2024-08-16
181,who warns more mpox expected in europe over the coming days or weeks,health,0,NA,published 16 aug 2024 cet,16 aug 2024,2024-08-16
182,opinion unfair tax policies for americans abroad must change,taxes,4,i agree with jack you have the freedom to choose where you live you are paying for the privilege decide where you live and follow the rules the us forms are clear concise and easy to complete no need to pay anyone to do it for you the franco american tax treaty provides very favourable terms for us citizens in france with us pensions and investment income fully exempt from french taxation no need to change it at all i renounced years ago to be able to avoid us taxation without representation it was awful and i m so glad it s over it s not that hard or that tedious and the us provides credit for the foreign tax paid it s really not that hard americans who don t like filing us taxes can always rescind their us citizenship and then as andrew henderson says go where you are treated best watch the nomad capitalist to learn more,published 9 aug 2024 cet,9 aug 2024,2024-08-09
183,taylor swift vienna concerts what we know about the terror threat,crime,0,NA,published 8 aug 2024 cet,8 aug 2024,2024-08-08
184,taylor swift s vienna shows cancelled after terror plot arrest,vienna,0,NA,published 7 aug 2024 cet,7 aug 2024,2024-08-07
185,grocery shopping in austria how much could you save by switching chains,cost of living,0,NA,published 25 sep 2023 cet,25 sep 2023,2023-09-25
186,climate crisis heat claims 175 000 lives a year in europe,weather,0,NA,published 2 aug 2024 cet,2 aug 2024,2024-08-02
187,uk government says it is not ready for new european passport control system,travel news,1,once again the british want yet another exception unacceptable,published 29 jul 2024 cet,29 jul 2024,2024-07-29
188,flights resume after global it crash wreaks havoc,travel news,1,eurowings are worst we are still stuck in milan after our flights to cologne on friday and düsseldorf today were cancelled,published 21 jul 2024 cet,21 jul 2024,2024-07-21
189,in detail who is exempt from europe s ees passport checks,travel news,0,NA,published 18 jul 2024 cet,18 jul 2024,2024-07-18
190,air passengers in limbo as global it crash grounds flights,travel news,0,NA,published 20 jul 2024 cet,20 jul 2024,2024-07-20
191,european travel services hit by major global it glitch,travel news,0,NA,published 19 jul 2024 cet,19 jul 2024,2024-07-19
192,eu chief von der leyen wins second term,politics,0,NA,published 18 jul 2024 cet,18 jul 2024,2024-07-18
193,is start date for ees biometric passport checks set to be delayed again,travel news,0,NA,published 17 jul 2024 cet,17 jul 2024,2024-07-17
194,delays ahead as austria s western train route partially closes,transport news,0,NA,published 15 jul 2024 cet,15 jul 2024,2024-07-15
195,europe s drinking water contaminated by forever chemical ngos warn,environment,2,this seems scary and hope there are immediate measures to address this issue which countries was test can you tell us,published 10 jul 2024 cet,10 jul 2024,2024-07-10
196,what labour s uk election win could mean for brits in europe,brexit,0,NA,published 5 jul 2024 cet,5 jul 2024,2024-07-05
197,it s time to reset britain s relations with europe says uk foreign secretary,politics,3,lammy should be sacked asap and the uk do a trade deal with america exitbrexit the house of common chaps have realised the errors of their ways david lammy i cant stop laughing how embarasssing,published 7 jul 2024 cet,7 jul 2024,2024-07-07
198,paris night trains to berlin and vienna suspended for summer works,travel news,0,NA,published 27 jun 2024 cet,27 jun 2024,2024-06-27
199,what s the environmental fee lufthansa austrian and swiss airlines will charge you,travel news,0,NA,published 26 jun 2024 cet,26 jun 2024,2024-06-26
200,austrian ex minister exiled in russia denies she is kremlin agent,politics,0,NA,published 26 jun 2024 cet,26 jun 2024,2024-06-26
201,new sleeper train for skiers set to connect austrian alps with the uk,travel news,0,NA,published 19 jun 2024 cet,19 jun 2024,2024-06-19
202,deadline day what brits in europe can do to make sure they vote in uk election,elections,0,NA,published 18 jun 2024 cet,18 jun 2024,2024-06-18
203,laughing stock of europe what s the new crisis to hit austria s coalition government,politics,0,NA,published 17 jun 2024 cet,17 jun 2024,2024-06-17
204,tinder for jobs eu s new job scheme for non eu workers moves step closer,work permits,0,NA,published 14 jun 2024 cet,14 jun 2024,2024-06-14
205,austrias far right demands an eu remigration commissioner,politics,0,NA,published 12 jun 2024 cet,12 jun 2024,2024-06-12
206,austria announces national election date with far right ahead in polls,politics,0,NA,published 12 jun 2024 cet,12 jun 2024,2024-06-12
207,european elections what happens next in brussels after shock results,2024 european elections,0,NA,published 10 jun 2024 cet,10 jun 2024,2024-06-10
208,what we learned from the european elections across europe,politics,0,NA,published 10 jun 2024 cet,10 jun 2024,2024-06-10
209,european elections results centre holds but far right makes gains,politics,0,NA,published 9 jun 2024 cet,9 jun 2024,2024-06-09
210,eu votes as far right eyes gains,2024 european elections,0,NA,published 9 jun 2024 cet,9 jun 2024,2024-06-09
211,how do the 2024 european elections work and when will we know the results,2024 european elections,1,thank you very helpful,published 6 jun 2024 cet,6 jun 2024,2024-06-06
212,free roaming and flight compensation how the eu has changed your life,european union,2,the correction hasn t yet been made it still says that teuer means cheap when it s actually the opposite probably the same root as dear which is used in the uk as a synonym for expensive teuer in german means expensive cheap as you wrote here means billig or günstig in german what you probably wanted to convey is a common observation in germany that most everyday goods became more expensive upon the introduction of the euro thanks for pointing out corrected now,published 7 jun 2024 cet,7 jun 2024,2024-06-07
213,the key deadlines brits in europe need to know to vote in the uk election,brits in austria,0,NA,published 4 jun 2024 cet,4 jun 2024,2024-06-04
214,cost for getting a short stay schengen visa to rise on june 11th,travel news,0,NA,published 4 jun 2024 cet,4 jun 2024,2024-06-04
215,10 things you should know about the european parliamentary elections,politics,0,NA,published 30 may 2024 cet,30 may 2024,2024-05-30
216,police search european parliament over possible russian meddling,european union,0,NA,published 29 may 2024 cet,29 may 2024,2024-05-29
217,how europe s new ees border checks will impact flight passengers,travel news,4,my wife and son are german but i am british will we need to split up at border control in future the first time you cross an eu schengen external border after the introduction of ees you will have to complete ees pre registration but your wife and son will not exactly where you do that pre registration depends on how you are travelling eg plane ferry eurostar for subsequent trips you can cross the border in the same way as you do now as your passport will be linked to the biometric information you have provided hi how will this affect travellers who have successfully obtained a schengen visa e g thai nationals thanks alan hi if you have the short stay schengen visa for stays of up to 90 days you will have to complete ees pre registration before travelling the first time anyone who has a long stay visa or residency card is exempt from ees registration hope this helps how will this system be implemented for cruises i would be a us to eu cruiser what about dual citizens i m a us new york resident citizen with dual citizenship in austria how do i travel hi dual citizens if you have a citizenship from an eu schengen country are exempt from ees more details here,published 28 may 2024 cet,28 may 2024,2024-05-28
218,how brits living in europe can register to vote for uk election,brits in europe,1,i am registered to vote in my se london constituency by post but for the last 3 elections have not received my postal voting forms in time to vote the situation is worse since brexit as you have to declare sending documents and they can be delayed by customs on return i suspect the conservative brexit b $ ds knew this when they allowed uk citizens who left >15 years ago to vote now that my precious eu citizenship and freedom of movement have been stolen by the ignorant xenophobic and brainwashed british public l feel completely disenfranchised,published 12 jan 2024 cet,12 jan 2024,2024-01-12
219,ees when will europe s new passport system be launched,european union,2,as a dual national i leave and enter the uk on my british passport but enter and leave the eu on my italian passport will that still work with the new system i am a uk resident with a second home in italy hi rossana this article should answer your question hi you can find more detail in exactly how the system will work here already operational at milan malpensa the problem is that only 2 machines out of 5 are ever working at a time now that they are herding american and uk arrivals into a separate line our wait is rarely less than 1 hour 1 75 hours on april 3 meanwhile italian citizens and all other nationalities sail through nothing like making your legal foreign residents who by the way do pay taxes feel welcome,published 26 apr 2024 cet,26 apr 2024,2024-04-26
220,border centres and safe states eu gives go ahead to major asylum changes,immigration,3,asylum created after ww2 was never meant to be a scam allowing migrants to pick whichever country they want to and move there if anything each continent or region should take care of their own refugees not all of them coming to europe from countries thousands of miles away it s about time we get sensible migration reform seeking asylum should involve finding the closest safe country not one s country of choice so at last they might do something i doubt it though as they are plain useless a bit late also,published 8 apr 2024 cet,8 apr 2024,2024-04-08
221,eu countries to extend range of offences foreign drivers can be fined for,driving,0,NA,published 13 may 2024 cet,13 may 2024,2024-05-13
222,german italian and austrian presidents make joint call for strong europe,politics,0,NA,published 13 may 2024 cet,13 may 2024,2024-05-13
223,european elections the 5 numbers you need to understand the eu,politics,2,welsh so it was just a bad dream i had brexit never happened is welsh still spoken in the eu maybe apart from tourists,published 9 may 2024 cet,9 may 2024,2024-05-09
224,how will the new app for europe s ees border system work,travel news,2,i m a usa citizen i would like to know if the ees will link to the usa global entry program all the biometric data has already been collected for people enrolled in that program thank you it seems like this is very similar to the global entry system that the united states uses we have found it to be incredibly easy to use,published 7 may 2024 cet,7 may 2024,2024-05-07
225,from swexit to frexit how europe s far right parties have ditched plans to leave eu,politics,0,NA,published 6 may 2024 cet,6 may 2024,2024-05-06
226,ees border checks could undergo soft launch uk says as app concerns mount,travel news,0,NA,published 4 may 2024 cet,4 may 2024,2024-05-04
227,how do the eu s new ees passport checks affect the 90 day rule,eu,2,the 90 180 day regulation does not apply to a uk passport holder travelling with his her eu passport holder spouse in these circumstances the 90 days renews on each joint visit if travelling together you will need a copy of the marriage certificate and the relevant boarding cards of both travellers in the 180 day period and a translation of the regulations for the border guards to see try doing that when his computer says no thank you for still not addressing those of us on special nato sofa visas that are a stamp in our passports but are not electronic if we use this digital entry and exit will it flag us as sofa or people who have somehow been constantly present in the eu for years without being caught hi this article is specific to visitors without visas residency permits you can find more info on the situation for nato employees here,published 1 may 2024 cet,1 may 2024,2024-05-01
228,stay away how europe s most popular spots are fighting overtourism,tourism,1,the massive crowds at the louvre all the time make it all but impossible to enjoy in a civilized relaxed way now they offer yoga classes in some galleries as a way to look hip before the olympics most who go to great museums are just there for the selfie and insta photo museums allow way too many people in all the time in order to stay afloat ruining the experience for real art lovers,published 25 apr 2024 cet,25 apr 2024,2024-04-25
229,what will europe s ees passport checks mean for dual nationals,eu,0,NA,published 22 apr 2024 cet,22 apr 2024,2024-04-22
230,did austria really invent france s iconic croissant,food and drink,0,NA,published 17 apr 2024 cet,17 apr 2024,2024-04-17
231,how would a youth mobility scheme between the uk and eu really work,eu,1,eu using british youth as a tool of trade and still trying too maintain influence in british politics my thoughts beware,published 18 apr 2024 cet,18 apr 2024,2024-04-18
232,your key questions answered about europe s new ees passport checks,immigration,5,what about andorra san marino etc will the canaries be included i read the eu rules and i find it very confusing my wife is a dual national and travels on her italian passport when coming to the eu i hold an american passport we both live in the us currently i can spend up to 6 months with her in the eu if we stay longer we have to declare residency when in the eu we spend the vast majority of time sailing all over the mediterranean we typically fly into roma and then to the boat the new rule gives an example of a family member visiting an eu member in their country of national origin and the ees system starts the clock ticking am i understanding this correctly a neat summary thanks hi as a uk citizen with residency in italy since november 2020 and with a c di s do i also require to carry additional proof of residency tia yikes i m still confused about dual citizenship and these new rules i hold an american passport us born in my married name and an italian passport in my maiden name my american husband holds an eu residency card for the italy town we live in 5 6 continual months per year for starters what passport s do i use making plane reservations leaving the us and entering italy and then returning to the us since my dual passports have my different last names and how does italy or any other affected eu schengen country understand that i m an italian citizen with unlimited stays if i must register with ees if i have to enter using my us passport,published 16 apr 2024 cet,16 apr 2024,2024-04-16
233,what brits in europe need to know about uk s new minimum income rules,brexit,0,NA,published 6 apr 2024 cet,6 apr 2024,2024-04-06
234,tell us what are your questions about the eu s new ees and etias travel systems,travel news,1,so after nearly three years of administration i have now been able to apply for my italian passport in the uk the consulate reports a 26 week delay on the issue of same unless a real emergency arises therefore i will be in italy with my british passport for longer that 90 days will my legal documents from the courts showing my nationality as italian prevent the overstay stamp in my passport secondly my wife is english with an english passport but holds a different surname we will always carry our marriage certificate which has an apostille but will the border guards quite understand her entitlement to stay in europe with me,published 10 apr 2024 cet,10 apr 2024,2024-04-10
235,i feel exiled how brits in europe are locked abroad with foreign partners,brexit,2,wait british citizens cannot return to their country if they don t make enough money that sounds wrong what honest working families have to prove income and god knows what to get back to the uk meanwhile while murderers and the worst sort of people just sail in and get housing and all their needs for free what is happening in the uk beyond belief,published 6 apr 2024 cet,6 apr 2024,2024-04-06
236,in pictures exceptional sahara dust cloud hits europe,weather,0,NA,published 8 apr 2024 cet,8 apr 2024,2024-04-08
237,top europe rights court to issue landmark climate verdicts,climate crisis,0,NA,published 7 apr 2024 cet,7 apr 2024,2024-04-07
238,austria s nehammer gifts france s macron boxing gloves,politics,0,NA,published 5 apr 2024 cet,5 apr 2024,2024-04-05
239,strikes austrian airlines cancels 92 flights due to workers meeting,travel news,0,NA,published 3 apr 2024 cet,3 apr 2024,2024-04-03
240,explained what s at stake in the european parliamentary elections,politics,0,NA,published 29 mar 2024 cet,29 mar 2024,2024-03-29
241,vast vienna wastewater heat pumps showcase eu climate drive,environment,0,NA,published 27 mar 2024 cet,27 mar 2024,2024-03-27
242,germany issues entry ban to austrian far right activist sellner,far right,0,NA,published 19 mar 2024 cet,19 mar 2024,2024-03-19
243,eu to ease rules around the single permit for non eu workers,work permits,0,NA,published 18 mar 2024 cet,18 mar 2024,2024-03-18
244,analysis why the far right in europe still faces hurdles in quest for power,politics,0,NA,published 14 mar 2024 cet,14 mar 2024,2024-03-14
245,prepare for 3c rise europe warned it must do more to deal with climate crisis,climate crisis,0,NA,published 13 mar 2024 cet,13 mar 2024,2024-03-13
246,compare where in europe now has the lowest birth rate,european union,1,no statistics as usual for uk some former yugoslav countries also have no statistics cannot be just an eu survey as turkey is included,published 10 mar 2024 cet,10 mar 2024,2024-03-10
247,eu faces tide of disinformation as vote looms,european union,0,NA,published 10 mar 2024 cet,10 mar 2024,2024-03-10
248,huge setback for non eu workers plan to make it easier to move around europe fails,immigration,0,NA,published 8 mar 2024 cet,8 mar 2024,2024-03-08
249,tinder to explain why some eu users have to pay more for the app,dating,0,NA,published 8 mar 2024 cet,8 mar 2024,2024-03-08
250,eu sees troubling surge in sexually transmitted diseases,health,0,NA,published 7 mar 2024 cet,7 mar 2024,2024-03-07
251,why google searches in europe no longer show maps,tech,1,just another example of bureaucratic overreach the sole result will be increased consumer inconvenience,published 7 mar 2024 cet,7 mar 2024,2024-03-07
252,how americans in europe can vote in the us primary elections,politics,0,NA,published 15 jan 2024 cet,15 jan 2024,2024-01-15
253,eu lawmakers slam brakes on plan for medical exams for all drivers,driving,1,in 1957 aged 18 i had to take a reaction test for my canadian drivers licence in vancouver this was in a small cabinet with three foot pedals and a set of traffic lights controlled by a tester if you delayed hitting the brake pedal on a sporadic red light you failed the test this tested concentration and observation as well as reaction key parts of one s state of health and essential for driving,published 27 feb 2024 cet,27 feb 2024,2024-02-27
254,why are fewer american nationals renouncing their us citizenship,americans in europe,3,i renounced mine in 2020 and my name has never appeared on the list renounced because i was unable to get a social security number so could not file taxes moved away from the us when i was 8 years old and i did not want to keep having trouble running a bank account now i have the certificate of loss of nationality my bank are fine but that s one of the reasons it won t just be gazillionaires giving up their citizenship it s a pain in the butt for us nil illionaires too the way i understand it is that american citizens still get taxed wether they live abroad or not but frankly 1900 usd difference between now and what s planned is ridiculously low 150 usd a month roughly i thought only gazillionaires were interested in giving up their citizenship the numbers are actually higher it is well known that the lists are incomplete i personally know several people who renounced their us citizenship within the last 2 years and their names have never appeared in these lists,published 9 feb 2024 cet,9 feb 2024,2024-02-09
255,who in europe is affected by the uk s new brexit border checks on goods,travel news,0,NA,published 1 feb 2024 cet,1 feb 2024,2024-02-01
256,travellers to europe could face 14 hour queues at uk port of dover,european union,0,NA,published 25 jan 2024 cet,25 jan 2024,2024-01-25
257,wake up call far right parties set to make huge gains in 2024 eu elections,politics,4,thanks for the article as an american i am well aware of the consequences of a mega movement in eu this is a very dangerous trend and will impact not only people yet economics let s hope that cooler heads prevail i for one along with millions of americans are working to ensure maga does not enter the wh finally they are waking up are they i wish they would wake up in the uk as we are heading to become a muslim country what did everyone expect disappointing from local de turning itself into another mainstream narrative machine it s not far right parties rising it s opposite of all stupid not listening to people common man farmer policies which are getting traction and all those parties that cater to non main stream narrative will and continue to get the big push remember what anna baerbock said last year she doesn t care about her citizens or finance minister no budget for farmers but billions for war,published 24 jan 2024 cet,24 jan 2024,2024-01-24
258,eu to begin talks with farming leaders after wave of farmers protests around europe,politics,0,NA,published 23 jan 2024 cet,23 jan 2024,2024-01-23
259,uk opens voter registration for brits in europe as 15 year rule finally ends,brits in europe,0,NA,published 15 jan 2024 cet,15 jan 2024,2024-01-15
260,elections to borders 7 big changes in the eu that will impact you this year,european union,0,NA,published 15 jan 2024 cet,15 jan 2024,2024-01-15
261,in numbers hundreds of britons across europe given orders to leave,european union,0,NA,published 10 jan 2024 cet,10 jan 2024,2024-01-10
262,forecast austria braces for extreme cold and heavy snow,weather,0,NA,published 3 jan 2024 cet,3 jan 2024,2024-01-03
263,the big changes for train travel across europe in 2024,travel news,1,very cool,published 8 nov 2023 cet,8 nov 2023,2023-11-08
264,eu s new migrant deal is an historic failure charities warn,european union,2,the eu and the uk cannot cope with the level of illegal immigrants trying to get to europe and the uk by sea the irony is some would probably qualify as legal immigrants if they applied by the legal process the people who are complaining about rights etc are correct in saying the real problem with the system is the time it takes to process the applications the uk has the same problem destroy the boats at port before they take migrants and save their life in a human way stop the slave human trade and the criminal enterprise that feed on it,published 21 dec 2023 cet,21 dec 2023,2023-12-21
265,ees eu s new border control system to start in october 2024,travel news,0,NA,published 19 dec 2023 cet,19 dec 2023,2023-12-19
266,9 things you need to know about the eu s freedom of movement,european union,0,NA,published 17 dec 2023 cet,17 dec 2023,2023-12-17
267,no more last minute bookings airlines alarmed over eu s new ees border system,travel news,0,NA,published 14 dec 2023 cet,14 dec 2023,2023-12-14
268,eu to resettle 61 000 refugees across europe over next two years,european union,0,NA,published 14 dec 2023 cet,14 dec 2023,2023-12-14
269,which parts of austria have the highest crime rates,crime,0,NA,published 8 nov 2023 cet,8 nov 2023,2023-11-08
270,how long are austria s famous christmas markets open this year,christmas,0,NA,published 6 nov 2023 cet,6 nov 2023,2023-11-06
271,where are austria s best train stations,travel news,0,NA,published 7 dec 2023 cet,7 dec 2023,2023-12-07
272,analysis why do so many austrians reject the european union,politics,0,NA,published 7 dec 2023 cet,7 dec 2023,2023-12-07
273,eu reveals plan to boost passenger rights in europe,european union,0,NA,published 5 dec 2023 cet,5 dec 2023,2023-12-05
274,why few companies in europe are hiring workers from abroad despite shortages,jobs,0,NA,published 4 dec 2023 cet,4 dec 2023,2023-12-04
275,five huge brands you probably didn t know were austrian,austria explained,0,NA,published 4 dec 2023 cet,4 dec 2023,2023-12-04
276,vienna christmas markets the dates and locations for 2023,christmas,0,NA,published 14 nov 2023 cet,14 nov 2023,2023-11-14
277,european cities demand new rules to fine foreign drivers over low emission zones,driving,0,NA,published 25 nov 2023 cet,25 nov 2023,2023-11-25
278,eu governments settle on rules for how non eu citizens could move around europe,residency permits,3,the article states in brackets that the rules are different for brits covered by the withdrawal agreement can we have information on that too thank you hi this link has the information on rules for brits covered by the withdrawal agreement how does this affect those of us in denmark looking to secure our place in the eu does this mean we can apply to live in the eu after 5 years first and apply for danish citizenship after 8 10 after is this article unfinished reading it couple of times and cannot find connection between headline and text what has eu agreed on about movement for long term residence permit holders inside eu,published 25 nov 2023 cet,25 nov 2023,2023-11-25
279,austrians warned as country remains dependent on russia for gas supplies,energy,0,NA,published 20 nov 2023 cet,20 nov 2023,2023-11-20
280,compare which country in europe is the easiest to retire to,residency permits,1,i think the kathleen poole case is a sobering example of how retirement can go wrong for an expat residing in europe,published 19 nov 2023 cet,19 nov 2023,2023-11-19
281,revealed the new scheme to help non eu nationals find jobs in europe,european union,1,when is the eu talent pool coming in action,published 15 nov 2023 cet,15 nov 2023,2023-11-15
282,five austrian cultural quirks that are surprising to germans,austria explained,0,NA,published 28 aug 2023 cet,28 aug 2023,2023-08-28
283,austria to compensate gay people convicted under discriminatory laws,discrimination,0,NA,published 13 nov 2023 cet,13 nov 2023,2023-11-13
284,germany or austria where s the best place for foreigners to buy property,property,0,NA,published 12 sep 2023 cet,12 sep 2023,2023-09-12
285,we all win which countries could join an expanded eu and when,politics,0,NA,published 9 nov 2023 cet,9 nov 2023,2023-11-09
286,austrian property prices continue steady decline throughout 2023,property,0,NA,published 8 nov 2023 cet,8 nov 2023,2023-11-08
287,what s the reason for austria s recent border clamp down,politics,0,NA,published 6 nov 2023 cet,6 nov 2023,2023-11-06
288,why did austria vote against a gaza ceasefire,politics,0,NA,published 30 oct 2023 cet,30 oct 2023,2023-10-30
289,votes for life brits in europe given boost as new rules finally published,brits in europe,0,NA,published 27 oct 2023 cet,27 oct 2023,2023-10-27
290,explained how austria will expand train services in new timetable,travel news,0,NA,published 25 oct 2023 cet,25 oct 2023,2023-10-25
291,is vienna really a boring city to live in for foreigners,vienna,0,NA,published 24 oct 2023 cet,24 oct 2023,2023-10-24
292,do people really mistakenly fly to austria instead of australia,travel news,0,NA,published 16 oct 2023 cet,16 oct 2023,2023-10-16
293,eu confirms timeline for rollout of ees and etias border systems,travel news,1,what if you have italian citizenship but no residency but also no passport yet can you still enter the eu with the id card and will there still be a queue for eu citizens travelling with an id card and a uk passport,published 20 oct 2023 cet,20 oct 2023,2023-10-20
294,what does austria s raised terror alert mean for the public,terrorism,0,NA,published 19 oct 2023 cet,19 oct 2023,2023-10-19
295,why more and more americans in europe are renouncing their us citizenship,americans in europe,0,NA,published 18 oct 2023 cet,18 oct 2023,2023-10-18
296,compared what salary do you need to get a work permit in different european countries,immigration,0,NA,published 18 oct 2023 cet,18 oct 2023,2023-10-18
297,austrian inflation slows to six percent in september,cost of living,0,NA,published 18 oct 2023 cet,18 oct 2023,2023-10-18
298,what you need to know about teaching english in austria,working in austria,0,NA,published 9 oct 2023 cet,9 oct 2023,2023-10-09
299,what s the latest on the rollout of the eu s new etias and ees travel rules,travel news,0,NA,published 6 oct 2023 cet,6 oct 2023,2023-10-06
300,americans in europe us finally moves to cut $2 350 fee for renouncing citizenship,americans in france,2,as of today may 25 2024 the renunciation cost still hasn t been reduced the local should do a follow up on why biden is taking so long coming from the us i can say that there shouldn t be a fee at all the majority of this process could be automated if the us government would hurry up and join the 21st century in terms of technology in government,published 2 oct 2023 cet,2 oct 2023,2023-10-02
301,what falling house prices in austria mean for buyers and sellers,property,0,NA,published 2 oct 2023 cet,2 oct 2023,2023-10-02
302,austria rail operator öbb unveils new night trains,travel news,0,NA,published 1 oct 2023 cet,1 oct 2023,2023-10-01
303,european countries smash september temperature records,climate crisis,0,NA,published 30 sep 2023 cet,30 sep 2023,2023-09-30
304,fuel prices spike in austria amid stubbornly high inflation,cost of living,0,NA,published 19 sep 2023 cet,19 sep 2023,2023-09-19
305,to completely integrate in austrian life you need german but it takes time,reader insights,0,NA,published 19 sep 2023 cet,19 sep 2023,2023-09-19
306,brexit eu issues guidance after britons wrongfully held at schengen borders,brexit,0,NA,published 10 sep 2023 cet,10 sep 2023,2023-09-10
307,kipferl explaining the austrian roots of the french croissant,food and drink,0,NA,published 7 sep 2023 cet,7 sep 2023,2023-09-07
308,opinion a winter energy crunch in europe looks a distinct possibility,politics,0,NA,published 6 sep 2023 cet,6 sep 2023,2023-09-06
309,key points what we know so far about austria s planned rent cap,money,0,NA,published 5 sep 2023 cet,5 sep 2023,2023-09-05
310,eu judges reject bid to impose visas on american tourists,european union,0,NA,published 5 sep 2023 cet,5 sep 2023,2023-09-05
311,austria to pay out second klimabonus payments from tuesday,cost of living,0,NA,published 5 sep 2023 cet,5 sep 2023,2023-09-05
312,klimabonus when will people in austria receive autumn cost of living payouts,cost of living,0,NA,published 30 aug 2023 cet,30 aug 2023,2023-08-30
313,do certain parts of austria simply have too many tourists now,tourism,1,i ve been to hallstatt many times we ve never stayed the night there too hard to find a place we usually stay in obertraun cheaper and better access to dachstein i m not sure these hamlets would have any economy without tourists,published 29 aug 2023 cet,29 aug 2023,2023-08-29
314,climate crisis 90 percent of europe s ski resorts face critical snow shortages,skiing,2,the snow conditions and depths were superb in many ski areas of karnten last season i find it very hard to believe all this climate change nonsense meanwhile it s snowing in sestriere,published 30 aug 2023 cet,30 aug 2023,2023-08-30
315,why are fewer people getting austrian citizenship in 2023,austrian citizenship,0,NA,published 23 aug 2023 cet,23 aug 2023,2023-08-23
316,is diet coke really banned in europe,food and drink,4,cherry coke is awesome vanilla coke is an atrocity i was disappointed to learn aspartame is primarily used in europe as i prefer sucralose as studies have shown it to be a better sugar substitute than aspartame you couldn t make it up it has long been said that americans don t believe human life exists west of san francisco or east of long island and this just about proves it how dumb do they get i learned years ago that nescafé manufactured 40+ versions each one attempting to match the coffee available locally this was why when i lived in south america i loved brazilian nescafé but detested the us variety at that time coffee in brazil was far superior to us coffee i hope your branding of cherry coke as an atrocity applies only to the canned or bottled version actual cherry coke which is older than i am and i m 79 and is created by adding cherry syrup to coke at the fountain yes this requires a soda jerk working at a soda fountain or luncheonette it was no atrocity it was nearly the only way i as a child found coke drinkable,published 22 aug 2023 cet,22 aug 2023,2023-08-22
317,vienna tightens rules for airbnb rentals,property,0,NA,published 22 aug 2023 cet,22 aug 2023,2023-08-22
318,austrians only outrage after restaurant refuses to serve foreigners,discrimination,0,NA,published 21 aug 2023 cet,21 aug 2023,2023-08-21
319,austrian ex chancellor sebastian kurz to go on trial for false testimony,politics,0,NA,published 18 aug 2023 cet,18 aug 2023,2023-08-18
320,cost of living when will prices in austria go down,cost of living,0,NA,published 6 jul 2023 cet,6 jul 2023,2023-07-06
321,jobs study or retirement why brits move to the eu and where they go,brexit,0,NA,published 14 aug 2023 cet,14 aug 2023,2023-08-14
322,how many wwii bombs are still in austria,world war two,0,NA,published 11 aug 2023 cet,11 aug 2023,2023-08-11
323,how much does it cost to post items within austria and abroad,living in austria,0,NA,published 10 aug 2023 cet,10 aug 2023,2023-08-10
324,why is austria so set on making cash payments a constitutional right,politics,0,NA,published 8 aug 2023 cet,8 aug 2023,2023-08-08
325,the story of how half of austria drove on the left and half on the right for 20 years,austria explained,0,NA,published 31 aug 2021 cet,31 aug 2021,2021-08-31
326,how the uk s delayed brexit checks on fresh food from eu could affect you,travel news,3,another cock up from the brexit team there was absolutely no benefit in leaving the eu but i am sure someone is making a tidy profit out of everyone else s misery there obviously is benefit to eu membership the single market which the uk government opted to leave in a hard brexit so it can hardly expect to keep the benefits of it johnson explicitly proposed cakeism for the uk eat your cake cheese and keep it the eu was never going to give it to him and didn t imho all these problems are due to the disingenuous leave campaign and then the uk government opting for a hard brexit that few voted for recent polls of uk opinion show considerable buyers regret in those who voted leave this is not a hard brexit by any stretch of the imagination the unfortunate thing is that this a typical politicians mess we have ended up with the worst of both worlds still paying for the eu and without the benefits of membership i voted to leave but to me leave meant leave totally and not this halfway house it was pie in the sky to imagine that the eu would wave us a fond farewell their aim is to protect the eurocrats self interest at all cost and that is expansionism at any cost the regret we feel is that we have been sold down the river by our political rulers which was inevitable once our high court decided that our democratic vote should be further scrutinised by the house of parliament it s a shame the eu was offered full mutual recognition for these food products but refused as they re desperately trying to demonstrate there s any benefit to eu membership,published 29 dec 2021 cet,29 dec 2021,2021-12-29
327,night trains make a bumpy comeback in austria,travel news,0,NA,published 30 jul 2023 cet,30 jul 2023,2023-07-30
328,on which popular routes in europe is train travel cheaper than flying,travel news,1,taking a 1h20m flight from madrid to barcelona vs train at 2h40m only saves 1h10m of travel time in the long run it saves no time at all you lose more time with a flight travel time to from airport at both ends using public transport or driving google maps is 30m for madrid 30m for barcelona arriving at airport for departure 45m 1 h beforehand waiting for luggage on carousel on arrival 15 30m even with no checked in baggage the train is still way more efficient time wise,published 25 jul 2023 cet,25 jul 2023,2023-07-25
329,don t miss a story how to make the most of the local s new app,tech,0,NA,published 13 jul 2023 cet,13 jul 2023,2023-07-13
330,europe could soon face nearly 100 000 deaths a year linked to extreme heat,climate crisis,0,NA,published 10 jul 2023 cet,10 jul 2023,2023-07-10
331,easyjet cancels 1 700 flights around europe this summer,travel news,0,NA,published 10 jul 2023 cet,10 jul 2023,2023-07-10
332,the ten best destinations by direct night train from austria,transport,0,NA,published 10 feb 2022 cet,10 feb 2022,2022-02-10
333,covid 19 still causing 1 000 deaths a week in europe who warns,covid 19,0,NA,published 27 jun 2023 cet,27 jun 2023,2023-06-27
334,the 7 over the counter meds americans might want to bring with them to europe,health,3,in case you re in need high dose melatonin is very easy to find in italy at farmacias helloo sudafed has been prescription in the usa for many years not otc due to the methamphetamine scourge coated baby aspirin for those with potential heart issues is not available in switzerland non coated small dose aspirin requires a prescription in switzerland and of course vitamin pills are much cheaper in the us than in switzerland like almost everything else,published 24 jun 2023 cet,24 jun 2023,2023-06-24
335,revealed the top european countries for overseas property buyers,property,0,NA,published 23 jun 2023 cet,23 jun 2023,2023-06-23
336,europe faces intense extreme heat and drought new report warns,climate crisis,0,NA,published 19 jun 2023 cet,19 jun 2023,2023-06-19
337,court of justice confirms loss of eu citizenship for british nationals,brexit,0,NA,published 15 jun 2023 cet,15 jun 2023,2023-06-15
338,latest eu agrees to launch digital only schengen visa application process,european union,0,NA,published 10 may 2022 cet,10 may 2022,2022-05-10
339,latest the transport strikes that will hit passengers in europe this summer,travel news,0,NA,published 9 jun 2023 cet,9 jun 2023,2023-06-09
340,interview why it must be made easier for non eu citizens to move around europe,immigration,0,NA,published 8 jun 2023 cet,8 jun 2023,2023-06-08
341,better since brexit how europeans feel about the eu,european union,0,NA,published 7 jun 2023 cet,7 jun 2023,2023-06-07
342,why the statue of a controversial former vienna mayor will be tilted,vienna,0,NA,published 2 jun 2023 cet,2 jun 2023,2023-06-02
343,how many travellers are turned away at european borders because of 90 day limit,european union,0,NA,published 21 may 2023 cet,21 may 2023,2023-05-21
344,your key questions answered about the schengen area s 90 day rule,european union,1,trackback read more infos here thelocal com 20230518 your key questions answered about the schengen areas 90 day rule,published 18 may 2023 cet,18 may 2023,2023-05-18
345,compared how to get a visa to settle in either germany or austria for retirement,retirement,0,NA,published 4 may 2023 cet,4 may 2023,2023-05-04
346,european paediatricians sound alarm over medicine shortage,health,0,NA,published 30 apr 2023 cet,30 apr 2023,2023-04-30
347,cancellations and compensation how french strikes affect european flights,travel news,0,NA,published 26 apr 2023 cet,26 apr 2023,2023-04-26
348,what is the eu s plan to make freedom of movement easier for non eu residents,residency permits,3,will this apply to eea countries like norway please make it plain that the terms for permanent residence are different for uk passport holders under the withdrawal agreement as far as absences are concerned how does someone who already has lived legally in france for at least five years apply for this eu long term resident status is there a link to the application that you could share,published 22 apr 2023 cet,22 apr 2023,2023-04-22
349,uncharted territory europe faces more deadly droughts and extreme heat,climate crisis,0,NA,published 20 apr 2023 cet,20 apr 2023,2023-04-20
350,eu s planned biometric border check system delayed again,travel news,0,NA,published 19 apr 2023 cet,19 apr 2023,2023-04-19
351,why is the population of europe set to shrink,immigration,0,NA,published 16 apr 2023 cet,16 apr 2023,2023-04-16
352,non eu travellers warned about unofficial etias tourist visa websites,european union,0,NA,published 16 apr 2023 cet,16 apr 2023,2023-04-16
353,compare which is the best country in europe to get naked in,across europe,0,NA,published 5 apr 2023 cet,5 apr 2023,2023-04-05
354,revealed how many non eu citizens are ordered to leave european countries,immigration,0,NA,published 5 apr 2023 cet,5 apr 2023,2023-04-05
355,reader question do i need an international permit to drive in austria,driving,0,NA,published 22 mar 2023 cet,22 mar 2023,2023-03-22
356,reader tips how to reduce your climate impact as an international resident,reader insights,3,we definitely need to pay attention to articles like this the impact of flights meat consumption on the planet is really underestimated our top scientists are urging us to make immediate change in our daily lives personally i ve been using the app abillion on my phone to easily find vegetarian vegan restaurants in any city i find myself in the vegan outreach website is also a brilliant resource to help any transition towards a more climate friendly diet while every little helps big organizations could make a much larger impact in addition to your personal efforts find a way to support such an organization in some way like a donation or a vote until the elephant in the room of population growth is addressed drying your clothes on the radiator or even a few electric cars is a waste of time each person born is a lifetime s consumption and a child born in a rich country is more so educating women around the world seems to reduce the birth rate which is what is really needed to reduce emissions and human encroachment on the natural world an ageing population is a problem for one generation but pensions are a luxury only afforded to a few rich countries anyhow and do the unborn future generations have a moral right to be born if exponential birth rates will cause poverty despair and damage to natural diversity anyhow evolution doesn t care if humans destroy themselves another creature will take over and my bet is on crows they seem to survive everywhere thank you i have been saying this for decades but it means lots of people must stop having kids and there don t seem to be enough who are willing even lots of highly educated women choose cognitive dissonance instead and now the italian government wants to raise the birth rate are they nuts,published 12 aug 2021 cet,12 aug 2021,2021-08-12
357,eu defence ministers hash out plan for sending more ammunition to ukraine,military,0,NA,published 8 mar 2023 cet,8 mar 2023,2023-03-08
358,record year for eu countries granting citizenship to foreigners,citizenship,1,not surprised that recent figures for france are so low in my department 11 they take years to progress an application,published 2 mar 2023 cet,2 mar 2023,2023-03-02
359,foreign drivers could get simpler way to exchange licence under eu proposal,driving,3,hello ben checking also any updates please especially reciprocity btwn us italy grazie mille curious whether there have been any updates on this since the article was published hi will look into this for you in general these proposals take a long time to get through the eu s normal legislative procedures are there any updates on this proposed initiative i am certain there are lots of potential drivers with 40+ years driving experience who would love to simply exchange licenses,published 1 mar 2023 cet,1 mar 2023,2023-03-01
360,etias eu postpones launch of €7 visa waiver for tourists,eu,0,NA,published 28 feb 2023 cet,28 feb 2023,2023-02-28
361,how many american citizens are ordered to leave european countries,european union,0,NA,published 13 feb 2023 cet,13 feb 2023,2023-02-13
362,brexit brits in eu feel european and don t want to return home,brexit,0,NA,published 21 jan 2023 cet,21 jan 2023,2023-01-21
363,a game changer airlines demand eu explain new border system for non eu travellers,european union,1,what is the plan for nato forces we don t use our regular passports to enter and leave and we don t have standard resident cards,published 21 jan 2023 cet,21 jan 2023,2023-01-21
364,update eu postpones launch of ees border entry system once again,european union,1,i m concerned about this as i have found my fingerprints are difficult to recognize don t know why but i ve had to be re fingerprinted at the questura a couple of times when getting my fbi report in the usa my fingerprinting exercise took hours this was due to the small portable readers being unable to confirm my prints time after time after time after time expert staff had to be called in and i stood a good chance of having to forego any business associated with fingerprinting this will be if the equipment isn t top notch and the operators skilled a nightmare i m guessing i m not the only person in the world with prints that are difficult to read hope they allow for odd circumstances similar to mine for identifying entrants into the eu,published 19 jan 2023 cet,19 jan 2023,2023-01-19
365,low emission zones what you need to know if you re driving in europe,travel news,0,NA,published 18 jan 2023 cet,18 jan 2023,2023-01-18
366,public support in europe for leaving eu collapses since brexit new survey shows,european union,2,there is a real sense of european identidy that has come to the surface the eu members gave been through a lot and the € is holding its own the irish times are so anti uk that anything they say has no relevance they should remember that even today many irish can go to the uk and work without an issue covid net zero immigration and ukraine have put a spanner in the works on brexit and to think otherwise is sheer blindness the present government has failed also to implement any changes people voted against the eu rather than for brexit the local as always a mix of left and wokery,published 12 jan 2023 cet,12 jan 2023,2023-01-12
367,united states set to reduce fee for renouncing american citizenship,politics,1,filing a tax return and fatca law also apply to us green card holders not just us citizens,published 9 jan 2023 cet,9 jan 2023,2023-01-09
368,record breaking winter temperatures warm europe,climate crisis,0,NA,published 7 jan 2023 cet,7 jan 2023,2023-01-07
369,revealed more than 2 800 brits ordered to leave european countries since brexit,european union,0,NA,published 4 jan 2023 cet,4 jan 2023,2023-01-04
370,is the eu likely to reinstate covid travel restrictions,travel news,0,NA,published 2 jan 2023 cet,2 jan 2023,2023-01-02
371,in pictures europe steps into 2023 after turbulent year,new year s eve,0,NA,published 1 jan 2023 cet,1 jan 2023,2023-01-01
372,there s not enough gas in the world can europe keep the heating on this winter,energy,6,lots of gas in the world look to n america and venezuela if you want some they will sell it there is a lot of gas just need to import loads of gas in k a nna da canada has loads of gas this is a highly misleading article there is plenty of gas in the world it s just not conveniently available for europeans on short notice western canada has over something like 150 years of current reserves without looking for more if they drilled they would almost certainly find more this is in british columbia alberta and saskatchewan they also have loads of hydro power in bc so they can export the gas if they want to venezuela has lots of gas so does saudi arabia and if course the us of a has loads of gas it s just a case of getting all this to europe pay up and i m sure they will gladly start shipping it or perhaps some should consider moving to canada for the energy security cheap gas and lower costs of heating and electricity we need a better discussion on this important topic than this article offers what a manipulative article and a click bait without russian supplies there is simply not enough gas in the world analysts say what analysis who performed it and where s the link to the original data,published 29 dec 2022 cet,29 dec 2022,2022-12-29
373,europeans less keen to move to north america and uk survey reveals,european union,0,NA,published 28 dec 2022 cet,28 dec 2022,2022-12-28
374,uk warns arrivals from europe to expect delays due to border force strike,travel news,1,trackback read more here thelocal com 20221222 uk government warns arrivals to expect delays due to border force strike,published 22 dec 2022 cet,22 dec 2022,2022-12-22
375,european parliament under attack what we know about the qatar bribery claims,european union,1,i actually think this case demonstrates the robustness of the oversight over the european parliament and its members the investigation has highlighted the corruption and criminal charges and due process are now kicking in this is really a fine example to set for many a country where the corruption is known but no consequences have followed,published 12 dec 2022 cet,12 dec 2022,2022-12-12
376,austrian airlines announces seven new destinations for summer 2023,travel news,0,NA,published 9 nov 2022 cet,9 nov 2022,2022-11-09
377,europe s temperatures rising more than twice global average un warns,climate crisis,0,NA,published 2 nov 2022 cet,2 nov 2022,2022-11-02
378,visas to qualifications how foreign residents in europe can get help with paperwork problems,european union,0,NA,published 14 oct 2022 cet,14 oct 2022,2022-10-14
379,europe set for unusually warm winter but faces cold blast in december,weather,0,NA,published 13 oct 2022 cet,13 oct 2022,2022-10-13
380,austria challenges eu green nuclear label in court,environment,0,NA,published 8 oct 2022 cet,8 oct 2022,2022-10-08
381,updated the best websites for cross europe train travel,train travel,1,commercial travel websites show what their sponsors wants them to show and they are also designed from the ground up for air travel german rail bahn com allows you to choose all details of your trip you can choose high speed trains or not regional or even boat and bus it works for all eu train stations i even use it for domestic swedish or france train travel france sncf may be the worse as it has separate sites for high speed intercity and regional and one for each region totally confusing,published 29 sep 2022 cet,29 sep 2022,2022-09-29
382,a great day for consumers in europe eu votes for single smartphone charger,tech,0,NA,published 4 oct 2022 cet,4 oct 2022,2022-10-04
383,how european countries are spending billions on easing energy crisis,energy,1,trackback informations on that topic apiwp thelocal com 20220922 how european countries are spending billions on avoiding energy crisis,published 22 sep 2022 cet,22 sep 2022,2022-09-22
384,7 ways to talk about money in german,german language,0,NA,published 15 sep 2022 cet,15 sep 2022,2022-09-15
385,10 ways eu countries aim to cut energy bills and avoid blackouts this winter,energy,1,why sweden extended incentives for the purchase of electric vehicles and not to purchase e85 vehicles electric cars consumption is much more than air con or public pools or shops light,published 15 sep 2022 cet,15 sep 2022,2022-09-15
386,non eu family members of eu citizens can obtain long term residence court rules,residency permits,1,so does this mean that an article 50 card holder who is married to an eu national could acquire eu long term residence status in addition to their withdrawal agreement rights in order to gain free movement in the eu and hence live and work in different eu countries,published 9 sep 2022 cet,9 sep 2022,2022-09-09
387,by a substantial margin how summer 2022 was europe s hottest on record,climate crisis,0,NA,published 8 sep 2022 cet,8 sep 2022,2022-09-08
388,iron weathercock europe reacts to liz truss becoming new british pm,politics,0,NA,published 5 sep 2022 cet,5 sep 2022,2022-09-05
389,euro falls to 20 year low against us dollar,money,0,NA,published 5 sep 2022 cet,5 sep 2022,2022-09-05
390,passports what are the post brexit rules for dual nationals travelling in europe,travel news,8,the local continually gives good advice to dual nationals holding the uk passport but what about the rest of us i would like you to address the dual citizen carrying the us and the italian eu passport we count too i hold both canadian and british passports what s to stop me entering the schengen zone with my uk passport and staying the maximum 90 days at that point i leave schengen for a day and re enter with my canadian passport can i then stay another 90 days i agree with steven above many countries require that you enter the country of your nationality on that passport for example canadians cannot enter canada on anything other than a canadian passport but when travelling back to ireland i need to use my irish passport meaning that as far as canada know i am still there drifting around without a job or home those with an irish passport just need to carry that one the benefits of an eu citizen entering france and unrestricted uk access due to the common travel area it s a no brainier really and the journalist from the ft should simmer down it s obvious that they must go by the passport presented i think reasonable to ask why you didn t use your uk passport my partner is dual german british by ferry from caen to portsmouth uk at checkin booking on uk german at french control uk at portsmouth dual nationals are so lucky take all your passports as a dual eu uk national i d understood best practice is now to use the eu passport when entering and leaving the eu and the uk passport when entering and leaving the uk a pain to carry both but allows a quicker passage ensures the systems in each country register who s coming and going and avoids issues with visas etc usually no problems doing this but recently at eurostar terminal where the uk and french controls are next to each other a member of staff tried to stop me doing this said i had to leave the uk and enter eu with the same passport another then stepped in and said it was fine so it seems clarification would indeed be helpful if you have a swedish and uk passport leave sweden with your swedish passport and enter britain with your uk one on return leave britain with your uk passport and enter sweden with your swedish simple and if you travel to elsewhere in europe use your swedish passport unless you love queuing you mentioned above that the first thing to be aware of is there are no specific rules on travelling with more than one passport travellers can choose to use whichever passport they prefer when going to a country however many countries require you to enter with the passport of that country if you are a citizen of that country e g from this official us government site u s nationals including dual nationals must use a u s passport to enter and leave the united states hi steven yeah we mention the us rule further down in the article but this is focusing on travel between the uk and eu for dual uk eu nationals,published 1 sep 2022 cet,1 sep 2022,2022-09-01
391,compare which countries in europe have the strictest drink drive limits,driving,3,oh and slovenia i love how of all kinds of lists romania and bulgaria is left out as they are really not part of the eu germany and italy seem fine with drinking and driving it seems,published 25 may 2022 cet,25 may 2022,2022-05-25
392,a code red will europeans change their habits after climate crisis reality check,climate crisis,0,NA,published 1 sep 2022 cet,1 sep 2022,2022-09-01
393,eu approves new dual strain covid vaccines in time for autumn booster campaigns,covid 19 vaccines,0,NA,published 1 sep 2022 cet,1 sep 2022,2022-09-01
394,we are supposed to be borderless why train travel in europe is not up to speed,train travel,2,as much as i love train traveling it will never be a alternative to plane car in europe if not the prices are seriously looked into e g copenhagen dk grenoble fr is around 350€ each way per person a family of 4 would have to spend 2800€ twentyeighthundredeuros same or more as a returnticket for 4 to bangkok sorry just had to get it out eu do something please ps oh and don t get me started on how to buy cross border tickets sorry this price is not available sorry no connection try to narrow search sorry you can t book 3 months ahead and so and and so forth there i did start sorry by plane momondo 5 seconds later you re off such a shame one example of this is the ease of travelling between copenhagen in denmark and malmö in sweden where trains run every 20 minutes and around the clock oh dear what a bad example örusundståg which operates this service is so unreliable that those who live along the line it runs from karlskrona to häessleholm who is travelling to copenhagen airport either drives or takes a taxi if they want to be sure of cathing their flight and the last train from copenhagen airport that goes any further than kristianstad leaves at 9 p m,published 31 aug 2022 cet,31 aug 2022,2022-08-31
395,energy crisis pushes nuclear comeback in europe,energy,0,NA,published 27 aug 2022 cet,27 aug 2022,2022-08-27
396,european electricity prices soar as tough winter looms,energy,0,NA,published 27 aug 2022 cet,27 aug 2022,2022-08-27
397,europe facing record year for wildfire destruction eu,weather,0,NA,published 14 aug 2022 cet,14 aug 2022,2022-08-14
398,yes train travel across europe is far better than flying even with kids,travel news,0,NA,published 11 aug 2022 cet,11 aug 2022,2022-08-11
399,what are your rights in europe if your flight is delayed or cancelled,travel news,0,NA,published 31 may 2022 cet,31 may 2022,2022-05-31
400,eu delays passport scan system and €7 travel fee until 2023,travel news,0,NA,published 5 aug 2022 cet,5 aug 2022,2022-08-05
401,air con ties and lights how europe plans to save energy and get through winter without blackouts,politics,2,hi there living here in austria this came of interest with energy prices doubling already the article states in the austria section the aim is to support the austrian population to ensure unaffordable energy supply for a certain basic need according to a government statement why would it want to ensure unaffordable energy supply i would hope the aim would be to help the people living here actually afford the energy with reasonable consumption hi this is actually a mistake the aim is to ensure affordable energy supply not unaffordable thanks for pointing it out the text has been corrected i also read your article on using solar panels in italy updated may 2022 but wanted to add there are other methods of installing solar that don t involve awkward unsightly panels on an historic roof there is a document produced with the financial assistance of the eu under the enpi cbc mediterranean sea basin programme entitled guidelines on building integration of photovoltaic in the mediterranean area i found it while reading about the architecture of florence s meyer research facility as an architect i am interested in how solar can be adapted to historic buildings without detracting from their aesthetic the guidelines publication illustrates multiple options for integrating solar into an historic context some solutions are actual tiles tesla produces these that mimic the terra cotta roof tiles of italy hill towns and cities there also is a film one can apply like a sticker these would seem preferred installations in many cases but i could also see using flat panels as one would place a skylight might be an appropriate solution that would certainly be better than arcing up an array on unsightly metal framing i ve often heard that restrictions by design codes reviews in italy prevent the use of solar power within historic districts of italian towns but is this really the case i can t find the specifics through an online search and while it is apparent there are incentives for installing solar is the energy returned to the grid or is a battery storage system necessary understandably the cost to building owners as well as local availability of the product and installation expertise are issues i know these are more technical pointss than might be needed for the local in any case i am bringing the guidelnes document to your attention should it be able to inform the discussion about the use of photovoltaic devices on historic buildings,published 3 aug 2022 cet,3 aug 2022,2022-08-03
402,who expects more monkeypox related deaths in europe,health,0,NA,published 30 jul 2022 cet,30 jul 2022,2022-07-30
403,how europe s population is changing and what the eu is doing about it,immigration,0,NA,published 26 jul 2022 cet,26 jul 2022,2022-07-26
404,who warns high risk of monkeypox in europe as it declares health emergency,health,0,NA,published 23 jul 2022 cet,23 jul 2022,2022-07-23
405,which countries in europe impose language tests for residency permits,residency permits,2,i wished eu regulations would force some administrations to learn the language of a neighbouring country especially when two municipalities of different countries have a border in common you can see the results of this type of language barriers in eastern germany where whole areas are left empty language requirements are not always a good thing many people believe they will get a better job if they speak the language but some places english is all you need to earn far more than the average and with regular jobs you will earn even less or you could even end up in the same poverty loop the locals do as i understand it language requirements cannot be imposed on residency permits for those covered by the withdrawal agreement,published 21 jul 2022 cet,21 jul 2022,2022-07-21
406,revealed where in europe have house prices and rent costs increased the most,renting,0,NA,published 20 jul 2022 cet,20 jul 2022,2022-07-20
407,how 2022 compares to europe s hottest summers,climate crisis,2,climate change is doing this to europe africa and asia already experience it climate change is impacting us all but while it s bad in europe now both africa and asia get it worse,published 18 jul 2022 cet,18 jul 2022,2022-07-18
408,airport chaos in europe airlines cancel 15 000 flights in august,travel news,0,NA,published 12 jul 2022 cet,12 jul 2022,2022-07-12
409,one lie too many how europe s press responded to the fall of boris johnson,politics,0,NA,published 8 jul 2022 cet,8 jul 2022,2022-07-08
410,explained what are the main obstacles to finding a job when moving to an eu country,immigration,0,NA,published 4 jul 2022 cet,4 jul 2022,2022-07-04
411,eu extends covid travel certificates until 2023 but what does this mean for travellers,european union,1,hej a bit confused regarding covid jabs my 3rd dose was on 2021 12 16 so my certificate is only valid till 2022 06 29 is this third dose the booster that you refer to in the article or do i need more,published 29 jun 2022 cet,29 jun 2022,2022-06-29
412,who says european festivals should go ahead despite monkeypox risk,health,1,why would they even consider stopping festivals because of apepox which affects a tiny minority of the population and is not that long term dangerous anyway,published 25 jun 2022 cet,25 jun 2022,2022-06-25
413,arrive early passengers at european airports warned of travel disruption,travel news,0,NA,published 24 jun 2022 cet,24 jun 2022,2022-06-24
414,budget airline passengers in europe face travel headaches as more strikes called,travel news,0,NA,published 21 jun 2022 cet,21 jun 2022,2022-06-21
415,covid 19 european summer holidays threatened by rise of subvariants,covid 19 alert,1,i just recovered from covid i am completely vaccinated with the two doses and 1 booster shot i was scheduled for my 2nd booster in july 6 months after my first booster but that has been canceled i have not had my blood tested to see if i now have the covid antibody am i still eligible for the second booster shot do i have to wait another 6 months before the second booster shot does having had covid now preclude me from booster shots,published 22 jun 2022 cet,22 jun 2022,2022-06-22
416,strikes and queues how airline passengers in europe face summer travel chaos,travel news,0,NA,published 13 jun 2022 cet,13 jun 2022,2022-06-13
417,us to end covid testing requirement for travellers from europe,travel news,0,NA,published 10 jun 2022 cet,10 jun 2022,2022-06-10
418,is new court ruling the end for britons fighting to remain eu citizens,brexit,1,just fyi the hyperlink in the eu is revising the rules for non eu citizens living in eu countries on a long term basis making it easier to move across borders won t show up for me as a subscriber to thelocal fr it says it requires a separate subscription to the norway version of the local it would be lovely if you could fix that,published 9 jun 2022 cet,9 jun 2022,2022-06-09
419,what you need to know about the eu s plan for a uniform phone charger,tech,1,is this actually news,published 9 jun 2022 cet,9 jun 2022,2022-06-09
420,what is the eu s single permit for third country nationals and can i get one,residency permits,0,NA,published 4 jun 2022 cet,4 jun 2022,2022-06-04
421,how airports across europe have been hit by travel chaos,travel news,2,the berlin airport is a tragedy it is still being constructed and is not finished the security lines are endless and no one cares it is faster to take a train these days the security lines take longer than most inter european flights i used to do a lot of air travel but not any more back in april i took the tgv from nice to paris i still regret taking a flight back to nice the eu should study the railway system in china to see what s possible but the eu commission is full of empty suits that babble green,published 1 jun 2022 cet,1 jun 2022,2022-06-01
422,rapping breakdancing ukrainians win eurovision in musical morale boost,war in ukraine,1,trackback read more here thelocal com 20220515 rapping breakdancing ukrainians win eurovision in musical morale boost,published 15 may 2022 cet,15 may 2022,2022-05-15
423,covid face mask rule on flights in europe set to be eased,travel news,4,i am not covering my face when i go out and increasingly mire and more people are doing the same i am now not wearing the mask when going out and increasingly more and more people are not wearing them i am just mow not wearing the mask when going out and increasingly more and more people are keeping them off starting to go out without covering my face with a mask and increasingly more and more people are leaving off the mask,published 11 may 2022 cet,11 may 2022,2022-05-11
424,explained which schengen area countries have border controls in place and why,european union,0,NA,published 11 may 2022 cet,11 may 2022,2022-05-11
425,revealed eu plans digital only schengen visa application process,visas,0,NA,published 10 may 2022 cet,10 may 2022,2022-05-10
426,half price europe train tickets on offer in interrail flash sale,travel news,2,my mistake you must be an eu resident great deal though it should be noted you have to be an eu citizen to get the pass and can only use it in your country of residence if you are leaving to another country or returning though obviously the latter part is easier to get around by reserving a seat on a leg for a different country and hopping off this is not true you can get an interrail pass without being an eu citizen i just used one two weeks ago without having to prove eu citizenship i just live here on a residence permit the only requirement is that you have your travel documents in order depending on your status in europe,published 6 may 2022 cet,6 may 2022,2022-05-06
427,how europe plans to ease long term residence rules for non eu nationals,residency permits,0,NA,published 30 apr 2022 cet,30 apr 2022,2022-04-30
428,mixed feelings british citizens in europe finally get right to vote for life,voting,3,don t hold your breath i just spoke with the electoral registration office in edinburgh scotland according to the agent there the law will only come into effect in june 2023 make a note in your diary for next year unfortunately this comes too late for many brits abroad to get a say in the thing that has had the biggest impact on their lives brexit but it s better late than never no it s really not brexit is a total unnecessary toxic mess and as a european resident i would have liked to have had a say i have no interest in voting in a country i don t live in i would prefer to vote in france where the election process has an impact on my life a bit too bloody late,published 27 may 2021 cet,27 may 2021,2021-05-27
429,austrian border controls ruled illegal,NA,0,NA,published 27 apr 2022 cet,27 apr 2022,2022-04-27
430,explained how the climate crisis is hitting europe hard,climate crisis,3,climate change is impacting us all now in europe but both africa and asia experience worse conditions the ipcc issues analyses and interpretations they generally differ with the analyses noting that there aren t more extreme events and those that happen aren t more severe and the likely increase in temp is below 2c the interpretations generally seek to find something the analyses which speak of rcp 8 5 rather than the path we re likely on which is rcp 4 5 then presenting the extremely unlikely rcp 8 5 projections as if they were the considered result of the analysis that is they re lying again the global run up in temperature prior to the maunder minimum before the industrial revolution during the middle ages was greater than the current run up look to sunspots not co2,published 22 apr 2022 cet,22 apr 2022,2022-04-22
431,in numbers how many non eu citizens live in european union countries,residency permits,0,NA,published 19 apr 2022 cet,19 apr 2022,2022-04-19
432,why it may get easier for non eu citizens to move to another european union country,residency permits,1,you mention to work but what about retire,published 9 apr 2022 cet,9 apr 2022,2022-04-09
433,opinion trains are in fashion so why is rail travel across europe still so difficult,travel news,7,i love train travel however cheap air travel can be it has become an absolute nightmare stripping on and off half our clothing and jewelry going through a security queue that can turn into a lesson in fascism on dime the lack of service of any kind because the airlines were deregulated a long time and the airline workers got screwed along with us i used to love flying no longer so this article really interests me yes it seems obvious that train travel is what many people want now and politically it is being thwarted even here in switzerland we voted to beef up the train system a few years ago and now they have laid off heaps of personnel the trains run late cancel with no warning during commute hours no more travel agents in the big stations the little stations decommissioned and their website is useless for any info other than a time schedule and buying a ticket this is so sad i really hope journalists take this subject up and get some momentum and better travel services and night trains dealing with luggage making things affordable and dealing with logistics between countries trains are the future trevina l is this what you mean by rail planner because i googled rail planner and there is nothing called this specifically thanks for a link if this one is wrong cheers i have had great success with rail planner it s very easy to plan a trip to different eu countries on the app i have a few complaints such as the ambiguouity around bus subsitutions but it is really quite good and i would highly recommend it the tickets may be a bit pricey i will admit it is price that governs trains are too expensive i have been told that flying is cheap because the fuel is virtually untaxed if that is accurate it is a policy decision that should change trains should be cheap flights more expensive eu as an organization is unable to get anything done other than talking if there was a real political will we could get rid of polluting short haul flights but that will never happen i ve lived and studied in germany and been all over europe by rail the worst european train is still far far better than the best train in the usa yes i agree much more should be done here i used to use take eurostar to paris change stations and then the sleeper to chur via zürich but these days as a frequent traveller between london zürich and chur the complexity of purchasing a rail ticket plus the cost make it really impractical one big improvement would be to the ability to purchase a ticket in a single transaction from london to zürich berlin milan only the most dedicated and wealthy commuter is likely to persevere with the train option when you can purchase a return flight within a few minutes and for perhaps £150 return,published 8 apr 2022 cet,8 apr 2022,2022-04-08
434,compare which eu countries grant citizenship to the most people,european union,0,NA,published 22 mar 2022 cet,22 mar 2022,2022-03-22
435,brexit eu asks border police not to stamp passports of british residents,travel news,4,i applied for my post brexit residency card carta di soggiorno elettronica here in italy over 5 months ago and have heard or received nothing back yet on a couple of occasions when i have asked border control not to stamp my passport or struggled to stop them in time they have got annoyed and said that they would stamp irrespective so what is a post brexit residency card in say spain is it the tie or nie what if one does not wish to be a resident there but needs the padron e g to register for local town hall services does the padron imply residency hopefully not but a lot of this in eu countries such as spain seems a complete muddle this is a useful article do you have a link to the commission s communication slight correction to the title wa beneficiaries are not only british it would be useful if the article contained a link to the original document,published 18 mar 2022 cet,18 mar 2022,2022-03-18
436,tectonic shift how the ukraine crisis has changed the eu,european union,1,yes it will be a huge tectonic shift in europeans wallets that s for sure because all these political decisions will not affect the ones who made the decisions it will affect the people so enjoy your leaders decisions in fact our dependency on russian energy sources was made years ago by eu bureaucrats politicians and the decision of phasing out this dependency of russian fuels will lead to what to an increase of usa qatar lng gas dependecy and change who we are dependant and increase even more the energy costs as they re around 40 more expensive than russian gas perfect are you enjoying the inflation rate don t worry support these decisions as you ll enjoy even more the economic crash that is comming,published 14 mar 2022 cet,14 mar 2022,2022-03-14
437,eu eyes more ukraine arms aid and big russia sanctions,war in ukraine,2,nato is old school cold war era alliance but an eu alliance could address the security concerns of the bloc inc with neutral countries nato is old school cold war alliance but a new and improved eu army could work at addressing the security concerns of the bloc and even neutral countries could get behind it,published 12 mar 2022 cet,12 mar 2022,2022-03-12
438,shady characters will eu countries now put an end to golden passport schemes,european union,0,NA,published 10 mar 2022 cet,10 mar 2022,2022-03-10
439,how you can help ukrainian media,war in ukraine,0,NA,published 28 feb 2022 cet,28 feb 2022,2022-02-28
440,eu warns bloc nations to brace for millions of ukraine refugees,war in ukraine,4,the refugee crises could be worse than the syrian or bosnian ones the refugee crisis could be as bad as the syrian or bosnian ones the refugee crisis could be as bad as the syrian or bosnian war refugee ones canada should step up and take a few hundred thousand ukranian refugees use this opportunity to meet its immigration targets for a couple of years,published 27 feb 2022 cet,27 feb 2022,2022-02-27
441,opinion this is russia s war but we europeans need to learn fast from our mistakes,war in ukraine,15,the lesson of ukraine for swedes and finns is that nato cannot defend countries that are not part of it no matter how egregious the invasion or how angry they are about it americans in particular will not support such an action that s just the way it is they hate being involved in european wars but they honor their treaties so of course putin would attack sweden first and then finland and no one will be there to help aggressors are also the ones who are approaching your borders or invading countries us and nato are doing it all the time aggressors are also those who are oppressing the population of a particular nation russia s invasion is not more than a reaction if you remember how in the 20th century the us reacted to when russia started arming cuba carrebean crisis they didn t like it at all and it almost started a war don t approach russian borders with threats and don t get reactions simple as that this applies to everyone not only russia apologists for putin always try to muddy the water by throwing around words like imperialism of the west without ever defining what they re talking about none of that has any relation to reality in the current situation putin invaded an independent sovereign country without any provocation that is the only reality that matters here he must be stopped and punished putin is a murderous criminal for all the flaws of western countries the principles of democracy are still the overriding rules individuals in a democracy still have the right and ability to change a government they don t like they still have the right and ability to kick out corrupt and murderous individuals claiming those rights and taking those actions require energy and commitment unfortunately too many people have become complacent over recent decades perhaps seeing the real threat in action today will wake more people up democracy takes vigilance and courage and work by every individual mr savage is correct putin and his klepto gang has started a war they are the aggressors the only reason nato is not intervening with no fly zone or boots on the ground is because russia has nukes the baltics and nordics must be defended hitler told the world what his intentions were the world shrugged until it was too late putin has also told the world what he wants a greater russia sure he has thrown in some tactical lies believe him best offence is strong defence nobody has a right to invade a country i pray for ukraine and ukrainian my point being that almost all mainstream media outlet are only critical of putin s aggression presenting a simple narrative overlooking events background negotiation which was underway since months may be years or decades are ignored and hence most public are only critical of putin but there are evidence which shows the hawkish attitude of us and nato alliance which is silently ignored to put it simply i blame all putin biden macron olaf and boris for this war ukraine has been sacrificed in this gambit by us by securing a big economic gain for itself my opinion didn t come out correctly above in statement putin assertions of ukraine being of part of russia is myth putin assertion of ukraine being part of russia is his myth his false belief exactly putin won t stop with ukraine as difficult as it undoubtedly is europe and every country who abhors this act of war must make hard decisions to out an end to putin s march the pain will be significant for all but not as bad as what the future holds if he is not stopped now future generations will not thank us for being afraid to grasp the nettle now before russia s march becomes too monstrous to handle thank you for stating this it is high time for the west to become woke in the true sense of the word i just hope it isn t too late the west is in the weakest position it has been in since the end of the cold war particularly the us the other side of the story does it really matter what he said he has invaded another country simple please explain why russia or any other country has to right to invade its neighbour ukraine now where next any country with a border with ukraine once it is russian war is bad putin assertions of ukraine being of part of russia is myth this war will trouble europe and mostly because of spineless eu leaders spl german and france who can t stand to world politics against america and can secure independent good terms with russia this article completely ignores the devilish aspect of american and uk imperialisms the every fact nato is used as war machinery for global dominance post cold war and collapse of soviet bloc the complexity of ethnic and civil war in these eastern countries have gone thoroughly ignored in this article its shouldn t be a secret to a fair reporting political journalists how pro west government were setup in these countries and cajoled in joining nato and the intention was not to provide security to these countries but to put insecurity in last bastion of communism russia us has played its gambit to aggravate the situation and very well knew russia s reaction nyt cnn guardian announcing for last one month the imminent russia attack and things are happening nord2 has been sacrificed interest of us companies secured sadly ukraine and its people has been scarified in the international politics europe will pay the bill of energy damage and refugee very misleading article and completely ignoring the other side of the story putin never said that the ukrainian land was stolen from russia this a dangerous time for europe and calls for unity to stop this juggernaut trampling on states to regain its so called past glory very well said and spot on a perfect summary depressing and very worrying excellent editorial comment widening the perspective to include the persistent miscalculation of western governments in response to putin s enmity if murders by russian agents of uk citizens on uk soil with chemical weapons was not enough to demonstrate the lengths that putin will go to the deliberate strategic focus on causing deep discontent in the westerns social order through a campaign of a toxic information warfare should certainly have been instead the west sat by and responded with weak and ineffectual sanctions against a mere handful of putin s cronies the west backed away from syria having fought the wrong war in iraq and in doing so emboldened putin s confidence as well as allowing him to sharpen the teeth of his newly modernised military the west had all the signals of putin s intent for over 20 years and decided to profit from a revitalised russia instead of containing his imperial ambitions putin has been at war with the west or a decade only he s the only one throwing and landing all the punches i don t want to power my home with russian blood gas my conscious deplores that it s time to move forwards towards more sustainable energies and independence what would prevent putin from turning off the gas supplies to europe at any time in the future when he demands even more land and power nothing it s time to bite the bullet and the determination to change even though the energy path forward isn t mapped out 100 it is something we can change develop and work on we must not be putin s toys for even more blood on his hands,published 24 feb 2022 cet,24 feb 2022,2022-02-24
442,eurovision bans russia from song contest over invasion of ukraine,war in ukraine,0,NA,published 26 feb 2022 cet,26 feb 2022,2022-02-26
443,interview brexit has turned brits in europe into a cohesive force but problems lie ahead,brexit,2,i think a very big thank you is called for to all those who worked so hard and so effectively just so that they know victor peel the eu only understands what they call leverage consequently so long as they want to see the rights of 6 million eu citizens protected in the uk they ll be mindful of brit rights in europe,published 24 feb 2022 cet,24 feb 2022,2022-02-24
444,i fear my family will be killed ukrainians across europe react to russia s invasion,war in ukraine,2,lighting up brandenburg gate is about as helpful as soccer players taking the knee germany should worry less about lights and more about implementing actual meaningful sanctions of course that would mean hard times for europe because they get oil from russia but it would be a sanction that might actually have an effect on putin sadly we live in an age where virtue signaling which doesn t really cost anybody anything has replaced actual sacrifice in the interest of what is good and right really sad,published 24 feb 2022 cet,24 feb 2022,2022-02-24
445,how americans in europe are struggling to renounce us citizenship,across europe,5,trackback find more informations here thelocal com 20220211 how americans in europe are struggling to renounce us citizenship that s twice the local has deleted a comment about the silliness of denouncing us citizenship it is a great passport one of the best don t denounce anyone who gives up their us citizenship is bonkers nutso it s a huge advantage to have us citizenship it opens up work and living opportunities unlike any other all you have to do is file your tax papers every year if you ve been paying taxes in europe which are higher you don t owe us anything it s just the small matter of filing and that is pretty easy keep it don t give it up and be sorry later jack renounce your us citizenship you d have to be bonkers i ve almost landed us citizenship twice in my life both times i was close but no cigar as they say a swedish passport is good too as it opens up the eu but there is nothing like a us passport problems with embassies aren t limited to the us i m trying to acquire italian citizenship at the chicago consulate i ve got all of the paperwork necessary but appointments are 2 years out and they only add three per day i ve been trying to get an appointment for a year now to no avail,published 11 feb 2022 cet,11 feb 2022,2022-02-11
446,brits waiting to return to uk with eu families given boost,brexit,1,trackback read more here thelocal com 20220211 brits waiting to return to uk with eu families given boost,published 11 feb 2022 cet,11 feb 2022,2022-02-11
447,uk ends covid test requirements for fully vaccinated travellers,travel news,6,in fact in the uk the number of covid deaths is nearly double that of germany per million inhabitants i feel much safer over here but then here in germany i think you have to consider the death rate compared to the uk find more statistics at statista we have nothing to shout about looks like this text part is from previous regulation version so should be amended however it is still mandatory to pay a private company for a day 2 test which is taken on or before the second day or your stay in the uk under current rules the day 2 test can be an antigen test rather than the more expensive pcr tests and arrivals do not have to quarantine while awaiting the results this will be scrapped from feb 11th or 12th for all vaccinated people unvaccinated are still required to book day 2 and day 8 tests and isolation for 10 days to be shortened to 5 with the purchase of an extra test and entry into a government scheme the new rules don t come into force until feb 11 so the article is stating what is currently in force the eu has completely ignored how well england and devolved nations have fared whilst removing restrictions while in germany could not imagine granting freedoms back to the people and despite numbers the overloards are adamant its either worse or about to get worse now france needs to follow suit funny how these policies aren t getting much serious airtime or debate in the european press,published 24 jan 2022 cet,24 jan 2022,2022-01-24
448,how many britons in eu acquired post brexit residency and how many were refused,residency permits,2,trackback informations on that topic thelocal com 20220128 how many britons in eu acquired post brexit residency and how many were refused it is also not clear as to whether austrian figures will reflect art 50 angehörige applications from third country national partners spouses when i asked the bmi about the potential numbers they were unable to say how many cases they might be,published 28 jan 2022 cet,28 jan 2022,2022-01-28
449,eu countries agree to simplify travel rules with covid certificates,travel news,0,NA,published 26 jan 2022 cet,26 jan 2022,2022-01-26
450,why europe could be headed for pandemic endgame,covid 19 stats,0,NA,published 24 jan 2022 cet,24 jan 2022,2022-01-24
451,how long do non eu citizens have to be present in eu to avoid losing residency status,residency permits,2,hi has anyone tried going for the higher cost fibre broadband including calls i am interested so looked at the list of 101 destinations for unlimited calls the united kingdom under any name is not listed but the footnote 2 against sweden says that you cannot make uk calls to 44870 numbers i guess this is a proofing error but does anyone know hi could you please explain how the t i e works and what it would enable me to do in the past i had residencia for 7 years i own property in england and spain and would like to know if my t i e card could be used just like an eu passport regards andrew wilson,published 22 jan 2022 cet,22 jan 2022,2022-01-22
452,what are the covid rules in place at ski resorts around europe this february,travel news,0,NA,published 23 oct 2021 cet,23 oct 2021,2021-10-23
453,uk government to relax covid testing rules for arrivals from europe,travel news,2,thanks the day after i just bought day 2 tests for a trip in a week s time how are switzerland s testing rules for traveling still justifiable,published 5 jan 2022 cet,5 jan 2022,2022-01-05
454,how roaming charges will hit travellers between the uk and eu in 2022,travel news,5,i m going to sweden and norway for a month later this year covid permitting and will probably buy a swedish pay as you go sim card for that period my phone has dual sim capability i could also use whatsapp or one of the other free systems can someone explain how the £2 a day charge will be levied is it based purely on presence of the sim card in the eu if so 30 days x £2=£60 extra is it based only on days when calls made if so 4 days per month x £2=£8 extra is it based on days when calls received if so 10 days per month x £2=£20 extra == the third one is unfair as i get unsolicited nuisance calls and most of them are unanswered why should the consumer pay more because a third party decides to call would 1979 unfair terms act apply the second one might be considered reasonable as it would be my choice whether or not to make a call the first is exhorbitant my existing bill is £15 and so this represents an increase of 400 from £15 to £75 i need my uk phone with me in order to receive calls from banks etc with password and identity checks should i need to remove the sim card and reinsert it just before making a banking transaction first priority must be clarity on fee assessment basis then we can mount a campaign re fairness meanwhile i am letting my old contract with ee carry on beyond its existing term will this avoid charges if so for how long the solution is simple if you have an account with a mobile operator who does insist on charging an eu surcharge port your number to another who does not another example of the stupidity of brexit in addition to roaming charges i am now unable to stream football and sport via now tv when in spain before brexit i could watch the english premiership live in spain but no more reintroduction of roaming charges provides a strong incentive to make calls on whatsapp or similar when one can use wifi eg in a bar or restaurant or when there s a free wifi signal in a city or using inclusive 4g data on a french mobile contract,published 5 jan 2022 cet,5 jan 2022,2022-01-05
455,europe tops 100 million covid cases,across europe,2,i am not wearing the mask now and increasingly more and more people are not wearing them it s a cold or flu get over it,published 2 jan 2022 cet,2 jan 2022,2022-01-02
456,eu moves to label nuclear and gas energy as green,environment,3,fossil gas can contribute to decarbonisation has to be the most absurd sentence i ve read in a long time if it burns fuel that produces co2 it s not green by this logic coal is good for the environment because burning cow patties is worse france and germany did this understandable since they failed to build green infrastructure and now they want to ride this out as a bridge technology also it is just about investments stakeholders could still only invest in real green technologies we know they wont a quick dime i guess sweden will also ride out their nuclear power plants but as a country should invest more into regenerative power otherwise middle and southern sweden will pay the bill for the energy hungry german industry btw 1kwh windrotor is only 2500€ suffices for most baseline consumption typical eu double speak fossil fuels are now labelled transition fuels,published 1 jan 2022 cet,1 jan 2022,2022-01-01
457,compare how europe is ending 2021 with record covid rates and new restrictions,covid 19 stats,0,NA,published 31 dec 2021 cet,31 dec 2021,2021-12-31
458,vaccines not enough european countries urged to act against omicron variant,NA,2,the agency called for strengthening and reintroduction of non pharmaceutical interventions such as mask wearing hand hygiene distance working and prevention of crowds in public spaces how about get fresh air don t overwork yourself take care of yourself eat and sleep well surround yourself with good people years after this mess we will be hearing cheers and toasts about how we conquered milionth variant but noone will care about increased depression abandonment lack of purpose and enormous stress people get i started being grateful that we can experience this global chaos to see how we as society are really divided and cannot communicate how about all of the above for your health plus follow scientifically proven measures on preventing the spread of a novel coronavirus that is ravaging vulnerable populations around globe not everyone can go for a walk or enjoy themselves as you suggest such as the elderly or medically vulnerable who will be the ultimate victims of this obsessive medical libertarianism that seems so prevalent here a minor inconvenience in your lifestyle is a life saving measure for them i m sure those who died due to lack of appropriate measures in elderly homes at the start of the pandemic in sweden would have appreciated the opportunity to actually stay alive due to these simple preventative steps pro tip nothing will ever be enough europe has for some reason decided to kill itself history will look back with sheer astonishment on why a prosperous free continent decided to just give up kneel over and die greetings from a free state across the pond it s been 2 years 4 shots face muzzles waiting in line on designated stickers shutdowns lockdowns remote working more lockdowns more boosters it will never be enough until the controllers get what they want how is it nobody can see the damn forest for the trees here it just gets more and more absurd as the days go on and everyone just lines up to jump off the cliff like good little lemmings my faith in humanity is the lowest its ever been,published 15 dec 2021 cet,15 dec 2021,2021-12-15
459,update what travellers from europe to uk need to know about new covid test rules,covid 19 rules,1,a good tip for people arriving at london stansted airport you can book a pcr test on arrival at the airport and get the result within 24 hours so you won t have to isolate for too long,published 28 nov 2021 cet,28 nov 2021,2021-11-28
460,why is german speaking europe lagging on covid vaccines,covid 19 vaccines,1,no ifs no buts mandate the vaccinations,published 24 nov 2021 cet,24 nov 2021,2021-11-24
461,omicron variant poses high to very high risk to europe eu health agency,covid 19,0,NA,published 27 nov 2021 cet,27 nov 2021,2021-11-27
462,eu approves first covid jab for children aged 5 to 11,covid 19 vaccines,0,NA,published 25 nov 2021 cet,25 nov 2021,2021-11-25
463,update european countries must act urgently amid worsening covid outlook,covid 19,8,confused australia with austria masks and lockdowns help while they are in effect what s hard to understand here vaccines help for 6 18 months what can t you understand here in order to avoid healthcare being strained during a wave of covid we would need 50 100 times more icu beds and corresponding staff increases corresponding increases in the number of hospitals ventilators etc etc no society on earth can afford this tgvdeparis not true please deal in facts not what you read on social media this was more disinformation by social media with claiming children were being removed from communities and being held down to have forced to vaccinations the traditional owners have expressed concern over this misinformation the following comments are from the traditional owners in the areas where the allegations have been made people are very hurt by the untrue comments being made in the media and social media about their situation people on social media saying that our people are being mistreated need to realise their comments are hurting the very people they claim to care about wurli wurlinjang health service it s not happening here i don t see any military around this community this is the first time i heard that when i happened to be watching tiktok this morning there s no army trucks driving around or removing people or forcing people to get the vaccine kunwinjku man andy garnarrandj a local council chairperson in gunbalanya nt labor senator malarndirri mccarthy a yanyuwa woman from borroloola whose family members are among the territory s infected called for a stop to disappointing negative messaging i ve not heard of anything other than people being assisted in the right way there is no segregating of people here in a way that hasn t been talked about with all those people involved ms mccarthy said the spread of unconfirmed information is creating division in a situation that is traumatic enough for families who know that covid is in their communities they need support in the right way in working together in bringing people together not dividing them and terrorising them with messages that are just simply untrue she said that is exactly what we need misinformation chaos and overall stress i love when who sends recommendations without providing detailed data so many people die what are the age cathegories any present diseases lifestyle how much stress due to social limitations invoked during entire 2020 nothing to show how about focusing on finding the reason the pandemic started which country paid for the project get some details oh wait no it means dwelving into politics who and politics do not get together right where is research focused not only on vaccines and how can you call a vaccine a vaccine when it boosts your immunity for a couple of months i eat vitamine c which also boosts my immunity should we use vaccination why not can i see side effects they are unknown oh how sweet should we force people to get vaccination if we call our country democratic so probably not just provide with info about pros and cons of vaccines show tips about healthy lifestyle let people socialize but leave people be and decide for themselves this is madness who provides detailed information on their website and to governments finding the origin of the pandemic won t do anything to end the pandemic research also goes into medicines against covid no immunity natural or from vaccines lasts forever vitamin c doesn t boost immunity side effects of covid vaccines are one of the best researched ones in the history of humanity we already force people to vaccinate against a multitude of things in childhood and for a good reason no lifestyle protects against respiratory diseases unless that lifestyle is living alone in a cave covid 19 is the leading cause of death across europe and central asia the who reported citing figures from the institute for health metrics and evaluation where does such misinformation come from how could the who possibly claim such a thing when the data points to a completely different picture this is a widely known things reported by all of countries that experienced covid waves lockdowns just because you don t like it doesn t mean it s misinformation what the experts should say is we don t know no one knows this virus obviously is acting much differently than anything that we ve seen in the past keep wearing masks and avoid unnecessary contact with people have meetings outdoors as much as possible if in the winter online there really seems to be no other choice every time we lower our guard the virus makes a comeback according to what you said that experts don t know why wear mask and avoid contact with people indicated by experts if they don t know anything experts go to hell all of you what a shameful group of useless people that knows nothing after two years and has the ability to mandate others and if you think there is no other choice then follow your indications forever wearing masks everywhere and don t contacting anybody but don t make others follow your nonsense arguments in recent months many countries have indicated to their populations that covid 19 no longer represents an emergency threat and have eased measures such as mask wearing and physical distancing in crowded or confined spaces if mask is so efficient why sweden is in the lower place of the graphic of cases it is really weired that the who thinks that pharmaceutical products are the solution instead of living a healthy live i guess it would be much more helpful to recommend breathing fresh air regular exercising and eating healthy food instead of sugar but of course this would generate less revenue for many big companies,published 23 nov 2021 cet,23 nov 2021,2021-11-23
464,explained can i leave austria to go on holiday during the lockdown,travel news,0,NA,published 22 nov 2021 cet,22 nov 2021,2021-11-22
465,mandatory jabs and restrictions how europe is responding to the new wave of covid,covid 19,2,infection rates continue at a high level in the uk mainly due to the lack of restrictions and a total reluctance by the government to impose any restrictions which is a good thing and what the eu needs to follow we cannot vaccinate in the eu for ever so we need a high level of exposure and natural immunity the covid rate despite no restrictions has been flat in england for several months proving perhaps that covid passes masks testing etc are in the end counterproductive as they reduce exposure and so weakens the immune systems of the 99 who are not normally affected to amy great extent by covid the 99 in much of the eu fail to provide herd immunity and have their own immunity lowered by reduced social contact the thing that should have been done was to remove all mask restrictions in the summer when infections were low and accept that covid number would rise but herd immunity would kick in this appears to have happened in the uk and some us states but not it seems the eu who seem determined in the main to destroy their chances of getting through this by being over cautious and demonising whole sectors of their populations for no good reason what about the uk it s still in europe and your article is headed with the word europe it s the second biggest country in europe how can you not include it many swedish citizens residents like me have very close connections with the uk and are very interested in the status there > the u k s the second biggest country in europe eh not by area it s 9th excluding russia and ukraine wikipedia list of european countries by area as an aside france is 1st excluding overseas overseas departments france and somewhat similar british the u k might be 2nd by population but just barely excluding russia and turkey it s either 2nd or 3rd about the same as france the confusion is the figures include overseas regions france but the british figures are not equivalent wikipedia list of european countries by population perhaps more to the point the u k actually just england and wales if my memory is correct voted to leave the eu and since then has been trying to tear up the brexit related treaties that admittedly probable minority have made it very very clear they want nothing to do with europe so why bother with counting them especially at a site written in english i e for an audience who is obviously capable of checking british sites which one should be doing anyways as a double check of course this point is rather undermined by the article also not including any information on ireland the english speaking independent country which actually is part of the eu plus lacking various other eu european countries,published 20 nov 2021 cet,20 nov 2021,2021-11-20
466,countries across europe impose curbs to slow new covid 19 wave,covid 19,0,NA,published 13 nov 2021 cet,13 nov 2021,2021-11-13
467,wristbands fences and 3g how will christmas markets look this year in austria,travel news,0,NA,published 26 oct 2021 cet,26 oct 2021,2021-10-26
468,europe could see 500 000 more covid deaths by early 2022 who warns,covid 19 stats,2,point taken thanks but my rant had more to do with scaremongering models that until now have proved themselves to be totally wrong scaring the wit out of people is totally counter productive in the end people are sick of it and just want to live normally the number of covid cases is now pretty disconnected from the number of hospitalised cases who for the vast majority are un vaccinated getting vaccinated is a no brainer as far as i am concerned it was sweden but it could have been any other country it showed coolness under pressure and history will show that all figures balanced it will have fared far better than the vast majority melbourne australia 361 days of lockdown 111 + 250 new zealand the zero covid proved to be a total global failure and the truth is that new zealand health system was just bare to the bone and unable to even tackle a fraction of this pandemic as an australian living near melbourne i can point out that although there has been much opposition to lockdowns most people supported them australia has avoided the worst of covid 19 and i for one support the sort of measures that avoided the worst of the pandemic plagued europe in 2020 models are never exact and no one producing them expects them to be they are an essential aid to planning anger is not what a load of tosh could should would all based on phone mathematical models that proved totally wrong in the end this is scare mongering at best it reminds me doctors in france appearing masked on tv in february forecasting people would die on stretchers in hospital hallways thank god macron slammed his fist on the table saying he had enough and refused to lockdown he was right nothing of the forecasted doomsday happened the same is happening now doctors appearing again masked on tv to the bewilderment of their interviewers remember pr ferguson in the uk the very one caught with his pants down 500 000 deaths in the uk no less do we count the number of flue cases every year nope do we count the number of people flue vaccinated nope does flue kill you bet here in france the nonsense is again in full thrust children age 10 have to mask in schools and it irritates me to see sweden flogging itself about the way it handled the covid crisis numbers of flu cases vaccinations and deaths are indeed counted percentage chance of dying from seasonal flu is much less than dying from covid see for example this article in the lancet containing data from france comparison of the characteristics morbidity and mortality of covid 19 and seasonal influenza a nationwide population based retrospective cohort study december 2020 it says in part 89 530 patients with covid 19 and 45 819 patients with influenza were hospitalised in france during the respective study periods patients with covid 19 were more likely to need intensive care and the mean length of stay in the icu for covid 19 was twice as long 15 days sd 14 for covid 19 vs 8 days 9 for influenza table 2 a quarter of patients with covid 19 remained in the icu for more than 3 weeks table 2 patients with covid 19 were more likely to require invasive mechanical ventilation than patients with influenza if admitted to the icu patients with covid 19 were also more likely to need mechanical ventilation than patients with influenza in hospital mortality was higher in patients hospitalised for covid 19 than patients hospitalised for influenza with a relative risk of death of 2 9 95 ci 2 8 3 0 we found a standardised mortality ratio of 2 82 therefore the number of observed deaths was considerably higher than what would be expected if the covid 19 population had the same probability of dying as the influenza population mortality was also higher in patients with covid 19 who were admitted to the icu whether they were mechanically ventilated or not after stratifying patients according to the main comorbidities the in hospital mortality for patients with covid 19 was roughly three times higher than that of patients with influenza for all the main comorbidities except pulmonary bacterial coinfection for which in hospital mortality was two times higher for patients with covid 19,published 4 nov 2021 cet,4 nov 2021,2021-11-04
469,european travellers warned they may have to self isolate in uk,travel news,10,happened to me last week is there any way you guys can keep an eye on this and update the article if they update their rules in the uk that would be super helpful track and trace has been a failure and they are just going through the motions i plan to travel by train from provence to wales in march the french govt continues to apply sensible précautions and the majority of french people at least where i live continue to répond in a responsible manner most of those on the tgv and eurostar will have been double jabbed and will be wearing masques i will not feel unsafe until i alight at st pancras i may be inclined to voluntarily self isolate on my return to france there is a far greater risk of me bringing infection back from the uk than carrying it in this happened to me while i was visiting the uk from october from germany i got pinged by nhs track and trace 2 days before my flight home presumably they automatically sign you up from details on the uk passenger locator form i was told that i was legally mandated to self isolate for 10 days but only because my double vaccinated status was not recognized due to being given in germany incidentally where my biontech vaccine was developed i took absolutely no notice whatsoever apart from doing 2 negative lateral flow self tests before leaving and took my flight as normal don t worry the nhs tnt people are so incompetent it is very unlikely that they would ever catch anyone and i was fully prepared to legally challenge this purely political spite so will absolutely sign up to the uk petition when available online thanks i was pinged from the nhs track and trace in august and had to stay in the uk an extra week which caused me problems with my german employer i have just started a gov uk petition for this to be reviewed unfortunately it won t be published for a week due to the review process but if you can please search under for recognise eu covid vaccination certificate for nhs test and trace exemption next week and join the petition hey do you know if your petition is already online a search turned up no results on the link so track and trace recognises only english or is it ukgbni vaccinations presumably including non brits worldwide who have been vaccinated in england or is it ukgbni will track and trace or the person authority concerned please tell us why if he she it they won t why not could it be one of these reasons 1 england or is it ukgbni considers itself the only country capable of properly delivering vaccinations 2 does england s or is it ukgbni s choice of vaccines rule out the relevance or efficacy of other vaccines 3 is the special treatment viewed as an aide to preventing further spectacular increases in england s or is it ukgbni s covid count from new cases to deaths 4 how wide is the contact area for test and trace to feel compelled to act eg an aeroplane cabin a train or chunnel carriage a cross channel ferry an airport terminal a motorway service station you get my drift 5 is this because morocco has put england or is it ukgbni on its red list 6 was it a misprint in some administrative governmental memo can someone throw some light on the matter apart from being bewildered chris l w is this actually across the whole uk or is it true only for england my daughter lives was vaccinated in scotland she has told me she had to self isolate when track trace identified her as a contact case i know it s hard to keep up with all the details but uk is so often used as a proxy for england when the devolved governments are often following different policies my first reaction as someone who has london reservations for early december was that this was bullsh t but come to think if i were notified in france that i d been in contact with an infected person here i d probably be inclined to self isolate even though i m vaccinated given the much higher likelihood of that happening in the uk with its much higher infection rate well i ve been considering cancelling my trip anyway and this may cinch it tough luck london hotels and concert halls what the actual f k is this about someone explain it to me like i m 5 this happened to me at the end of september there is no need to isolate on arrival if you are fully vaccinated but if you are identified as being in contact with someone e g on the flight to the uk then you have to isolate until the 10th day after contact those vaccinated in the uk don t need to isolate just non uk vaccinated i didn t have to isolate until the 6th day there when i was contacted by the nhs track and trace schrödinger s vaccinated bit of a cheek that considering the state of play on plague island i was contacted by the track and trace in september just said i had been vaccinated i didn t tell them where and that was it,published 25 oct 2021 cet,25 oct 2021,2021-10-25
470,sas fighting for survival as nordic airline s shares plunge,travel news,2,i was shocked to see our sas business class sfo cph a350 about half full on our round trip flights of course the full price tickets were about $7500 hope sas survives and lowers fares 7 500 us not 00 i was just wondering last week when i was in copenhagen why sas doesn t join forces with icelandair and finnair and merge into a new company called nordic air together they may be stronger so bruno and david prefer to see an airline which is going bust but at least they keep their legacy name it is a commercial necessity to merge with other airlines all over europe airlines have merged to survive sas is a proud historic name perhaps the public should hear scandinavian airlines system more than sas the airline does appear to have a monopoly on sfo cph non stop currently with the disappearance of norwegian airlines route structure and aircraft type are really critical nowadays because a 3 country airline is a basket case to run let alone a one country airline trust me i m a pilot then i can t imagine the finns or the icelanders to see the name of their countries vanish nordic sounds really cheap airlines legacy airlines carry a hell of a lot history a thing people tend to forget and airline employees are very proud of i know i am,published 25 oct 2021 cet,25 oct 2021,2021-10-25
471,driving in europe what are the covid rules and checks at road borders,travel news,0,NA,published 21 oct 2021 cet,21 oct 2021,2021-10-21
472,update us to lift travel ban for vaccinated europeans on november 8th,travel news,2,sad thing is now it s paradoxically actually easier for europeans to travel than americans they have the luxury of testing before they leave home if positive stay home we americans who miss italy have to risk testing positive while we re overseas which is a luxury only the most priveleged can afford us plebs can t risk having to add on 10 more days in a quarantine room to our trips it s actually easier for americans to get into europe than get home even while the us is one of the worst countries in the world for delta many european countries will let us in just showing the cdc card if someone can explain how this makes any sense i d love to hear it it s extremely frustrating and also detrimental to the vaccine effort in the us either the vaccines work or they don t but the policy of forcing vaccinated to test before returning home makes it look like they don t stupid stupid stupid stupid agreed going to france was easy i just showed that i was fully vaccinated i came back to the us from paris last week from a country that is over 85 vaccinated to my own country that isn t even 60 yet but i had to get a negative test in paris first crazy about time,published 20 sep 2021 cet,20 sep 2021,2021-09-20
473,eu medicines agency approves covid 19 booster vaccine for all adults,covid 19 vaccines,0,NA,published 4 oct 2021 cet,4 oct 2021,2021-10-04
474,explained what are the rules for travel between austria and the uk,travel news,0,NA,published 27 sep 2021 cet,27 sep 2021,2021-09-27
475,will travellers vaccinated with astrazeneca in europe be able to enter the us,travel news,0,NA,published 21 sep 2021 cet,21 sep 2021,2021-09-21
476,austria mulls banning unvaccinated from cafes restaurants and gyms if icu situation worsens,covid 19 health pass,0,NA,published 10 sep 2021 cet,10 sep 2021,2021-09-10
477,sweden gives green light to vaccinated tourists from some countries,travel news,0,NA,published 16 sep 2021 cet,16 sep 2021,2021-09-16
478,passport stamps what british residents in the eu need to know when crossing borders,residency permits,13,i ve always said please do not stamp my passport as i m an italian resident they usually shrug and wave me through today i was asked if i m an italian resident and when i said i am my passport was stamped anyway i have heard of many italian residents brits coming back from the uk who have had their passport stamped and if they challanged the official about it they got very rude responses one was even asked if he wanted a stamp on the nose interesting article but it would be useful to cover what should happen when travelling from an eu country that s not your place of residence i have german residency went on holiday to spain then visited family in the uk before heading back to germany i got an exit stamp from spain which i understand may be correct as the no stamp rule i believe may only apply when travelling to from your eu country of residence clarity would be helpful on this it s likely that people will end up with a selection of non sequential entry and exit stamps which could cause issues as time goes on most unpleasant border control lady at arlanda tried to stamp my passport on exit to london two weeks ago had presented my uppehållstillstånd card at the outset but she was determined to stamp the passport i had to object very strongly to her and i called on her to check with her colleague in the next booth who immediately corrected her she then had the temerity to warn me to present my card always which i had done doh to top it off she then said well its your own fault you wanted brexit so that s the problem here i think that tells you all you need to know about swedish authorities attitude to british nationals nowadays i was the very last person in the passport queue arriving at nantes france so the official was not under any pressure with queues i presented both my passport and my titre de séjour card for 10 years he asked if i lived in the uk or france and i told him in french that i live in france at first he was going to just return my passport but not my titre de séjour card when i insisted i had given him my residency card he checked the desk found it gave it to me but then stamped my passport what a fiasco i told him that he shouldn t have stamped my passport because i d told him i lived in france and given him my card as proof but of course it was too late by then when i checked the stamp s when i got home i saw a stamp for leaving on 22 8 2021 and one returning on 12 9 2021 but no indication of the 90 day limit i returned to denmark last weekend i presented my residency card and they still stamped my passport i really hope it does not cause me problems when i travel elsewhere in the schengen area does anyone have any experience of travelling between italy and the u k by car this obviously involves a transit through france and as i understand the rules our italian residency does not exempt us from the 90 180 day rule when entering france holders of a long stay visa or residence permit issued by a schengen state or monaco may also travel to other schengen states without an additional visa for a stay of up to 90 days in any 180 day period this affects people travelling overland between uk and spain italy etc as their transit time in france is subject to the 90 180 rule question is how is time in schengen apart from home state assessed there is no facility for recording entry exit of home state given lack of border control using example of london rome traveller passport is stamped with entry at calais traveller arrives rome a couple of days later and and stays at home for eight months then decides to take another trip to uk at calais is identified as potential over stayer as entered france and never left proof of italian residence does not prove that overstay period was spent there how would an italian resident refute prima facie case of being an over stayer undoubtedly traveller would be allowed to continue to london but what happens on getting back to calais and being identified as a previous offender would this traveller be excluded from schengen zone and thus have her his rights under withdrawal agreement disrespected would only way back home be by air the law is clear but the logistics of practical determination are not how can this issue be resolved without massive detriment to individuals involved good article but it should more clearly distinguish eu and schengen for example in this sentence for visitors the 90 day rule comes into play meaning that they can no longer spend more than 90 days out of every 180 in the eu and schengen zone the reference should be to schengen not eu thanks my guess is that since eu citizens living in the uk only have digital evidence of their residency their passports are stamped by uk immigration and consequently the continentals feel obliged to do the same remember you re dealing with children the training issue goes on passport duly stamped at cdg last night entering from the uk despite presenting my titre de sejour the reply in french to my request in french not to do this was since brexit we stamp all english sic passports my plea about being scottish i know no more of a passport nationality than english didn t work i also got stamped at gdg on the 31st august even though i showed my carte de sejour and politely explained i was a french resident and that i shouldn t be stamped i was told all foreign passports must be stamped since brexit i was foreign even though i live in france at least he didn t refer to me as english perhaps understanding where edinburgh is further education seems to be required for the border force s as they still aren t listening or understanding and this could cause real problems for people making frequent journeys in out of schengen one potential problem with exit stamps is that it might indicate you have been out of the country longer than you have as i understand it the 5 year carte de sejour issued under the wa doesn t allow you to leave the country for more than 10 months if you want to change it for permanent residency when it expires not really just a souvenir then is it the simplest answer would be to train the border staff to do a not particularly difficult job properly thank you for shining a light on this issue which has been an ongoing problem for brits living in denmark this year although some stamping has been taking place in denmark it seems that the problems mainly occur when travelling via another eu country and schiphol has been a stamping hot spot which our sister group british in the netherlands have been working hard on over the past few months a few points i just want to mention for clarity recipients of the brexit withdrawal agreement wa shouldn t be stamped if you aren t a recipient of the wa are a visitor or took up residence after the end of 2020 then your passport should be stamped recipients of the wa should not be stamped at any schengen border not just when entering or leaving our country of residence you say the problem of wrongly stamped passports seems to have been most common in january and february 2020 immediately after the transition period so could have been put down to people getting to grips with the new system i think you meant january and february 2021 paula from british in denmark one issue for me is i have lots of spanish entry exit stamps as i had been travelling between the uk and italy via spain i m not sure if it will cause issues in the future the main reason was because direct flights between the uk and bologna have been cancelled for most of the year which i solved by flying via madrid when i have flown direct i ve had some at passport control stamp the passport even when presented with the residence card on the other hand the first time i left italy i didn t get my passport stamped the officer asked why i had no entry stamp i said i was resident and this was my first time i left italy since brexit and he didn t ask for further proof yesterday was the first time i left the schengen zone by land on the border between slovenia and croatia they didn t even bother opening the passport in the car everyone else was italian so it was my uk passport and 3 uk id cards whether they just assumed it was an italian passport among the id cards i don t know would they stamp my passport if travelling alone or with other british citizens,published 13 sep 2021 cet,13 sep 2021,2021-09-13
479,updated what austria s vaccine expiry date means for travellers,travel news,0,NA,published 20 aug 2021 cet,20 aug 2021,2021-08-20
480,eu recommends tighter restrictions on american tourists as us removed from covid safe travel list,travel news,6,another important issue that i haven t seen addressed anywhere is the fact that covid survivors here in italy don t meet the vaccination requirement of some countries like canada that s because italy is one of those countries switzerland s another that s decided to only give one vaccine shot to covid survivors and canada requires two shots from everybody whether you re a covid survivor or not since we survivors here in italy are not allowed a second shot i ve asked my doctor for one and he said he couldn t we re pretty much stuck well this surprised absolutely no one and if anything i m surprised we us ever even left the risk list in the first place if the news that people and some jails here are trying to use anti parasitic medication to treat coronavirus isn t enough cause for concern then i don t know what is the medication in question is called ivermectin and is used to treat parasites like roundworms in livestock and of course it s not going well for people that use it here s the story from npr about how some jails are trying to use this for treating coronavirus and a story from cbs on how the cdc centers for disease control are in an uphill battle warning people not to use this stuff prepare your sanity for a lot of stupid in these stories sorry about the double post admin mods i thought my original comment had been deleted or something why has the us been removed because half of the country are a bunch of anti science vaxx idiots who believe that taking vitamins injecting bleach or the latest fad taking anti parasitic medication meant for livestock will cure them of coronavirus they re also more scared of wearing a mask than a virus that has killed well over 500 000 people here and on track to reach a million by the end of the year there i fixed that for you in all seriousness though of course the us was going to be either banned or put on a risk list cause the writing was on the wall it never left in the first place so literally no one should be surprised at this point and the money isn t worth another outbreak also i m dead serious about people resorting to using livestock medication to try and cure coronavirus it s called ivermectin and it s typically used to get rid of parasites like roundworms in livestock like cattle and obviously it s doing more harm than good but the misinformation has spread so much here that some prisons are using it as a treatment here s some links to the articles in case you don t believe me i wouldn t blame you since it sounds so insane and prepare your sanity cause it s about to be tested with stupid that s amped up to 11 the story about ivermectin and the story on inmates in arkansas given ivermection as coronavirus treatment maybe they should lower the speed limit to 50 km h on the freeways too save thousands of lives we two americans are supposed to fly in four days on sas from san francisco to copenhagen non stop for a three week vacation in denmark we are fully pfizer vaccinated more than fourteen days ago we cannot get anyone including sas and the danish consulate to tell us if denmark will let us into its wonderful country are we correct to presume denmark will david according to the us embassy consulate in the kingdom of denmark website effective june 5 the danish government announced that fully vaccinated travelers from oecd countries which includes the united states may travel to denmark including for tourism travelers from the united states can enter denmark if you have been vaccinated with a european medicines agency ema approved vaccine and it has been 14 days or longer since your last vaccine shot fully vaccinated travelers from the united states are also exempt from testing and quarantine requirements upon arrival in denmark you must present documentation that you are fully vaccinated which includes your name your date of birth what disease you were vaccinated against the vaccine name your vaccination status and the date of vaccination both first and second dose if your vaccine had more than one dose that was last updated august 30 2021 so it s very recent and if you want to read the whole thing here s the website good luck and i hope you can still make your trip goodness knows we all need one right about now important to know if you are traveling to italy as a non vaccinated us citizen you will not be able to dine inside you will need a green pass showing you are fully vaccinated to be able to do so you will also not be permitted to enter a museum or any other public building and as of september 1st you will not be allowed to travel on interregional trains or buses they all require the same green pass so if you do happen to be able to get here there isn t much you will be able to do heh so they can look but don t touch or eat in this case good cause their anti vaxx idiots money isn t worth another outbreak and preventable deaths nine times out of ten they ll just make a scene at the restaurant anyway complaining about how the food tastes like garbage all they re used to is sugary and salty junk and then demand to see the manager to try and get out of paying for it they make good fodder for yt videos but that s about it and even then it s not worth it good on italy and other countries that do the same,published 30 aug 2021 cet,30 aug 2021,2021-08-30
481,sweden extends non eu entry ban until october,travel news,1,am i understanding correctly can i travel from stansted via copenhagen without staying overnight in copenhagen and then get bus or train to gothenburg and be allowed in so i can visit my young granddaughters and my daughter who really needs my support since she split with swedish partner at the start of covid march 2020 i have flight booked sept 9 th to goteborg its my 7th attempt and this time it has not been cancelled so i am going to loose the flight money as i assume i will not be allowed over the border i am double vaccined since march but in england so not recognised in sweden any advice gratefully received i am desperate to go and support my daughter who has no other family there michelle,published 26 aug 2021 cet,26 aug 2021,2021-08-26
482,brits with eu partners warned over future problems returning to live in uk,brexit,8,gentlemen let s please have a civilized discussion here i have never imagined that this is a place to verbally abuse anyone or call to task anyone s personal opinions we are all very opinionated people that is clear but one thing that is increasingly happening in the world is that we are expressing these opinions without regard to anything other than our own personal needs social media has allowed this abnormal process to live and thrive there are other venues to use to express oneself in a critical way this however is not a place for malice towards anyone thank you as i understand it the deadline set for end of march 2022 only applies to those partners who were already in a relationship on brexit day so tough luck to those who find new partners i have a friend in this very situation the family has moved back to the uk while his dutch wife is staying with friends he was told 8 12 weeks i think but it s looking closer to 8 12 months assuming she isn t rejected agreed with the above comment we can not classify all migrants as potential terrorists but my main concern is that uncontrolled immigration can and will likely lead to the rise of right wing fascist groups in those countries that allow this one only has to look at the usa and donald trump to see where this can go in a country once considered to be the beacon of democracy and i think many of us can agree that it s not pretty great article thanks but think this should read now rather than not now they have to either move back before march 2022 or face the prospect that moving back in future might not be impossible this is appalling given the unfettered illegal immigration happing in the uk at the moment the uk is happy to accept future terrorists in rubber dinghies but reject perfectly decent and respectable people just because they happen to be born outside the uk yet another example if one were needed of the irrational clueless policy making by johnson s so called government migrants fleeing war and persecution and then legally gaining asylum are not future terrorists in rubber dinghies i would rather have 100 of them in my neighbourhood than 1 racist ignorant troll such as yourself i assume this eternal brexit cruelty also extends to future relationships between single uk citizens living in europe that don t even exist yet so i now have to be careful about the nationality of any new partner i might wish to meet fall in love with and marry completely inhumane yet another example of the benefits from brexit these rules always applied to spouses from third countries when uk was in the eu now the eu is just 27 third countries as far as uk immigration is concerned they are a lot more lenient when it comes to ham sandwiches though,published 24 aug 2021 cet,24 aug 2021,2021-08-24
483,compared how covid vaccination rules for children differ around europe,covid 19 vaccines,1,the expression about the german vaccine advisory board is very euphemistic but it recently did a u turn after analysing new research most people in germany know that this new research was nothing else than pressure applied by the ruling politicians who want to buy and use as many vaxx doses as possible for whatever reason one of those politicians is german s minister of health who has no medical knowledge at all and is a bank clerk by profession but his ability to buy some new mansion just during the pandemic while telling the poorest people in germany that they shouldn t complain shows that he s at least able to make a good bargain for himself,published 18 aug 2021 cet,18 aug 2021,2021-08-18
484,uk changes travel rules again to impose quarantine on european arrivals who had mixed vaccine doses,travel news,14,does anyone actually know if when visiting the uk from denmark for 3 nights friday to monday if we actually need a fit to fly test or will the day 2 results suffice i was leaving stanstead airport yesterday morning and their customer service team there 4 of them could not answer the question months ago i mentioned that this vaccine malarky was just a money making scam and reading all your messages above confirms it most people on this site jumped down my throat calling me terrible names well i hope you re feeling sorry this whole scheme is so costly and so unfair we have just spent over €1000 on covid tests for three of us travelling to the uk for a family visit and wedding third time it had been postponed the costs are outrageous and clearly aimed at filling the coffers of the private healthcare system this lining the pockets of many politicians and their chums our daughter was made to do 2 tests within the first 6 days and we also had a person call round the house to check she was there on the 4th day of her quarantine all this because the full 14 days had not passed after her second vaccine worth noting that at no point during our trip to and from the uk did anyone ask to see our vaccine certificates green pass as for the mixed vaccines rule which would have applied to her i have only just read about this thankfully we are now back home in italy however i have also noticed that the tampone costs have increased from €39 to €50 per person i can imagine there are families who have not been able to reunite this summer because of this prohibitively costly set of hurdles it s a poor reflection on the uk government but really not that surprising unfortunately how do they know what vaccines you have had my pass sanitaire says 2 doses and moderna but my first does was az is there something in the qr code that says i hvae had one az and one moderna i was just starting to plan my trip home to see my parents and now i have no idea when i can go and see them i would be interested to know this too i called the home office self isolation hotline 0800 678 1767 on the uk gov website to clarify this rule about the one vaccination for covid recovered travellers on my pass it says dose s 1 vaccine completed and the person on the line responded by saying i don t need to quarantine still haven t book flights and still waiting for clear verification for this the whole thing is a complete mess let s face it all these rules are setup to stop people travelling the sheer complexity and cost of the uk scheme discourages most people to travel that s the goal from the government s point of view ministers rather be hated they are anyway than sitting in the dock for allowing a disease to spread and having done nothing to contain it and most importantly from the government s point of view this pandemonium will be long forgotten when the next election is called up the uk government has obviously introduced this change by the back door as there has been absolutely no publicity about in the uk the whole thing is underhand but that s no surprise from boris cohorts i live in scotland but have small property in italy which i have been unable to visit for nearly two years the bottom line is none of the uk governments want anyone here to travel anywhere are masters at antagonizing europe us shocking hello concerning the covid vaccination requirements in france is it the case that only one jab is required when one recovered from covid i would like to verify this detail which i read as a non european who would like to travel to france in a few months thank you for your comments yes i confirm that rule it s politics and has nothing to do anymore with fighting the virus i was in the uk for two days 10 12 august and just returned to france before my flight i had to pay for a 2 day test before getting the amber passenger locator form from the uk government s website the test i paid for will not be available until october for two reasons first it is one of the cheapest as it cost me about £21 the others i saw on the list were at exorbitant prices £50 £129 £240 £700 et cetera and i think france had made the right decision to start charging for the pcr test it will be unfair to let any british or other travellers take these tests for free when they are charging foreigners for them we are not muttons uk s 2 or 8 days tests are now in the form of extortion of the highest order it takes looking at the government accepted providers to see the scale of what seems like fraudulent charges which translates to what pro eu like me are predicting that the uk is a mess since brexit there are no regulations whatsoever when it comes to the limited prices to charge for these tests second i was only in the uk for two days but i still need to book the test to obtain the passenger locator form to get into the uk in resume it means i paid for nothing and wasted my 21 pound sterlings another issue is that travelling to the uk at these moments is complete chaos i wonder whether uk nationals coming into france had to go through similar worst experiences i encountered it took us less than 50 minutes from cdg to london heathrow terminal 2 but it took us about 2 hours to get out of the airport the queues because there were two consecutively at the passport checking area where i should say in french interminable i took photos and videos there was no social distancing no gaps and some people did not properly fit their masks on their faces because they proudly exposed their noses it was a perfect terrain to catch covid 19 getting through the first queue took us 50 minutes through endless circles when we finally got out i thought it was over unfortunately that little compared to what lay ahead of us a lady directed us to join the second queue this time heading towards the e passport gates it is sad to say this but brexit or no brexit or covid or no covid i firmly believe the current uk govt is incompetent to lead i love london so much but they have turned the city and country into a despicable playground out of the long list of e passport gates only three are in service and these three gates are to serve hundreds of passengers on this queue anyone who travels a lot like me to the uk can relate to what happens when some folks passports will not go through the e gates and they will not budge until someone forces them out of this place well we had lots of these people and they made our waiting for a living hell when i got out of the airport i met complainers like me and those who feel that we are lucky not to have stayed longer than those who flow in yesterday or the day before because it was worst then some said the airport is short of staff because many refused to come back to worst and some had gone back to studying i do not blame those who prefer to pursue their education rather than stay put at this kind of job in a country heading down the hill as it seems right now my return flight on the 12 experienced significant delay because as the pilot told us later the relationship between france and the uk has not been a good one since brexit they had to go through lots of screening before being allowed to take off overall what is clear is that the uk is utilising this covid 19 situation as a political weapon to frustrate those from the eu particularly france it is sad uk may be charging more for tests but they did give a vaccine to the world at cost sounds like you should give up on international travel for a bit two observations 1 if my understanding is correct germany is on the uk s green list so no proof of vaccination require just pcr tests 2 days pre and post arrival 2 take a look on your eu digitale zertificate der eu it s just got the one qr code on opening showing you are fully vaccinated yes border control can do a bit of scrolling to find the first one but i doubt they will thanks simon but not a working proposition to justify the costs of travel carole what is the matter with the uk and what scientists are they listening to when they make these ridiculous decisions a new 27 july british study confirms that the mix of az pfizer is one of the best and gives above average protection introducing a 10 day quarantine is insane or is this yet another way of lining the pockets of the government due to the high price of the vaccines and having to pay for additional accommodation etc that is if you have the time to quarantine plus the stress it causes wake up britain and give the fully vaccinated a chance to travel freely and visit friends and family are the uk going to impose the quarantine on angela merkel if she travels there so we are heading to rome from san fransisco on british air we have a 1 hour 20 minute layover in terminal 5 at heathrow can someone please tell me do we still need to pre book and pay for the 2 day test i am getting mixed messages we will be staying in umbria for 3 months so we really want to know we also understand that everything may change for us on august 30 we travel on sept 1 thanks so much if you land and leave from one terminal within hours then you simply transit never clear customs and do not enter the uk the scientific evidence unequivocally shows that boosting with a pfizer or moderna vaccine after a single immunisation with the astrazeneca vaccine induces about 10 times stronger neutralising antibodies than two doses of the astrazeneca vaccine and is associated with only small increases in transient mild to moderate side effects the european medicines agency has said of this heterologous vaccination approach there are good scientific grounds to expect this strategy to be safe and effective when applied to vaccination against covid 19 kingston mills professor of experimental immunology and academic director of the trinity biomedical sciences institute at trinity college dublin the uk rules relate to the first 2 jabs not the booster jab although az say no booster jab is needed if both initial jabs were az thanks for the science az followed by moderna here with a sore arm and mild headaches after the moderna lasting about 4 days a small price to pay for the protection it still saddens me the level of mistrust there is for vaccination in germany i know personally 4 elderly 70+ educated middle class otherwise healthy people who refuse to be jabbed i wonder how many of them will be alive in 12 months time does this have to get any more stupid scientific evidence suggests that mix and match is the best option and now we have once more policies that seem to have been dreamed up by the self serving uk govt for the sake of some pathetic populist political expediency that make no common sense whatsoever well even more reason to ensure the uk does not enjoy my custom i give up yup i give up as well i m just sick to the teeth of the bumbling blonde buffoon and his incompressible incompetent crew of cronies i never thought the day would come when i was so disgusted with the behaviour of my home country that i would not want to even visit i m also astounded by the acceptance of all this by the brits and as the months go by this whole thing is starting to look more and more like the government in v for vendetta agreed i don t know what scientists they are taking advice from but i put money on the astrazeneca lot who are miffed because most people in europe don t want it i had no choice but astrazeneca for my first but grabbed the chance for moderna for my second,published 13 aug 2021 cet,13 aug 2021,2021-08-13
485,how the local s countries are impacted as july records earth s hottest month ever,environment,0,NA,published 14 aug 2021 cet,14 aug 2021,2021-08-14
486,crossing borders how we drove across europe by van during the pandemic,covid 19,5,interesting article just ignore the haters my wife and i tired of hotel rooms 20 years road warriors decided to buy a caravan and making our first trip this fall looking forward exploring the back roads of europe no thanks at all for spewing pointless and excess emissions into the air fecking global climate catastrophe deniers just keep on spreading the virus just goes to prove how selfish people are and this blog is naive to publish this tale we ve had to make a few cross border trips across europe during the pandemic last year in august we went on the germany denmark norway and back route denmark had border border controls while entering from germany but they didn t even look at our passports in norway getting off the ferry we were asked where we were coming from but that was it the way back was smooth sailing there was always a bit of concern in the back of our minds about changing requirements but overall it wasn t so bad in april and june we went on the germany austria hungary romania and back route at that point testing was required everywhere which we did before each journey but we weren t stopped or checked at any of the borders for this only on the way back we were stopped in austria where they glanced at the passports and waived us in entering and exiting romania which is the schengen border was also super fast our minds were blown that even during the pandemic supposedly when borders weren t porus we could still travel with so much ease in july we had to make a trip on the germany austria italy and back route this time around there were zero controls on the way back we did have to slow down at the german border where there were guards posted but they weren t stopping anyone going to italy we were worried about the documentation needed so i wrote to the border post we would cross at and they suggested carrying vaccination certificates but also said that in practice no will bother to check it indeed was like that just this past weekend we had to go on the germany belgium france and back route this trip felt like the pre pandemic drives no border controls anywhere only the holiday car traffic it s been interesting to take a trip across europe by road during the pandemic the anxiety for making sure we have all paperwork is always high but we constantly seem to not need anything are you both vaccinated,published 10 aug 2021 cet,10 aug 2021,2021-08-10
487,how can you minimise your climate impact as an international resident,environment,0,NA,published 11 aug 2021 cet,11 aug 2021,2021-08-11
488,planning a road trip across europe this summer here are some things to think about,covid 19 rules,3,no mention at all of the absolute inadvisably of spewing emissions into the air no mention of the biggest problem right now and i say this having just crossed europe traffic no mention of all the new speed cameras in france then but of course the british tourist will get away with it because unless physically stopped the means to fine them has been removed really well i know some people who received their speed fine notices with no problem so any brit that thinks that they can t get away with it think again,published 9 aug 2021 cet,9 aug 2021,2021-08-09
489,britons and other non eu travellers face €7 fee to enter europe for visits,european union,3,if uk reciprocates will that mean those arriving from france by dinghy without a pre visa visa can be returned this power hungry european union really is out of control or wanting full control all part of the brexit dividend uk voted for etias when it was still in eu sounds like you now need a visa to qualify for visa free travel when the usa started requiring esta approvals for the eu the eu warned that they would reciprocate that is etias the rest of the world is incidental to this proper visa requires way more documentation and money it s to identify security irregular migration or high epidemic risks posed by visa exempt visitors funny how high epidemic risks has now been added in the etias tax raising data gathering idea has been in existence long before covid so the excuse du jour which was formerly health and safety and then security and now covid for everything has now been added in so it s a visa if you want a visa then make it a visa same as the us then,published 3 aug 2021 cet,3 aug 2021,2021-08-03
490,uk to allow fully vaccinated travellers from europe to skip quarantine but not tests,travel news,5,if you will be in england for less than 10 days if you re travelling to england for less than 10 days you will need to quarantine for the whole of your stay you must still book your day 2 and day 8 travel tests even if you will no longer be in england on the dates of the tests you only need to take the tests if you re still in the country on those dates my interpretation is that you d still need to book a day 2 test even if you only plan to stay for 1 day but you don t have to take it stupid have booked flight and puzzled what are the requirements if you are going to the uk for just one night ie arrival day is day zero and you are leaving on day one am guessing you have to book a day 2 test to get into the country but then ditch it and just return on day one although as it implies you can have it anytime post arrival up to day two is one obligated regardless to have a test in the limited window so what happens if we want to drive back to visit relatives in the uk from germany driving through france to get eurotunnel 🤷‍♀️ for anyone who has been in france in the last 10 days even if you are fully vaccinated you currently still have to quarantine but this is likely to change next wednesday when if france moves from amber+ to amber anyone know if italy is likely to drop the quarantine for uk on 31 8 thanks as an american living in france who hasn t seen my daughter in the uk for a year i m just plain angry i have even been vaccinated with the oxford astrazeneca vaccine and i still can t travel into the uk without quarantining why single out france except for political retribution as the article states it is not for any health reason at this point who knows what goes on behind closed doors usa allowed in but no canada,published 28 jul 2021 cet,28 jul 2021,2021-07-28
491,revealed what do austrians think about foreigners,immigration,0,NA,published 13 jul 2021 cet,13 jul 2021,2021-07-13
492,european health authorities warn of surge in delta variant infections,covid 19 stats,0,NA,published 23 jul 2021 cet,23 jul 2021,2021-07-23
493,update what rules do european countries have for travellers from the uk,travel news,6,no mention of denmark despite this being a paper that covers denmark for security reasons we are advised not to do this over the past week we have crossed the german swiss french and italian borders in both directions despite having the appropriate documentations we have not been stopped or checked anywhere we used main border crossings why so there no info on denmark i scoured this article to see if it would say anything about denmark but it didn t which surprises me for an english language newspaper in denmark the return of plague island,published 28 may 2021 cet,28 may 2021,2021-05-28
494,british drivers will no longer need an insurance green card to visit europe eu rules,travel news,2,british drivers and drivers from the uk are very different though in this article they are treated as synonymous i for example am british being born in jersey but i am not from the uk excellent one less piece of paper to carry fingers crossed those of us injected with az india are allowed to travel without quarantine,published 2 jul 2021 cet,2 jul 2021,2021-07-02
495,covid cases on the rise in europe once again as who warns of euro 2020 risk,covid 19 stats,0,NA,published 1 jul 2021 cet,1 jul 2021,2021-07-01
496,eu covid certificate what are the different entry rules in place around europe,travel news,2,i tried the link to the eu form for my short trip to italy but it s not coming up i live in germany isn t my vaccination certificate enough testing anyone travelling to germany by plane needs to show a negative covid test proof of being fully vaccinated or proof of recovery from covid before boarding the flight according to other sources the above statement taken from this article is a bit misleading the way it reads implies that travelers will need both a negative test and proof of being vaccinated or proof of recovery a negative test or proof of vaccination recovery is what is currently required,published 1 jul 2021 cet,1 jul 2021,2021-07-01
497,explained the european countries on uk s green travel lists and what that means,travel news,3,so my son and family come to visit us in france for 3 weeks and we do everything together then we travel back to the uk together in 2 cars we are all double vaccinated weeks ago when we arrive in the uk and arrive at our uk house his family is british resident in the uk so they won t quarantine we are british but resident in france so we must quarantine can someone please explain the science behind this is anyone actually considering going to the uk for holiday if you have to quarantine for 10 days before your vacation even starts even if your vaccinated i m for sure not my british family won t risk coming to visit us either because they can t quarantine upon their return to england what good is vaccination if they still treat you like you are sick what good is vaccinated most of the people if you still think they can get sick and die it s not logical who knows when we ll ever see our uk family again does anyone know whether we can use an nhs lateral flow test as the rapid antigenic test for entry into italy these are now provided free of charge to all in the uk and we are being actively encouraged to test twice a week so i can t see why they couldn t be used a negative result is evidenced by a text or email from the nhs with one s name date of birth and date of test so would seem to fulfil requirements,published 7 may 2021 cet,7 may 2021,2021-05-07
498,compare what are the entry rules around europe for american travellers,travel news,6,wheat is the rule if you re traveling from italy to greece and back to italy vaccination card used as a pass back into italy thanks what is the rule americans visiting in italy then to greece and back to italy does anyone know what are the requirements for travel from the united states to poland thank you americans can enter austria if they are residents of the eu we are stationed in germany and showed our eu visas and proof of vaccination and had no issues agree with joe s comment italy updated their policies for travelers from us on 6 19 and again on 6 21 please update info the local staff and send accurate info to your subscribers thank you this article needs to be updated since the end of last week travelers entering italy from the usa also from canada and japan are no longer subject to quarantine if they are fully vaccinated or have a pre flight negative test the covid tested flights are redundant now ministero della salute ordinanza 18 giugno 2021 can you tell us the policy for americans traveling to the netherlands if you are vaccinated you may travel to the netherlands and don t need to test or quarantine however the netherlands is still in the process of loosening the restrictions put in place under covid so they are not back to normal at this point,published 23 jun 2021 cet,23 jun 2021,2021-06-23
499,eu and astrazeneca both claim victory after covid vaccine judgement,covid 19 vaccines,3,while the eu and the us pharma companies are making billions of euros and dollars in profiteering from the pandemic together with their governments in taxes the uk based az is being castigated and sued by the eu for its best efforts to deliver a vaccine at cost to the world shame on the eu for not addressing the greed of their pharma companies and instead targetting az and destroying the reputation of its vaccine a vaccine the world needs because it can afford it agree all of this just confirms the eu s outrageous arrogance i thought they wanted az banned anyway they have done all they can to destroy its reputation i quite agree the eu has and still is acting shamelessly kim jong un could learn a thing or two from these so the eu wanted 230million doses delivered by the end of september and the court ordered just 10million no fine was imposed and the court determined that the eu had no exclusivity or priority of supply difficult to see how vdl can claim this as a win since it turns out that buying vaccines really is like buying meat in a butcher s shop and eu is at the back of the queue,published 19 jun 2021 cet,19 jun 2021,2021-06-19
500,eu opens door to return of american tourists after adding us to safe list,european union,0,NA,published 16 jun 2021 cet,16 jun 2021,2021-06-16
501,compare what are the covid test requirements around europe for child travellers,travel news,3,proof that the eu is a satanic entity what about when in airport transit for example flying denmark to france via a flight connection in germany i think greece has raised the exemption to 6 years,published 14 jun 2021 cet,14 jun 2021,2021-06-14
502,europe remains at risk of autumn covid resurgence who warns,covid 19,2,i read that the protection from the vaccination would last only for 6 months so how does a vaccination from april to june make sense when it is known that the virus is mostly active in late autumn and winter with this in mind i wonder how 80 can reasonably be achieved for autumn and winter that s why they are discussing booster vaccinations but if the rollout is as slow as the first ones were another horrible winter america may have had a lot more deaths but in the end they got their shit together here however lol does europe germany want this pandemic to actually ever end like get it together and vaccinate everyone by the end of this summer so we can have normal lives again anyone who chooses not to be vaccinated has to be extra careful but the rest of us we need to go on and move on but come on another wave another lockdown another winter like this past year will destroy those of us who struggle with mental health make vaccination a priority vaccinate everyone everywhere asap i don t understand why it s so hard here,published 10 jun 2021 cet,10 jun 2021,2021-06-10
503,a million europeans obtain eu covid health pass ahead of vote,european union,2,malta too has introduced its vaccination certificate from the 1st of june so happy to see europe is implementing a vaccine passport so tourist destinations can return to some form of normalcy i live in orlando fl usa and i have been vaccinated and given a cdc qr code proof of vaccination the author of the article mentioned that while up to 70 of americans have been completely vaccinated or at least have one of two doses and have a qr code our cdc cards are administered by state governments not the federal national government i hope president biden sane instead of our insane former president will implement a national vaccine for those citizens that request one i have friends in sweden i have not visited in years and was hoping to visit last summer maybe in the fall vaccinated us citizens can visit eu nations an spend our dollars to help industries that rely on tourists to survive to share something good i watch this youtube channel myself a voice in the desert and recommend to anyone wanting to learn more please get both doses of the vaccines and use a mask at least till everyone has both doses preventing covid 19 deaths and damage,published 8 jun 2021 cet,8 jun 2021,2021-06-08
504,i m going crazy why international residents in europe will travel this summer despite covid,travel news,5,trackback read more thelocal de 20210603 im going crazy why international residents in europe will travel this summer despite covid this whole pandemic and economic despair that kills 0 1 average age 80 furthermore the burials and cremations in many englsh cities were lower in 2020 than in the preceeding 5 years yes absolutely people should be allowed to see loved ones covid is with us will reamain with us and we will have to learn how to live with it i agree with some of the things lmck says i can quite understand people wanting to see family though the journalese of with most aiming to visit their long lost families is a bit of emotional rubbish most people know a their families b where they are and c have been in plenty of comunication and a year or two though it may be critical in some circumstances is hardly long lost but i don t think this is the time to be taking holidays not if that refers to travelling and staying in hotels and mixing with crowds of other people who presumably think the same and are likely therefor to be risky company the scientists must be tearing their hair out looking at pictures of dumb dumbs lying side by side on the beach or raving in clubs we in the west may be lucky in the sense that the current availability of vaccines seems to be keeping or even winning our health back the pandemic is very far from over heaven knows what mutations it will come up with the longer it roars through the world despite health efforts internationally thank you nick nack i fully support people travelling who are fully vaccinated or god forbid needing to i just have an issue with the many people who travel and potentially put others at risk because they feel they are entitled to a holiday stay safe well and wonderful correct and i like the term dumb dumbs my fully vaccinated elderly mother flew from the usa to germany a few weeks back we haven t seen each other in years as i am deployed here she was refused entry and made to stay in a secure police station in the back of the airport overnight it was truly inhumane the only good thing that happened was the police let us go in the holding cell with her and hug her i brought my children as well to see their grandmother they didn t have to let us see each other lemonade from lemons i suppose i do hope they open soon so she can try again i d love to see her for a few weeks and not in a holding cell she and you knew the position before she flew so why whine about the end result it s people with your attitude that are prolonging this outbreak the majority of people do not need to travel and should facilitate genuine people in desperate need to see loved ones travelling this whole pandemic and economic despair has only been prolonged because of selfish people with a secure salary financial means or benefits not social distancing not respecting the rules not wearing masks correctly and travelling because they believe they are entitled to a holiday,published 3 jun 2021 cet,3 jun 2021,2021-06-03
505,britons in europe face brexit deadlines with many yet to apply for residency,brexit,3,my wife and i been here in italy for 40 years working for an italian company paid all taxes so have full italian pension and health care have had the green residency card as tempo indeterminato or permanant resident for many years over 25years but now find ourselves having to apply for the bio metric new residency card at the questura which we will only give us 5 to 10 years before renewal again however we understand that italian citizens in uk signed up for the pre settled status will have this for life even if they return to their home country to live there up to 5 years and then return to uk doesn t seem fair to us can someone explain why the italian authorities have gone this route for us completely agree with richard s comments that an extension should be granted for anyone who has applied for residency within the correct timeframe but not received a decision yet also absolutely agree that those who haven t applied yet shouldn t get such an extension because how could they not know f sure it was a hassle applying for it here in italy but we knew we had to so just got on with it i completely support an extension for anyone who has applied for permanent residency but not received a decision yet but for those who have not even applied there is no way anyone living here could not know they have to do this to remain reminds me of a conversation overheard between two fellow brits while waiting for the b1 test they were talking about a friend of theirs who was not bothering to do anything to attain either permanent residency or dual citizenship the attitude was what are they going to do throw him out with a disbelieving laugh from both as a pensioner who owns his own home and has been employed paid taxes has a swedish pension and lived here illegally for 20 pus years i wonder if they would turn up and drag me in chains to put me on a plane back to the uk i guess not but you can never be certain,published 1 jun 2021 cet,1 jun 2021,2021-06-01
506,how will the eu s covid passports work for travellers,european union,13,i had covide have an email re my positive test result and admonishment notification from my county had only a phone consultation with my dr presume i ll need to get some sort of documentation from their office i had covid i have copies of the positive test result only had a phone consultation with my dr so i presume i need to get some documentation from them i hope to travel to italy from canada in august i will receive my second dose of moderna in june just wondering if it s realistic to plan a trip there i hope to fly to switzerland the first week in july from the us i have been vaccinated and have my cdc card i can also access my vaccination status via my on line hospital record which shows when and where i was vaccinated and with what vaccine i am hoping this will be enough am also planning on carrying a letter from my doctor on hospital letterhead attesting to the fact that i have been vaccinated again when where and what i am a resident of spain and have received two doses of the pfizer vaccine i have proof on my spanish gov app including a qr code will this be recognised in france i shall need this information when i travel back from uk to spain through france at the end of september the uk nhs app has now been updated to show the dates dosage and type of vaccine given although it officially goes live on may 17th i would like to know whether when the swedish government will be removing the ban on travel from the uk to sweden i want to know this as well under the current regulations i cannot enter sweden even though i own a small house which i pay tax on and all my family of cousins are swedish my mother having been born and grown up in sweden and what about the enormous number of brits in spain stuck in a huge backlog of residence applications so not officially resident yet with no card as yet i know people here who have been in the residence application machine for well over 6 months now afaik they should be ok like denmark don t be surprised if they extend the period for application dk did it well before it even started as they knew 6 months was way too short dk is pretty efficient being fully didgital and we can all guess how spain fares on that front i was vaccinated in germany but at the american hospital in landstuhl we were given cdc cards with our names vaccine batch and date will this be enough also there s another problem as we ve said individual states are creating their own domestic apps it makes sense to repurpose them to allow for international travel if you ve brought a phone from the usa it can t access apps available in the eu because of licensing issues with apple i hope a paper version will be allowed and i hope i can get my cdc card translated to a more recognizable and accepted card here in the eu there is a way around the this app is not avaliable in your country sign out of your apple account than create a new account stating the country where you want to buy the app from you get an email to confirm than go to the new app store and download the app sign out and sign into your previous account again if you want to buy an app than use a gift card as you can not use a credit card from a different country than the shop gift cards you can buy online i m a vaccinated american citizen planning to travel to france in july any idea what i will need in order to prove i ve been vaccinated the only documentation we were given is a paper card how does this not violate the nuremberg code of 1947 these injections are experimental not exactly after the trials they were no longer experimental but have only been approved for emergency use most of the process is paperwork and funding not testing and data remember there was a sars vaccine nearly ready to go when that pandemic fizzled out they just picked up where they left off and that was nearly the same virus in essence there have been trials and data of the various covid vaccines since 2002 and 2006 respectively i am non eu any news on sinovac getting added to the list of eu approved vaccines i have the same question as sunita i have eu citizenship and was vaccinated in the us how or what is needed to show the eu to travel openly between the eu i live in paris but plan to get vaccinated in us since it s available sooner is there any information on how french residents will be able to take advantage of the qr code system if they have been vaccinated outside of france or the eu,published 21 may 2021 cet,21 may 2021,2021-05-21
507,reader question if britons are already resident in one eu country can they move to another,immigration,3,on 25th of november 23 i will have completed 90 in the 180 day period why is it then that all the schengen calculators i have used tell me that after november 30th ican return for another 47days surely if we are talking about a rolling 180 day period then after five days out i should be entitled to another 5 days in not 47 who can i ask if a brit has residency in france for example does that mean the 90 day limit for visiting other eu countries has already been used up why would you want to leave asti for those who live elsewhere the church is san secondo where in normal times i sing in one of the choirs,published 18 jan 2021 cet,18 jan 2021,2021-01-18
508,pandemic in europe won t be over until 70 percent are vaccinated says who,covid 19,1,hope people can memorize this claim im really looking forward to whats going to happen when we reach 70,published 29 may 2021 cet,29 may 2021,2021-05-29
509,eu approves use of pfizer biontech vaccine in children 12 and over in europe,covid 19,0,NA,published 29 may 2021 cet,29 may 2021,2021-05-29
510,what britons in europe need to know about the uk government s votes for life pledge,politics,1,a bit too bloody late,published 27 may 2021 cet,27 may 2021,2021-05-27
511,eu nations agree to open borders to vaccinated travellers from outside bloc,european union,11,personally i would put a halt on travellers coming in from the uk whilst the vaccination campaign has been very successful there the spread of the new variant from india and the less talked about but arguably more worrisome one from brazil due to the uk s unwillingness to control inbound travel makes it a hotspot for the virus and a risk to its neighbouring countries personally i would not recommend visiting the eu anymore the businesses are so starved that you re likely to experience very shady pricing practices and the mental health of europeans has been severly degraded making the continent a very unpleasant place to be new studies show the vaccine is effective against both variants and only lowers immunity by about 10 to the brazil one but is equally effective against the india variant no worries hi i need to travel by car from spain to france what are the border restrictions anyone has a clue when norway will open the borders for partners to finally get together with their loved ones super awaiting the answer for this as well to me the great issue here is only accepting vaccines approved by the eu and not all vaccines approved by the who i come from south america and most countries here are vaccinated with sinovac which is chinese but approved by the world health organization if they don t add these other approved vaccines to the list then europe will lose a huge portion of tourists and then again they would discriminating greatly eu s own hungary and slovenia are using russian vaccine so how are they going to deal with that i wonder another thing to add is that for example in my home country we have 85 days till mass country immunity that is less than half the time needed compared to european countries its tourists that need protections from europeans not the other way around since when does sweden coerce people into taking experimental vaccines didnt they ban that sort of thing at the nuremberg trials my body my choice yes just test the people as they arrive and charge them 500kr for it soo my tax money doesnt have to pay for it no covid=no problem as for protecting people most people do absolutely nothing to protect themself eat and drink what ever they want dont excerise dont take suppliments to improve there immune system and now i have to protect them by taking an experiemntal vaccine no thanks the big question is when will the italian government recognise there are people living in italy who are not registered with the health service and therefore unable to have a vaccination it needs to be a vaccination for all persons living in the country not just for those with the health card until they wake up to the situation they will never go near eradication of the disease us citizens get only a paper cdc card which is so easily forged that fake cards are currently being sold by scammers so which eu country wants to be the first to say they ll accept this as proof of vaccination anyone anyone buehler true i got my first shot yesterday i ll be fully vaccinated 6 18 i live in germany but i m an american my parents would love to come see me they have been fully vaccinated since february we do just have the cards still everything has been honor system until now uk and us citizens should be trusted i know someone who came from kenya and simply bought a fake test cert to come into austria they were never tested if germany eu is allowing that surely the white card with name vaccine type batch and date is good enough since only 20 of eu citizens have been vaccinated it s really the tourists that need protecting from the locals rather than the other way round specially those from the us and uk buehler 😂 perfect we have rescheduled our daughter s wedding for june 15 in italy was supposed to have been in may 2020 everyone in our group has been vaccinated just waiting on pins and needles to see if they will let us in vaccination cards app or whatever they want just wish we could hear something somewhat definitive all vaccinations approved by who should be allowed and not just the 3 that eu has approved it s sad to see that even in these times of peril russia eu and china have horns locked over vaccine approvals the issue here i m afraid is not who the eu will let in but who will want to come apart from the fact that say in the case of france brits would have to book their holidays whilst all the restaurants bars etc are still closed it s very unlikely that any eu country other than maybe malta will be on the uk green list that means two weeks holiday in france will cost every brit tourist 2 weeks quarantine when they get back to britain that isn t going to happen is it i understand the eu wanting to open up but really it s premature and a decision not driven by the data but the economics of not wishing to lose another tourist season you aren t wrong but my parents want to come see me anyways we can still see things outdoors and order food for take out currently despite being fully vaccinated since february my parents have been unable to come visit me in germany this is tremendous news for british who have family resident in sweden everyone in uk over the age of 40 has now received 2 shots of the vaccine and covid cases in uk are now close to zero that s some rose tinted glasses you are wearing billy yesterday s cases 1671 two doses given to 22 9 of population people 40+ are 50 of population much better than europe but let s not overstate it,published 19 may 2021 cet,19 may 2021,2021-05-19
512,where in europe are covid curfews and early closures still in place,travel news,0,NA,published 17 may 2021 cet,17 may 2021,2021-05-17
513,how long can brits stay in the uk without losing their eu residency,rights,1,20 3 2021 spring starts hello if living in the eu then i think the best thing is to apply for dual nationality this was possible in germany but i am unsure if still available it will certainly save a lot of problems what do others think about this germany allows british citizens to keep their citizenship when applying for naturalisation as long as the application was submitted and all relevant requirements length of residence language level certificate and the citizenship test were completed before 31 december 2020 any applications made after that date would require you to renounce your british citizenship before the german authorities will grant you german citizenship germany only allows dual nationality with other eu member states or switzerland so as the transition period finished on 31 december 2020 so did this possibility,published 18 mar 2021 cet,18 mar 2021,2021-03-18
514,explained why is gun ownership in austria on the rise,police,0,NA,published 7 may 2021 cet,7 may 2021,2021-05-07
515,eu plans to open borders to vaccinated tourists from outside bloc,travel news,8,to me the great issue here is only accepting vaccines approved by the eu and not all vaccines approved by the who i come from south america and most countries here are vaccinated with sinovac which is chinese but approved by the world health organization if they don t add these other approved vaccines to the list then europe will lose a huge portion of tourists and then again they would discriminating greatly another thing to add is that for example in my home country we have 85 days till mass country immunity that is less than half the time needed compared to european countries its tourists that need protections from europeans not the other way around since when does sweden coerce people into taking experimental vaccines didnt they ban that sort of thing at the nuremberg trials my body my choice yes just test the people as they arrive and charge them 500kr for it soo my tax money doesnt have to pay for it no covid=no problem as for protecting people most people do absolutely nothing to protect themself eat and drink what ever they want dont excerise dont take suppliments to improve there immune system and now i have to protect them by taking an experiemntal vaccine no thanks the big question is when will the italian government recognise there are people living in italy who are not registered with the health service and therefore unable to have a vaccination it needs to be a vaccination for all persons living in the country not just for those with the health card until they wake up to the situation they will never go near eradication of the disease us citizens get only a paper cdc card which is so easily forged that fake cards are currently being sold by scammers so which eu country wants to be the first to say they ll accept this as proof of vaccination anyone anyone buehler true i got my first shot yesterday i ll be fully vaccinated 6 18 i live in germany but i m an american my parents would love to come see me they have been fully vaccinated since february we do just have the cards still everything has been honor system until now uk and us citizens should be trusted i know someone who came from kenya and simply bought a fake test cert to come into austria they were never tested if germany eu is allowing that surely the white card with name vaccine type batch and date is good enough since only 20 of eu citizens have been vaccinated it s really the tourists that need protecting from the locals rather than the other way round specially those from the us and uk buehler 😂 perfect we have rescheduled our daughter s wedding for june 15 in italy was supposed to have been in may 2020 everyone in our group has been vaccinated just waiting on pins and needles to see if they will let us in vaccination cards app or whatever they want just wish we could hear something somewhat definitive all vaccinations approved by who should be allowed and not just the 3 that eu has approved it s sad to see that even in these times of peril russia eu and china have horns locked over vaccine approvals the issue here i m afraid is not who the eu will let in but who will want to come apart from the fact that say in the case of france brits would have to book their holidays whilst all the restaurants bars etc are still closed it s very unlikely that any eu country other than maybe malta will be on the uk green list that means two weeks holiday in france will cost every brit tourist 2 weeks quarantine when they get back to britain that isn t going to happen is it i understand the eu wanting to open up but really it s premature and a decision not driven by the data but the economics of not wishing to lose another tourist season you aren t wrong but my parents want to come see me anyways we can still see things outdoors and order food for take out currently despite being fully vaccinated since february my parents have been unable to come visit me in germany this is tremendous news for british who have family resident in sweden everyone in uk over the age of 40 has now received 2 shots of the vaccine and covid cases in uk are now close to zero that s some rose tinted glasses you are wearing billy yesterday s cases 1671 two doses given to 22 9 of population people 40+ are 50 of population much better than europe but let s not overstate it,published 3 may 2021 cet,3 may 2021,2021-05-03
516,compare which countries are leading the race to vaccinate in europe,europe,0,NA,published 2 may 2021 cet,2 may 2021,2021-05-02
517,how do rules for exchanging uk driving licences compare for brits around europe,brexit,0,NA,published 28 apr 2021 cet,28 apr 2021,2021-04-28
518,could 12 to 15 year olds in the eu soon be given the pfizer covid vaccine,covid 19,0,NA,published 30 apr 2021 cet,30 apr 2021,2021-04-30
519,vaccinated americans will be able to travel to europe this summer says eu chief,european union,3,i have owned a house in italy for 20 years but i am not a resident i am a retired british resident but have been used to spending at least 5 months a year in italy at a time of my choosing my house has been used for tourism being let for holidays in the past can i apply for a visa extension to allow me visits of any duration i do not work in italy or have family residents in italy and i am too old to be a student i contribute all local taxes in my commune and i contribute to the local economy can i apply for a long stay visa simply as a home owner i would appreciate any information thank you sally i m an american hoping to take a long awaited trip to geneva lausanne and london in august for those familiar with how such things tend to go is it reasonable to expect that switzerland and the uk will follow in the eu s footsteps and open up to fully vaccinated tourists from the united states over the summer thanks in advance for any input i m british living in italy and think it s very likely that the uk will open up to american tourists by august i have my fingers crossed for you i pressume it s the other way round as well,published 26 apr 2021 cet,26 apr 2021,2021-04-26
520,compare the different strategies used in europe to vaccinate against covid 19,covid 19,4,i thought it was quite clearly stated at the beginning of the article that the information comes from the various versions of the local in 9 countries what i don t understand is the sudden competitiveness of the letter writers wishing to compare the vaccination roll out in these countries to that in the uk if people think that the uk is doing such a good job and is so much better than what is on offer in the eu countries i assume they are living in why are they torturing themselves by staying on this side of the channel what i found interesting in this article is that 1 no matter how countries started out in the end they all used a combination of large scale vaccination centres and locally organised gp and pharmacies and 2 all have vaccinated around 17 of the population at the moment this is due to the availability of the vaccines most probably oh and i thought the local was written for brits abroad too it really did take a genius to put me straight on that and im still left wondering if any ex adac staff took jobs with the local just foolish frippery im sure the uk has achieved herd immunity and has a national average new daily cases per 100 000 of less than 30 life is returning to normal whereas the muppets accountable for the debacle in germany bicker about curfews and school closures once again give me a break i used to be proud to live in germany now it s simply embarrassing and not to mention a very poor quality of life uk is nowhere near herd immunity unfortunately that will require at least 70 80 of population to be fully vaccinated current low numbers are still mostly due to a lockdown why no comparison with großbritannien who writes this the adac because the local doesn t cover uk i mean it doesn t take a genius to realise that the list of the countries in this article and the list of the countries the local has editions for are the same no comparison with britain because uk is doing so well it s easier to pretend that uk is irrelevant because it has left eu,published 15 apr 2021 cet,15 apr 2021,2021-04-15
521,european countries face slower vaccination as johnson johnson delays rollout,covid 19,2,david i agree with you i personally think it is unacceptable that very young people die who would survive covid anyway i find it very strange those people who died are barely noticed while the first few dying from covid got covered in the news endlessly ofcourse if you see photo s of the women and see their children or families hear what they did in life it becomes personal and especially younger people will refuse the vaccins if the news covers their stories one a week they have now nearly 2 years material the goverments want us to believe it s nothing every medicine has side effects well that s true and you choose those when you re sick here we are injecting healthy people that s the difference danark is testing aspitation so you can see if you ve hit a vein before injecting let hope this will be the answer to be clear i only wrote what was told i personally do not want anyone to die from a vaccine i haven t heard anything bad about sputnik v lol why do they do difficult now we still use astrazeneca after learning a few wil die but those people will save the lives of many others so well worth if it s you well so sorry you re a great person and will be remembered forever when are international flights allowed that s the only question keeping me occupied very utilitarian thinking you ask if it s you but i m curious if you ve asked if it s me would your response still be so sorry i m a great person and will be remembered forever the people who die from side effects will not save others the people who safely take vaccines will save others in essence people who die from vaccines are lives lost for no good reason that could have been avoided i m not advocating rejecting astrazeneca johnson but i also wouldn t be so dismissive of the concerns of people regarding serious side effects either we only have one life,published 13 apr 2021 cet,13 apr 2021,2021-04-13
522,how to post packages between austria and the uk post brexit,import,0,NA,published 5 mar 2021 cet,5 mar 2021,2021-03-05
523,the 10 biggest culture shocks experienced by foreigners in austria,culture,0,NA,published 12 apr 2021 cet,12 apr 2021,2021-04-12
524,europe s vaccine woes deepen as regulator probes another jab over blood clot concerns,covid 19,0,NA,published 10 apr 2021 cet,10 apr 2021,2021-04-10
525,wind of justice austrian man fined for farting on police has sentence reduced on appeal,police,0,NA,published 9 apr 2021 cet,9 apr 2021,2021-04-09
526,possible link between astrazeneca vaccine and rare blood clots ema concludes,health,0,NA,published 7 apr 2021 cet,7 apr 2021,2021-04-07
527,eu could achieve covid 19 immunity by mid july says vaccine chief,covid 19 vaccines,5,trackback read more here thelocal com 20210405 eu could achieve covid 19 immunity by mid july says vaccine chief this pandemic has reinforced my belief that politicians and these global organisations are not to be believed full stop my guess is that the eu is about 6 months behind the uk rollout we ll see who is right i don t see how more deliveries from az to the eu would have made any difference since it was widely publicised at the time that the eu wasn t even using up the deliveries they had received this is all political double speak which is pretty shameful in the midst of a lethal pandemic typical french bullshit if we had received 100 percent of the astrazeneca vaccines we were contractually owed today the eu would be at the same level as the uk in terms of vaccination he said i can confirm that this hole is due entirely to astrazeneca s delivery failures the eu was simply late couldn t make a decision didn t put any effort or money into the oxford vaccine s development as the uk did then having belatedly put in an order didn t read or understand the contract they signed again couldn t make a decision to allow the vaccine to be used then stockpiled what they had which is probably still the case then threatened illegally to ban exports and they re still in a mess the eu s population of 450 million could achieve covid 19 herd immunity by mid july only in your dreams mr breton the sclerotic eu administration are useless and the whole debacle is nothing to do with science and everything to do with politics pathetic dangerous and will come back to haunt them that s the truth a perfect summary of what has happened political posturing by the eu commission has left them in this dire situation and rather than take responsibility for their actions they want to blame someone else i feel very sad for the people that have died from their mistakes,published 5 apr 2021 cet,5 apr 2021,2021-04-05
528,europe s slow vaccine rollout is prolonging the pandemic as infections surge,covid 19,3,germany and the eu in general has made a debacle of the vaccination programme twelve months ago the covid issue was 90 medical and 10 political in its underpinnings that ratio is now reversed with political posturing and an obsession with bureaucracy and over thinking costing many lives and extending the misery of lockdown for millions europe is a joke its the laughing stock of the first world europe is third world with first world ego pathetic who claims europe should send supplies to poor countries who complains europe is not vaccinating fast enough who totally ignores the shortage of actual vaccines available to european countries i really begin to think that this organisation does not have any grip on reality,published 1 apr 2021 cet,1 apr 2021,2021-04-01
529,austria set to order one million doses of russia s sputnik v covid vaccine,vaccination,0,NA,published 31 mar 2021 cet,31 mar 2021,2021-03-31
530,why some britons will have to leave eu countries by march 31st,travel news,9,actually english is the global language of business and trade and foreign politics so why don t learn the language that the world speaks like millions of people worldwide i started learning english despite my native language is also very important in the international context i took english language courses to distinguish myself in the highly competitive legal market fluency in legal english gave me a distinct advantage the company paid for the training but i know not all companies pay tuition and half but these courses are worthwhile i would take them at my own expense the problem has obviously arisen due to brexit but even then it would have been less harsh if the government had opted for a softer brexit and negotiated an arrangement similar to the ones norway or switzerland have with the eu at the same time we would have avoided all the other hassles in going through border control and the extra costs now involved in sending packages to and from the uk but the government decided it wanted a distant relationship with europe so these are all consequences thank you everyone for your comments here all really useful thanks i applied last week for the right to reside in sweden under the new residency status for uk nationals i held off initially because i was attempting to get a person number first and have an application for an s 1 currently being reviewed by hmrc they just keep telling me it is being reviewed by the tech team i ve also been told by hmrc staff that they are still reading through the withdrawal agreement to understand how s 1s will be issued they are understaffed due to the pandemic and that the office dealing with my application can t be reached i am supposed to just keep waiting today i received the letter from migrationsverket that states they are processing my application and in the meantime i can use the letter to re enter sweden should i go abroad i daren t my partner who is a student here in sweden also received this letter about a week after applying for the residency status in december and it was about 7 weeks until she received an appointment to visit migrationsverket and have her photograph taken and fingerprints scanned for her new id card she already had a person number and swedish residents id card i have been living in sweden since september 2020 and my application for residency is as a family member of a student should my application be rejected for whatever reason i guess i d be expected to leave sweden immediately as i d become an over stayer my partner and i hoped to stay living in sweden after her studies finish but my situation feels so precarious i don t feel confident it will be possible without going down the route of obtaining comprehensive health insurance in order to get a person number from what i understand this is somewhere in the region of £3000 per year £15 000 later i can get permanent residency what a mess hi we are australian citizens in france our visas expire today but we can t get a flight home as yet i m trying for june flight as may was cancelled will we be penalised for overstaying our visa i work in italy as a teacher and have a work contract that expires on 31st may 2021 would i face any issues returning to uk post 31st may given that my contract is essentially expired thank you this is just a requirement of residents of non eu or schengen member countries uk usa australia nz and so on hi mark my understanding is that the 90 days covers the whole eu and schengen zone so it s 90 days total you can t hop around countries for 90 days each it is also accumulative so if you came for 60 days to anywhere in the zone and went away you can only return for another 30 days to the zone in that 180 day period so does this mean that an eu resident of one country not necessarily a national citizen can stay in another eu country for more than 90 days out of the 180 if so does this mean that an eu resident will still need to apply for residency if staying in another eu country while a british citizen has no option for staying longer than 90 days and therefore has to leave the eu zone mark that is the essence of the european union where any citizen of any member state can live and work in any other country of the union the uk opted out to re gain their sovereignty doing so they have lost the aforementioned options hi mark yes an eu resident of one country can stay in another eu country for as long as she or he likes i m italian with residency in italy and stay with my partner in france for more than 90 days at a time if i so wish to an eu resident can apply for residency if staying in another eu country a person should apply for residency if they for example want to buy a property open a bank account or use a local doctor etc correct a british citizen is no longer allowed to stay longer than 90 days in the whole of the eu for example 30 days in spain 30 days in italy and 30 days in france is exactly the same as spending 90 days in germany i live in new zealand as a british citizen i used to be able to visit my parents in france for an unlimited time now the limit is 90 180 days however before i leave nz and that s important i can now apply for a visa the long visa is for up to a year there s a fee of course an online and embassy process interview with paperwork i m going through that now i just keep delaying the interview due to lockdowns it looks reasonably straightforward you need to leave enough time for that process before your leave date the visa is then set with a start and finish date hence why i m delaying to ensure the full year the problem may be distance to your country s french embassy i m 1 5 hrs from the embassy here so not too bad you will need to show sufficient funds to cover yourself for the duration of your stay and other requirements have a look at the french embassy website for your resident country under visas hope my posts help,published 24 mar 2021 cet,24 mar 2021,2021-03-24
531,explained how will austria s compulsory test requirement to go shopping work,shopping,0,NA,published 26 mar 2021 cet,26 mar 2021,2021-03-26
532,covid 19 third wave which countries in europe have the tightest restrictions,covid 19 rules,1,scientists said claims about china creating the coronavirus were misleading they went viral anyway online research repositories have become key forums for revelation and debate about the pandemic built to advance science more nimbly they have been at the forefront of reporting discoveries about masks vaccines new coronavirus variants and more but the sites lack protections inherent to the traditional and much slower world of peer reviewed scientific journals where articles are published only after they have been critiqued by other scientists research shows papers posted to online sites also can be hijacked to fuel conspiracy theories,published 23 mar 2021 cet,23 mar 2021,2021-03-23
533,in pictures protests spread across europe as coronavirus surges create new lockdowns,covid 19,3,班农和郭文贵利用了闫丽梦作为一名逃离香港的科研人员的身份 让公众持续关注 covid 19作为一种生物武器 的说法 与其他在线平台一样 数据存储库和预印服务器为应对covid 19的国际合作提供了关键基础设施 但由于其联合赋予的合法性 它们也可能被用于虚假信息运动 当公众和一些记者看到这些网站时 他们可能会无意中认为这些内容是经过官方审查或评估的 因此是可靠的科学 当被顶尖科学家 大学和研究所的研究包围时 伪科学尤其具有欺骗性 it s deeply disturbing to see adults who are so self centered that they believe that the requirements of social distancing masks and lockdown are equivalent to slavery these protesters need to read about or watch films the holocaust in europe or about slavery in the us as well as the practices like lynching during the jim crow era in the us and before they go out into the streets again they should consider their impact and try to imagine the experiences of physicians and nurses who ve been driven to despair and depression while working the intensive care units of hospitals around the world it s not hard to find their heart wrenching interviews and articles i for one cannot see how we can continue indefinitely with the policy of trying to control the covid 19 pandemic as it seems more and more unlikely that the world population will continue to put up with endless lockdowns masks and an economic disaster going forwards as an observer it seems that the main concern worldwide is the ability of a country s health system to be able to cope with the number of critical care beds needed when there is a surge if the vaccine fails to cure the problem then it begs the question whether we should not put much more resource into critical care assets now so we can cope with the virus running more freely through the world population i cannot see how the current situation is sustainable for the coming years and so maybe it is time to rethink the future pandemic strategy from scratch rather than blindly continuing as we are paul markland absolutely agree with you here paul your words are so true,published 21 mar 2021 cet,21 mar 2021,2021-03-21
534,could health passports kickstart travel around europe,travel news,0,NA,published 18 mar 2021 cet,18 mar 2021,2021-03-18
535,compare how european countries are faring against third wave of covid infections,covid 19,0,NA,published 17 mar 2021 cet,17 mar 2021,2021-03-17
536,astrazeneca benefits outweigh risks ema says as eu orders 10 million more pfizer doses,covid 19,4,it s all political there has been no mention of the deaths and blood clots that have happened with the pfizer unbelievable the country has never been sicker and what does the government do take astrazeneca out of its arsenal to fight the virus and not one word about what we with jab 1 are supposed to do about jab 2 it s insanity too little and much much much too late meanwhile the dying continues any slots get unfilled i ll take the jab no problem,published 16 mar 2021 cet,16 mar 2021,2021-03-16
537,eu states seek summit on unfair vaccine handouts as astrazeneca announce more delays,covid 19,0,NA,published 13 mar 2021 cet,13 mar 2021,2021-03-13
538,europe s covid 19 hotspots to be sent four million more vaccine doses,covid 19,2,no need to give bureaucrate france more vaccines they can not even poke away the vaccines they already have look how far behind france is excuses excuses excuses hotspot every logic person has the solution mobilise pokers and vaccinate everyone in this area as a matter of urgency those 20 year olds are superspreaders not the 80 year olds not even the naughty ones who stick their nose above their mask those masks who if they were the solution would have reduced cases by now yesterday 30000 again probably a good idea in public transport now you see single people in cars and outside wear them in areas where there is fine how much people love their masks sigh i do not think there is a need for more vaccines in france they will just stay in the freezer as france can not even efficiently poke away the doses they already have france is so far behind with their bureaucratie they look and say oops this is a hotspot just lock the place down instead of emergency here get pokers organised and start vaccinating everyone who wants in this area,published 10 mar 2021 cet,10 mar 2021,2021-03-10
539,can foreigners and cross border workers get vaccinated against coronavirus in austria,vaccine,0,NA,published 9 mar 2021 cet,9 mar 2021,2021-03-09
540,eu warns it could block more vaccine exports,european union,0,NA,published 9 mar 2021 cet,9 mar 2021,2021-03-09
541,covid 19 cases in europe back on the rise after weeks of decline,covid 19,0,NA,published 4 mar 2021 cet,4 mar 2021,2021-03-04
542,15 year rule long term britons in europe to get right to vote in uk elections,brexit,2,should have had that right before the idiotic brexit referendum a bit late now we were promised this before the brexit referendum it would have been helpful to have had this right for the past two elections too,published 4 mar 2021 cet,4 mar 2021,2021-03-04
543,green pass european commission to propose eu wide vaccine passports for summer,vaccination,2,resolution 2361 2021 1 european commission provisional version covid 19 vaccines ethical legal and practical considerations 7 3 with respect to ensuring high vaccine uptake 7 3 1 ensure that citizens are informed that the vaccination is not mandatory and that no one is politically socially or otherwise pressured to get themselves vaccinated if they do not wish to do so themselves 7 3 2 ensure that no one is discriminated against for not having been vaccinated due to possible health risks or not wanting to be vaccinated what about the french people from overseas can they have a green pass if they have their two doses of vaccination we are tired of bei g treated like second class citizens,published 1 mar 2021 cet,1 mar 2021,2021-03-01
544,compare how are countries across europe faring in the battle against covid 19,covid 19,1,maybe now that we know berset hid critical information he can be forced to resign and switzerland will improve the vaccine rollout has not been good is this berset s fault also,published 10 feb 2021 cet,10 feb 2021,2021-02-10
545,eu launches vaccine tracker and shifts strategy away from astrazeneca,vaccines,0,NA,published 2 feb 2021 cet,2 feb 2021,2021-02-02
546,which countries in europe would be on the eu s list of dark red zones for covid 19,european union,1,arre americans allowed to enter and travel in italy if they have been vaccinated for covid 19,published 26 jan 2021 cet,26 jan 2021,2021-01-26
547,update these are latest travel restrictions in place around europe,travel news,0,NA,published 23 jan 2021 cet,23 jan 2021,2021-01-23
548,no european deaths directly tied to covid 19 vaccine say scientists,covid 19,1,keep pushing your propaganda if readers want some real informed facts please read this article,published 24 jan 2021 cet,24 jan 2021,2021-01-24
549,europeans urged not to travel as eu commission proposes dark red zones for covid hot spots,european union,0,NA,published 22 jan 2021 cet,22 jan 2021,2021-01-22
550,reader question can britons living in eu spend more than 90 days in another schengen country,residency permits,5,i got into a bit of trouble leaving spain a while back as i was travelling on a nz passport but there had been no one to stamp it when i entered the eu in france it ll be interesting to see how that plays out i am a dual passport holder us british and also have permanent residency in the netherlands with the id where i have lived for years i like to spend chunks of time in spain and am very curious how things are going to work if there will be any change in passport control within the schengen zone and how they would monitor the 90 day rule when passports are not checked for example since i am already living with schengen my passports will never be stamped on arrival in the netherlands and i assume when i land in spain from another schengen country there is no change i am aware they may randomly check especially for british passport holders but could i not switch off sometime with my us passport or simply show my residency card from the netherlands if asked a bit confused how things are going to work in practice if anyone knows if there are any changed to passport control within schengen that would be helpful to know note that there are some work arounds for the 90 180 rule at least for australians and new zealanders in both these cases there are bilateral agreements on visa waivers predating schengen for example an australian can spend 90 days in germany only germany then travel to a non schengen country for a single day then return to germany for a new 90 day period this is entirely separate to the 90 180 requirement i remember reading that a kiwi managed to use these bilateral agreements to stay in schengen countries for well over three years however seek confirmation from the relevant embassies before using these agreements not unusual for the border officials to not have a clue if you were driving from france to italy for example with french plates who is going to know if you are british if you have a french id card you could show that if asked there are no borders so if you are driving within eu countries and are staying with friends or family how would the authorities know,published 21 jan 2021 cet,21 jan 2021,2021-01-21
551,could all passenger traffic to europe from non eu countries be halted over covid variants,travel news,7,can anyone tell me if there is a ban on eu citizens travelling to italy i am an irish citizen in london and alitalia will not let me board flights who do i appeal to i am trying to reunite with my partner in roma but i do not have proof of residency in my opinion too many people have been traveling to see family and friends many of these trips are simply not essential but folks say that they are doing it for their mental health if only all intl travel has been stopped in dec 2019 if the who had told us what taiwan tried to tell them but were ignored maybe all this could have been avoided meaning no ferries no trains crossing countries no cruises no air travel published on this page at midday so talks can still be today many of france s anouncements have been on thursday evenings when it says hold talks on thursday and the article was written on a thursday it makes it hard to know when the talks will be held can someone confirm a calendar date for the talks in case i know of someone that needs to change their return ticket home i dont think citizens should be prevented from traveling to their own countries if adopted would freight drivers be given a pass subject to a negative covid test again they are about the only people moving back and forth from the uk at the moment so are essentially the leaking faucet of virus transmission from the uk,published 21 jan 2021 cet,21 jan 2021,2021-01-21
552,reader question can brits stay more than 90 days in the eu if they have a spouse with an eu passport,immigration,3,in the article there is a mention of a possible need to apply for a residency card what is this i am particularly interested in the situation in italy i have seen it written that a carta d identità is not proof of residency and in that case would not be the aforementioned residency card in fact what would be proof of residence in italy i understand that it is such residency that means that the 90 180 rule does not apply i find this very confusing there isn t more than one meaning of the term residency is there the french government s website guide to visas explains very clearly how to stay longer than 90 days if required and for those with 2nd homes who want to spend more time in the summer more than 90 days in a stretch a short long stay visa is possible interestingly crete croatia bulgaria and romania have chosen to stay out of the 90 days in 180 day rule visa application to french consulate appears pretty straightforward it s a nuisance and i wish we didn t have to do it but not as bleak as the press make it out to be the article does not give nearly enough detail on this matter of 6 month stays for brits with an eu spouse these will normally be people with 2nd homes i understand that the brit has to go to the prefecture within 3 months of arrival and then apply for a carte de séjour de membre de la famille d un européen but do the prefectures make a difference between a people wanting a cdes because they wish to become permanent residents and b people wanting a cds in order to say for 6 months as i say above most 2nd home owners will be in category b i ve looked on the website of the prefecture du var but all i see are references to applications for a vls ts and this is for permanent residents we would like to stay for 6 months but do not want to be mistaken for permanent residents hopefully the local will clarify this point for all of us as always the local has provided a useful overview however when to comesto visas the devil is in the detail the article would be really useful if links were included to application processes people who want to stay longer than 90 days in 180 have to get a visa either a visitor visa or a long stay visa this article was sourced infrance but is referenced by the local in spain i am still looking fordetails of how to obtain a visitor visa clearly a spanish matter asthe eu extension visa does not seem appropriate can anyone assist with clarification of what visa is needed to stayin spain for 180 days en bloc and how to obtain such informationis needed by september for those uk nationals who habitually spendtheir winters in spain over the five colder months of the year,published 13 jan 2021 cet,13 jan 2021,2021-01-13
553,bovril tea ham sandwiches what can you bring back from the uk into your eu country,travel news,19,hi can we take crisps into france i am only able to eat naked types ie no salt so if not available in france can i bring some many thanks hopefully one day we will be back in the eu if they will have us 😊 where is the list of foodstuffs not allowed from the uk to the eu am i missing something also looking any advice for diabetics crossing borders when many cafés etc might be closed a sandwich can be a life saver les wrote i appreciate that brexit does make a difference but all of these products have been accepted in the eu since the uk joined why within a few days have the supposed content of these products changed i would have voted to remain but this is just an example of the eu being getting it s own back i don´t think so it´s just the same rules and regulations applied to britain by the eu as applied to any other non eu country frictionless transport of goods is an essential part of the eu britain voted out did people not realise what it actually meant i do wonder if britain had not prevented citizens resident in eu countries for 15 years voting in the 2016 referendum whether this would have affected the overall result welcome to the post brexit world everyone but don´t blame the eu be careful what you wish for les wrote i appreciate that brexit does make a difference but all of these products have been accepted in the eu since the uk joined why within a few days have the supposed content of these products changed i would have voted to remain but this is just an example of the eu being getting it s own back i don´t think so it´s just the same rules and regulations applied to britain by the eu as applied to any other non eu country frictionless transport of goods is an essential part of the eu britain voted out did people not realise what it actually meant i do wonder if britain had not prevented citizens resident in eu countries for 15 years voting in the 2016 referendum whether this would have affected the overall result welcome to the post brexit world everyone but don´t blame the eu be careful what you wish for but food from the caribbean new zealand south america south africa morocco tunisia turkey etc are all imported into the eu no problem les philo they had to make that cut right away as any store in the uk could have changed the raw materials they used for their products like chlorine chicken from the us its unlikely that is the case but they had to draw that line on day one i appreciate that brexit does make a difference but all of these products have been accepted in the eu since the uk joined why within a few days have the supposed content of these products changed ok six months down the line and the uk states that it isn t going to enforce the disciplines that have obviously been in place then i d understand i would have voted to remain but this is just an example of the eu being getting it s own back i do remember not being able to take a ham sandwich into ni so long ago i can t remember why it s the uk that has changed its position the rules are the same in fact the uk helped draw up these rules now the uk is a third country without equivalence with the eu this is what was the oven ready deal therefore the uk can change its safety regulations and food safety standards at will if the deal had included equivalence non of this would be happening the problems lay exclusively at the door of number 10 uk animal husbandry standards are higher than in the eu at the very least there should be mutual recognition as the eu does with new zealand isn t most of cadbury chocolate actually made in poland goodness only knows where cadbury is now made it s ghastly stuff pat given the uk don t make decisions like closing their border to protect their citizens but rather wait for everyone else to do things for them i think you will be fine taking anything into the uk provided you get past french customs on the way out will taking foodstuffs into the uk actually be equally regulated after all we will be taking items out of the eu not bringing them in cakes and biscuits we ll have to read the ingredients lists very closely it ll be hard to remember not to bring that bar of dairy milk and bag of percy pigs with you to eat on the eurostar and can someone tell me the point of vegan bovril marmite hot water presumably tastes the same the front page doesn t actually say teabags aren t allowed it just gives a by line of items saying basically read on to see what is effected omg if the british in the eu couldn t bring teabags i think many would have to sell up and go back hope that clears thing up for you pennyb on the teabag front at least on the front page summary it states that tea is not allowed but in the txt above it says tea bags are ok please clarify we have felt penalised for the last 17 years ever since we moved over to france for choosing to live here brexit is a disaster and will make it worse i am still waiting to hear what the advantages of brexit are does anyone know is baking powder or dried yeast ok what about gingernuta who is moaning this article was just a useful list of what we cannot bring in which i for one appreciated i suspect that not many people affected by this did vote for brexit and are like me really saddened america and australia are not really relevant as we haven t had nearly 50 years of freedom of movement and goods with them can you tell us what we will not be able to bring back from france we enjoy packing the car with lots of local delicious things moan moan moan it s exactly the same entering america and australia and has been for years they voted for brexit so suck it up,published 12 jan 2021 cet,12 jan 2021,2021-01-12
554,eu commission a stamp in a british passport does not put residency rights into question,residency permits,3,it seems that some people have had the best of both worlds and want their cake and eat it if you have a home in an eu country besides a home in the uk you can obviously afford to sort out your residency from the uk before you go back to your eu country home also you must have known something like the situation you are in would happen once the referendum vote was announced that s four and half years ago i sorted mine out long ago even though i was in favour of the uk leaving the eu i dislike the schengen agreement and see it as a way for a dis united states of europe which will dilute each countries identity into dust by the way the two correspondents names robert altinger and raymond attfield sound like a psuedonym of each other a coincidence while not claiming residency rights well not yet we have had a home in provence for nearly 50 years have paid taxe d abitation and vat have a bank account and have till now spent 4 or 5 months in france we have been deprived of our citizenship of europe and access to our home and assume we must now apply for a visa of course going the other way you are on your own priti patel will doubtless deport you if you overstay an erroneous stamp even if you have uk residency established wouldn t be the first time,published 9 jan 2021 cet,9 jan 2021,2021-01-09
555,all travellers to uk to soon need negative covid 19 test,travel news,1,grant shapps it will come into force in england next week no detail given on type of test on tv he said brightly that there are all sorts of tests extra bright expression to make it look as if everything was fine he knows what he s doing sorry rest of the world he doesn t they don t excruciatingly embarrassing government,published 8 jan 2021 cet,8 jan 2021,2021-01-08
556,tipping point why european countries are alarmed by new covid 19 variants,covid 19,0,NA,published 7 jan 2021 cet,7 jan 2021,2021-01-07
557,how the brexit deal has changed daily lives of british residents in europe,dealing with brexit,11,leaving the uk in 2012 to live in italy was the best decision i ve ever made it is what it is many of the problems are due to the uk government s ideology of not being controlled by the eu such as agriculture standards this means now that the uk is treated as a 2rd country just like usa you have eu truck drivers who are told to get paperwork from one place it takes 2 days then sent to another lorry park which is too busy by the time they get access fined 300 pounds for an expired permit forced to queue in the rain to get permits etc it s a mess if only the uk government had 4 years to prepare oh they did it is what it is many of the problems are due to the uk government s ideology of not being controlled by the eu such as agriculture standards this means now that the uk is treated as a 2rd country just like usa you have eu truck drivers who are told to get paperwork from one place it takes 2 days then sent to another lorry park which is too busy by the time they get access fined 300 pounds for an expired permit forced to queue in the rain to get permits etc it s a mess if only the uk government had 4 years to prepare oh they did if your pet has an eu pet passport issued pre 2021 then getting into the uk remains the same as before and you do not also need a uk ahc to return to france an interesting side note for anyone who sells on ebay de offers shipping to eu countries even with it being known that the uk was leaving jan 1st for their eu shipping choices it is still eu plus uk if you want to only send to eu countries only 6 of them are listed ebay really don t get what just happened and trying to contact them to point this out good luck can we have any more information regarding exchanging driving licences the system has stopped again despite saying it would open on jan 1st because there is a lack of reciprocity for french licence holders in uk this will impact many many thousands and the clock is running if uk licences are to become invalid in december as is currently the case we all knew this was coming it s hard for people with families back in the uk but all these problems are just that and really shouldn t be a surprise and if you live in europe what in god s name do you need british food for p s irish tea is better than english get it from them nice to see the brexit trolls on here people who had what they wanted before brexit take away from those who make different choices wait till they try booking cheap ruin air flights to spain and pay more and wait longer they ll soon be gammoaning the uk will re join in 5 years 100 in the last 2days we received a parcel of cosmetics costing 35 euros with a charge paid to dhl of 28 euros import tax can this be right a lot of negativity out there and let´s be honest none of the things mentioned are really impactful more like inconvenience sounds like a lot of self entitled ninnies roaming charges postage and tv access are those the real issues to focus on none of us were forced to live in an eu country and the quality of life benefits out weigh not being to access the full range of m s produce every article in every paper on mobile roaming charges is always exclusively focused on what the english carriers are doing vodafone ee etc on january 4th i had a call with my colleague who has an english mobile number and was charged quite a bit blew out my prepaid balance all calls within the eu are included in my monthly plan but the uk which was included is now no longer and costs as much as switzerland this is actually a big deal because everyone in europe will now be disposed to make less calls to the uk than before coupled with the new import and export hassles and payments we are all looking for alternative markets for our products and alternative sources for things we used to buy from the uk trade friction really is a thing in spite of all the bs from governments we are not hamsters running around in the wheels they have planned for us we do not have to buy or sell things to the uk as we did before if we consider the hassle not worth it it is a pain to change your supply chain arrangements and marketing but once you have done so it is hard to go back,published 7 jan 2021 cet,7 jan 2021,2021-01-07
558,update british residents of eu told not to worry about souvenir passport stamps,travel news,9,as a serial immigrant i can tell you that border personnel all over the world have a varying level of antipathy towards foreigners the best i experienced was canada the worst without doubt the usa incredibly aggressive and frankly rude apart from one exceptionally nice chap at the buffalo crossing from canada it doesn t surprise me at all that a lot of border staff are ignorant of the requirements they are not well paid and well peanuts monkeys robert uk cits do not have id cards as british subjects have a limited stay in eu countries it seems quite logical that their passports should be stamped on entry to schengen countries if someone has german residence this does not give him her unlimited stay in france austria or other eu schengen countries however it would be difficult to check how much time is spent in the other countries if the authorities want to be difficult the onus would be on the individual to prove how long he has spent there you simply need to take your id card with you in fact it is probably valid for travel within the eu if you show a passport that document doesn t certify that you are resident so you will be treated exactly the same as all other uk passport holders as citizens of a non eu country now the passport authorities are not going to take your word that you are eu resident but if you bring your proof id card you won t have any problems this isn t true we had our italian id cards with us today but the slovenia border patrol stamped our passports anyway regarding policing yes most of the time nobody is stopped however the 90 day rule legally applies but if not stopped on at the border on the way out of switzerland you could say any date you wanted if asked later5 1 do third country nationals non eu efta with a swiss residence permit require a visa for the other schengen states third country nationals non eu efta in possession of a swiss permit b c l and ci may visit the schengen area for up to 90 days in any 180 day period without a visa provided they have a residence permit and a valid travel document i travelled within western europe from 1970 upwards and i never ever had my passport stamped i also lived and worked in the netherlands for a year from 1974 i cant understand all this passport stamping as a uk citizen and swiss residency permit holder b does that give me the right to travel throughout the entire schengen region without have to worry about the 90 180 days restriction or does the clock start ticking the moment i leave switzerland into e g germany france italy obviously there is no passport stamping going to happen when travelling between schengen countries so my assumption would be that my swiss permit effectively exempts me from the schengen time limitation because they wouldn t be able to police it it s totally not clear though just goes to prove that all british embassies are a waste of time are only there for entertaining for the employees to live and work in opulence i m american with a french residence titres de séjour and normally show both my passport and titres de séjour at the border occasionally i get stamped but mostly not the stamp itself doesn t seem to be a problem given that the titres de séjour proves my residency so i ve never had issues getting home to france i would suspect britons will eventually fall into the same rhythm that every other non eu person in europe faces good luck to all those stranded,published 4 jan 2021 cet,4 jan 2021,2021-01-04
559,eu medicines agency gives green light to second covid 19 vaccine,covid 19,0,NA,published 6 jan 2021 cet,6 jan 2021,2021-01-06
560,ehic or ghic what s the latest on european health insurance cards for britons,brexit,2,but it is advisable to get travel insurance but it is advisable to get travel insurance,published 5 jan 2021 cet,5 jan 2021,2021-01-05
561,we warned you call for urgent action after britons living in eu denied entry,travel news,8,i flew stansted to cologne on 1 january and ryanair did deny some people without covid tests but everything else went smooth i am british living in germany and i was given a stamp in my u k passport when i questioned it and showed my anmeldung he simply said the u k has left the eu i know he believed me to be resident as only residents abs citizens were allowed to enter germany from u k on the 1st pretty simple really just instruct the border staff to ask all british entrants did you for vote leave or remain if the answer is leave then refuse entry and tell them f off pretty simple really just instruct the border staff to ask all british entrants did you for vote leave or remain if the answer is leave then refuse entry and tell the f off i would totally agree that a skiing holiday is less than a crucial reason to travel in these frightening and dangerous times we find ourselves in however as a brit who regularly travels between the u k and italy i take great offence at being assumed arrogant and entitled it s with great sadness and disappointment that such unprecedented tragedy is now giving some people the misplaced sense of entitlement to pass judgement of other human beings based on their government s incompetences without first taking into consideration valid reasonings behind them risking travel at the moment it s almost xenophobic and wouldn t it be devastating if that was the legacy of this pandemic i would question if it s really selfish to travel having tested negative for covid 48 hours before travelling and quarantining on arrival in order to support a partner family member in their time of need is it selfish to visit your long term partner is it selfish to visit a family member for the very last time or indeed is travelling for business purposes selfish unfortunately we can t all work from home we can t all be furloughed and do not all qualify for government aid but do still have to keep a roof over our heads so have to go where work takes us let s not let this pandemic conquer and divide our compassion regardless of what country we live in it s extremely difficult now as all our patience is wearing thin but perhaps now is the time for tolerance and we should take some time to consider others circumstances because i can assure you we don t all travel just for a holiday between brexit and covid it is a minefield for anyone needing to travel at the moment and i hope that the complications and additional costs have not put further strain on your mental health let s hope better days are coming and that we can hopefully retain some compassion for one another when it s all over i hope everyone can keep themselves and your loved ones safe just for the record we aren t all running a mock over here in england either some of us have more integrity than that and are suffering great losses in order to keep people we love safe i totally agree with the previous comment i am british and full time resident in italy i would be horrified if anyone from the uk arrived in my village in italy at present whether they have a home or property here or not we are talking matters of life and death here people in europe call this new strain the english virus if you didn t understand this before you set off from the uk or decided to travel to the uk and back to europe whilst the virus is running amok in the uk i have no sympathy for you whatsoever you are totally selfish and as the previous commentator says arrogant and suffering from a sense of entitlement i m embarrassed by some of my fellow countrymen and women stop the lot of them their country s virus reaction is tragically incompetent yet many british with their inselaffe exceptionalism and arrogance still think going skiing is a valid reason to travel the eu should bar all but absolutely crucial travel from the uk and uk citizens with residency rights time will hopefully make travel easier again and if and when it does do it but right now it s a selfish fools errand stay put other people live on this planet too it would appear from your own article that it is the uk border patrol which is in ignorance of the rules of the eu member states so i don t see why the campaign group is addressing itself to the eu commission we will be travelling from london to florence on the 8th january as we own a company in tuscany i am assuming we will not have a problem entering the country as long as we agree to a 14 day quarantine also it is my understanding that we do to need to have a covid test prior to or after arrival please can anyone confirm this or let me know if you have had any problems entering italy after the 31st dec thank you,published 4 jan 2021 cet,4 jan 2021,2021-01-04
562,brexit what brits in europe need to know about travel from january 2021,travel news,3,this article dated 1st january includes the statement > all current ehic cards become invalid on december 31st my belief is that this is out of date and that the uk issued ehic will continue to be valid until its expiry date whenan application for a ghic can be made please clarify and amend if necessary can t see any possible reason vanessa why you can t have your 90 days if you re visiting there now or up to dec 31st that s just part of your fom doesn t matter then you can start your 90 days on jan 1st on another tack there is a to whom it may concern letter from the british embassy in paris in french a qui de droit for anyone claiming going to claim french residency but not doing it yet waiting for their card to show if necessary up until october 1st as proof that you don t need to show a residency permit until then so if you perhaps don t get around to applying until june say you have this to show to anyone who asks that it s not required to show til oct does anyone know what will happen to a brit who is in france and who wants to take advantage of first 3 months of 90 day ruling without returning to uk if they have all appropriate driving permits health cover etc the passport won t be stamped to show arrival so is this a grey area has anything been said to indicate you should leave and return i have searched and searched and can t find information relating to this specific question thanks,published 9 dec 2020 cet,9 dec 2020,2020-12-09
563,it s time to put brexit behind us eu chiefs sign trade deal with uk,brexit,0,NA,published 30 dec 2020 cet,30 dec 2020,2020-12-30
564,eu health warning high risk new coronavirus strains will lead to more deaths,covid 19,8,but main stream globally corporate news would never lie to you would they where is their incentive to do so the article doesn t exactly say the people died directly from the vaccine but you have to ask question how do you know that no one has died from the new vaccine did main stream media tell you that maybe you should inform yourself with accurate information before you repeat what you heard on the telly no one has died from taking the new vaccine how many of those 1000 people that died took the new vaccine these are the question s we should be asking,published 30 dec 2020 cet,30 dec 2020,2020-12-30
565,brexit will throw up endless hurdles for britons in europe but we ll be there to help,brexit,4,you re only british if you actually care that you are who chose where they were born flag waving and blind nationalism are for the weak minded see brexit uk has good things about it as do all countries the bureaucracy and paperwork are just another thing in life to deal with so do it you want to live in a better country make it happen don t give up there is a whole bunch of brits who would agree with you the flip side is that there is another bunch of people who voted to leave the eu who disagree with you however we all feel or voted in the referendum and for whatever reason the vote was in favour of leaving the eu and at last a deal has been reached we will get used to it in time for those who want to remain living in europe i guess there will be forms to fill in for residency permits for exports and imports etc but the world has not become smaller for brits wanting to travel once the coronavirus has retreated and we can all do so it will take a little longer to get through customs we have been caught out with covid and unable to move over in time put deposit on property in spain in march then lockdown pulled out due to various issues all related to covid now out of our control and waiting for clarity on new rules we are so gutted but not giving up if only there was a definite end to the nightmare of brexit but there will be years and years of negotiating it has had such a negative effect on my life and that if my partner s our worlds are smaller and it has left a nasty taste in our mouths about being british,published 28 dec 2020 cet,28 dec 2020,2020-12-28
566,analysis britons in europe still gripped by fear and loathing over brexit,brexit,7,davide there are many eurosceptics across europe how many countries regularly poll 20 30 or even over 40 supporting this view have these people all been lied to or fit any of the other silly generalisations rather than continually agonize over the democratic will of the uk voters supporters of the eu might find it more profitable to question why there s so much dissent the mess the eu have made of the covid vaccine roll out would be a topical starting point remainers could argue all kinds of objections to brexit but the elephant in the room is that it was carried out through lies and deceit to achieve a mythical sovereignty which actually means very rich people avoiding higher tax having off shore investment freedom and low eu regulation brexit voters were sold a pup the price of this deceit is personal suffering for millions of brits living in mainland europe eu citizens living in the uk agony for most small and middle sized uk business people a crisis for the uk s health and social care staffing and farming and more the irony is that the equivalent standards part of the current deal means that there will be debates about our so called mythical sovereignty for years get over it and survive talk about shooting your foot off with a shotgun happy limping adam carter and now nigel it s a who s who of gammonry hear hear f hugh eveleigh as with c mason smith i agree with you all uk and eu citizens have a right to make their own decisions about where they want to live and as someone who resides in sweden i knew what could happen if the uk left the eu the negotiations showed the chasm between the uk and eu and the attitude of the eu negotiators in thinking that a country would actually want to leave the club was clear for all to see it was their noses were put out of joint i am sure that there are politicians from other countries in the eu who will watch what happens over the next couple of years and decide for themselves whether they want to stay in the eu the fact that the eu might welcome turkey a country which the vast majority of its land is in asia into the fold is eye watering and i for one am glad that we will not be part of the ridiculous freedom of movement to see terrorists cause havoc and turmoil in paris and slip away to brussels or amsterdam without noticing they have crossed a national border is indefensible to see migrants from africa most of them economic stampede across europe forcing borders to be closed was dreadful yes i know i chose a couple of extreme examples but if the article can be so one sided so can i having always been in favour of the uk leaving the eu i for one am glad it is now happening sure there will be rocky times for all brits wherever we live but we ll get over it and survive and who d have thought jacob and michael would take time out to read and comment on this humble organ an honour indeed well said f hugh eveleigh the article was too emotional and didn t offer anything to the understanding of the position of brits in the eu your pragmatic solution to deal with the situation tomorrow when all possibilities are clear is to be commended fear and loathing put together as they are in this headline overplay what surely is a bureaucratically difficult time for the english abroad for the uk to wish a return to its own sovereignty is surely understandable although maybe not wated by those who decided to leave the uk and live in the eu people who did this did so with the knowledge that if all went wrong they could return they of course assuming the retention of a uk within eu passport can still do so after january 1st the process is straight forward it will also be possible for brits to move to live in the eu but the process is then more difficult but as politics and times change it is likely that entry into the eu will become more fluid the brits have been visiting and living in italy for hundreds of years i managed to live quite happily and legally in italy for five years before and after the uk officially joined the eu to worry in fear at this stage is understandable but is best relegated to deal with tomorrow as all is in flux and once calmer waters are reached there may well be changes the uk has never really accepted the eu and as we know many millions of eu citizens don t either the uk s desire to become a sovereign state again and to trade openly and vigorously with the world is a sure sign of a freedom loving people allow us that and give the country time and you will soon see that matters are not so fearful and most certainly not warranting to be loathed,published 28 dec 2020 cet,28 dec 2020,2020-12-28
567,plans ruined and job opportunities lost freedom of movement ends as brexit reality dawns for britons across europe,brexit,7,yes this retrenchment into nationalism and bureaucracy is a pitiful step backwards by britain but the fact is that those who will suffer most those upset at losing their eu citizenship mutter a lot and express their entirely understandable resentment however they must to some extent take the blame along with all remainers because at the end of the day they didn t do enough to stop brexit the fact is that only 38 of the british electorate voted leave at the referendum in 2016 ie 62 did not vote for brexit and even at the dec 2019 when johnson got his landslide victory on the basis of let s get brexit done only 13m out of a population of 67m voted tory so why are we where we are because the minority brexiteers not only lied but spoke with real passion about their beliefs meanwhile remainers almost never made their case loudly they were too polite and too reserved indeed they seemed almost embarrassed to make the obvious clear that citizens of the 27 countries value their sovereignty every bit as preciously as british leavers that 93 of eu law was voted for by british leaders at the european council that only by being together can europe stand up to bullying by russia china the usa and by big tech remain supporters should have been proclaiming the advantages of europe from the rooftops they didn t now it s too late to whinge indeed leavers in britain are still hoodwinking us with their lies whilst remainers just take it on the chin if ever there were a greek tragedy it is this situation we have allowed to happen the route to evil is for good men to say nothing i don t think someone s read the article unfortunately the british government chose to end freedom of movement for eu citizens wanting to move to the uk and as a result its own citizens lost their right to live in the eu s 27 member states the gift of the eu to equalise those rights was always there prior to the uk taking away the same from the former eu citizens not born in britain it has everything to do with brexit a frenchman resident in the uk will retain onward movement rights a brit resident in france won t it was always within the gift of the eu to equalise those rights but they chose not to nothing to do with brexit this is a shity titl frankly eu is a co cept as any other it also is a habit like smoking for instance one smokes today one quits tommorow once one gets rid of the habit one is free it takes a bit of time but yes one is free there are lots of opportunities out there it s a big world i fully agree as uk and an eu citizen i have given money work and support to my local italian community i have committed myself and my wife to be citizens of the eu and under these circumstances we should af least have the right to freedom of movement among eu member states hello as a family we are resident in western france i work in many eu countries for a spanish company my children have been educated in france italy and the uk what an appalling loss to the future for our children the little englanders who voted for stupidbrexit will not be held accountable for this the conservative party and farage should be i would like european status to be a right i don t really want to take french nationality just to keep free movement for me and our children thank you welcome to the world of so many non eu people working in eu and in uk,published 25 dec 2020 cet,25 dec 2020,2020-12-25
568,devastating anger and dismay after uk decides to pull out of eu s erasmus student scheme,brexit,5,britain s global alternative is only great for families who can afford to send their kids half way across the world out of the price range of those of normal means boris did promise we weren t going to leave erasmus eu universities are not ranked very highly and britain s global alternative sounds a better idea we call it in france shooting oneself in the foot buller buller buller erasmus is expensive says the man who went to eton disconnected caste etonians and their ilk arguably do more damage than good,published 24 dec 2020 cet,24 dec 2020,2020-12-24
569,the deal is done eu and uk finally reach a brexit trade agreement,brexit,0,NA,published 24 dec 2020 cet,24 dec 2020,2020-12-24
570,eu says blanket uk travel ban should end to allow people to return home,travel news,0,NA,published 22 dec 2020 cet,22 dec 2020,2020-12-22
571,update european union officially approves pfizer vaccine for rollout,covid 19,0,NA,published 21 dec 2020 cet,21 dec 2020,2020-12-21
572,update travel chaos in europe which countries have imposed transport bans on uk,travel news,1,yesterday there were packed terminals at london airports people using a loophole by flying from london to belfast in northern ireland then travelling onwards to dublin to catch flights all over europe there is no ban on leaving ireland this is bad,published 21 dec 2020 cet,21 dec 2020,2020-12-21
573,british tourists set to face europe s covid 19 travel ban from january 2021,travel news,2,apart from the fact that airlines cancelled their flights from and to geneva when we tried to do that 2 weeks ago when we needed to return to the u k for exceptional resulting in a hell of a drive from provence to bristol and back over 4 days so the obvious loophole would be to fly from the uk into switzerland then you d be free to leave switzerland and travel within the schengen area and therefore most of the eu the european commission currently says that travel is allowed for any reason between eu and schengen zone countries,published 26 nov 2020 cet,26 nov 2020,2020-11-26
574,who warns europe of covid 19 resurgence and urges families to wear face masks at christmas,covid 19,0,NA,published 16 dec 2020 cet,16 dec 2020,2020-12-16
575,landlocked in the eu are you affected by loss of onward freedom of movement,travel news,0,NA,published 14 dec 2020 cet,14 dec 2020,2020-12-14
576,updated uk and eu abandon deadline to continue brexit trade deal talks,brexit,0,NA,published 13 dec 2020 cet,13 dec 2020,2020-12-13
577,what brits in austria must do to prepare for the realities of brexit,brexit,0,NA,published 4 dec 2020 cet,4 dec 2020,2020-12-04
578,eu announces no deal plans to guarantee road and air travel with uk in january,travel news,0,NA,published 10 dec 2020 cet,10 dec 2020,2020-12-10
579,british pensioners and students living in europe urged to apply for new ehic card,dealing with brexit,2,the link is incorrect it is for uk residents only if you are already resident outside uk it says you need to call +44 191 218 1999 to renew your ehic i only found this info when my french postcode was refused and i clicked through to the help page the questions on the form that i wasted my time completing you ll possibly need your ni or nhs number and your ehic pin which is on your current ehic card and begins uk please the local check your data before sending us all on a wild goose chase the link is incorrect it is for uk residents only if you are already resident outside uk it says you need to call +44 191 218 1999 to renew your ehic i only found this info when my french postcode was refused and i clicked through to the help page the questions on the form that i wasted my time completing you ll possibly need your ni or nhs number and your ehic pin which is on your current ehic card and begins uk please the local check your data before sending us all on a wild goose chase,published 1 dec 2020 cet,1 dec 2020,2020-12-01
580,covid 19 cases explode in europe which countries are under lockdown or curfew,covid 19,0,NA,published 5 nov 2020 cet,5 nov 2020,2020-11-05
581,around europe how the relentless resurgence of coronavirus is causing unease and despair,covid 19,1,i love switzerland and really enjoy living here could someone explain why with the highest level of infection rates in mainland europe and hospitals reaching capacity little to nothing is being done to confront this,published 30 oct 2020 cet,30 oct 2020,2020-10-30
582,defeat for rights of britons wanting to return from eu in future,brexit,0,NA,published 22 oct 2020 cet,22 oct 2020,2020-10-22
583,brexit european nationals warned of change in travel rules when visiting uk in future,european union,0,NA,published 13 oct 2020 cet,13 oct 2020,2020-10-13
584,opinion britons living in europe will be locked out of uk by inhumane law,brexit,1,hyperbole infinite family members which is it do tell,published 8 oct 2020 cet,8 oct 2020,2020-10-08
585,what can europe do to battle pandemic fatigue,covid 19,0,NA,published 7 oct 2020 cet,7 oct 2020,2020-10-07
586,key victory for family rights of britons returning to the uk from eu,brexit,0,NA,published 5 oct 2020 cet,5 oct 2020,2020-10-05
587,just how guaranteed are the rights of britons living in europe,brexit,0,NA,published 1 oct 2020 cet,1 oct 2020,2020-10-01
588,eu launches legal action against uk over breach of brexit deal,brexit,1,who in their right minds would want to trade or have agreements with such an untrustworthy little island,published 1 oct 2020 cet,1 oct 2020,2020-10-01
589,could 1 and 2 cent euro coins soon be scrapped,politics,8,they haven t been using the 1c 2c in italy for quite some time now rounding off to the nearest 5c keep up france when i lived in belgium in pre euro days there were far more belgian francs than french francs per £ and the coins went down to 1 4 and 1 2 cents final bills were always rounded up or down but the actual prices of goods still showed these small denominations only the final total was rounded so 3 items at 4 45 would come to 13 35 and be charged as 13 francs or at 4 85 making 14 55 would be charged as 15 francs seemed reasonable to me when i lived in belgium in pre euro days there were far more belgian francs than french francs per £ and the coins went down to 1 4 and 1 2 cents final bills were always rounded up or down but the actual prices of goods still showed these small denominations only the final total was rounded so 3 items at 4 45 would come to 13 35 and be charged as 13 francs or at 4 85 making 14 55 would be charged as 15 francs seemed reasonable to me all the x 99 prices will go down to x 95 so there will be a small savings there we had 1c and 2c coins in australia and both coins were withdrawn from circulation in 1992 and nobody missed them so many people now use cards anyway so don t see why they are needed i generally come home with heaps of these after holidaying in europe because retailers have always put the consumer first and rounded prices down to benefit the consumer and reduced their profits haven t they i think it s better to abolish these two coins one main reason to abolish it which would benefit the consumer is that there would be no more psychological pricing instead of 99 99 it would make 100 or 99 95 good for us actually no need to phase them out just make automated vending and coffee machines accept them very annoying that most of these don t accept anything below the 5 cent coin,published 29 sep 2020 cet,29 sep 2020,2020-09-29
590,around europe how countries are battling to prevent a second wave of covid 19,covid 19,0,NA,published 25 sep 2020 cet,25 sep 2020,2020-09-25
591,european airlines cutting fares to woo back passengers,travel news,0,NA,published 27 sep 2020 cet,27 sep 2020,2020-09-27
592,brits in eu risk losing uk bank accounts within weeks,brexit,0,NA,published 20 sep 2020 cet,20 sep 2020,2020-09-20
593,europe s alarming infection rates and shorter quarantine periods worry who chiefs,covid 19,0,NA,published 17 sep 2020 cet,17 sep 2020,2020-09-17
594,european airlines demand end to quarantine chaos,travel news,0,NA,published 15 sep 2020 cet,15 sep 2020,2020-09-15
595,europe will see rise in covid 19 deaths in coming months who warns,covid 19,0,NA,published 14 sep 2020 cet,14 sep 2020,2020-09-14
596,opinion all certainty has vanished for british citizens living in europe,citizens rights,2,i doubt the bill will pass unless johnson has found a mechanism to bypass the house of lords and the commons also if it does get passed i doubt it will have much of an impact on the british resident in europe there is a point of honour there europe will abide by most of its side of the agreement just to prove the point methinks you exaggerate the situation,published 11 sep 2020 cet,11 sep 2020,2020-09-11
597,brexit terms must be respected eu s barnier sends message to boris johnson,brexit,0,NA,published 7 sep 2020 cet,7 sep 2020,2020-09-07
598,which countries in europe have done the best job in handling the virus crisis,health,0,NA,published 27 aug 2020 cet,27 aug 2020,2020-08-27
599,eu urges countries to reinstate curbs to halt coronavirus resurgence,covid 19,0,NA,published 11 aug 2020 cet,11 aug 2020,2020-08-11
600,eu urges governments to scrap travel restrictions for couples,covid 19,1,let s hope legislators and officials move quickly to take positive actions towards remediating this matter,published 7 aug 2020 cet,7 aug 2020,2020-08-07
601,health warnings as europe swelters under heatwave,weather,0,NA,published 1 aug 2020 cet,1 aug 2020,2020-08-01
602,in charts how coronavirus mortality rates compared around europe,covid 19,1,wondering why you don t include ireland too it is part of the eu and many of us irish are living in france and would appreciate being included in the statistics,published 30 jul 2020 cet,30 jul 2020,2020-07-30
603,how europe is ramping up restrictions to prevent a coronavirus resurgence,covid 19,1,anyone with a single brain cell knew that when travel in france was opened up the virus cases would increase the country was opened up far too early,published 28 jul 2020 cet,28 jul 2020,2020-07-28
604,who warns of europe virus spike as countries impose new curbs,covid 19,0,NA,published 25 jul 2020 cet,25 jul 2020,2020-07-25
605,eu to make face masks compulsory on all european flights for passengers aged 6 and over,travel news,1,i was expecting my temper to be checked when i flew from limoges to east midlands on the 2nd july this didn t happen at both ends my husband just flew from limoges to manchester and he had no temperature checks either my contact details were scrutinized but husband was waved on any particular reason why security were so lapse,published 24 jul 2020 cet,24 jul 2020,2020-07-24
606,historic day how the eu agreed its €750 billion rescue plan to save shattered economies,covid 19,2,anyone who calls this agreement a historic rescue plan is naive at best six months after this pandemic began the best these out of touch elite can do is offer loans and grants to implement a wish list of eu programs little if any will make its way to the small businesses who need it the most while the us is working on its third package of assistance these smug eu leaders finally have agreed to a package that will have so many strings attached and benefit their pet projects that italy and spain will be no better off this is nothing but a photo op by a bunch of globalists who are intent on creating a europe no one recognizes the eu has just shown once again how moribund it is in the face of crisis when technocrats are at the wheel time for italy spain and others to realize the eu should be dissolved in favor of reinstating a country s sovereignty and creating a trading block to do what the eu was intended to do before it morphed into a cancerous bureaucracy that imposess more and more control so basically when countries suffer thousands of deaths and economic breakdowns we as europe tell them here is a loan i want you to add it to your debt and i want you to lower wages and pensions in your country tax your companies even more etc etc otherwise i will let you decay because it is your fault,published 21 jul 2020 cet,21 jul 2020,2020-07-21
607,how face masks have helped slow down the spread of coronavirus in germany,face masks,0,NA,published 9 jul 2020 cet,9 jul 2020,2020-07-09
608,some swedish care homes have had no cases of covid 19 what did they do right,covid 19,0,NA,published 30 jun 2020 cet,30 jun 2020,2020-06-30
609,uk publishes list of european countries exempt from quarantine rule,travel news,1,train coach ferry or air what about folk who drive and use the channel tunnel that doesn t seem to be covered by the list,published 3 jul 2020 cet,3 jul 2020,2020-07-03
610,brexit five key things to know about applying for residency in the eu,residency permits,0,NA,published 2 jul 2020 cet,2 jul 2020,2020-07-02
611,update eu agrees to reopen borders to 15 countries but excludes us from safe travel list,european union,4,i m an american residing in the u s and have tickets to fly on air france next week from berlin to paris which i will not be allowed to do under the new eu adopted regulations i am now in the u s does anyone know what air france s policy is on either refunding the cost of my ticket or giving me a credit or voucher and if the latter how long will i have to use it no one has been able to find this out many thanks if you re already in the eea such as ireland or uk but not a foreign national and no residency are you able to move between countries now if you don t have residency would the us exception also apply to dual us italy citizens who reside in the us typo over 125 thousand deaths in us not over 125 deaths,published 29 jun 2020 cet,29 jun 2020,2020-06-29
612,nip the virus in the bud how germany showed europe the way on coronavirus testing,covid 19,0,NA,published 26 jun 2020 cet,26 jun 2020,2020-06-26
613,europeans harden views towards us and eu after pandemic,covid 19,0,NA,published 29 jun 2020 cet,29 jun 2020,2020-06-29
614,the biggest challenge of our time how sweden doubled intensive care capacity amid covid 19 pandemic,covid 19,0,NA,published 23 jun 2020 cet,23 jun 2020,2020-06-23
615,american tourists could be barred from europe when borders reopen,european union,12,i m all for banning us americans i hope lots of people are royally pissed out about and take your anger to the voting booth and get rid of the moron we have for a president and the moron republican puppet senators unfounded conspiracy theories lessen yourself and everyone you talk to the plandemic was a test perhaps the powers that be don t want it to end we have not been able to visit our 2nd home in the dordogne since sept 2019 the french strikes killed our dec trip and then the may trip due to covid i can certainly understand the concern for france as cases are up here in the us however the us is a very large country and not all areas are having the issues for those with 2nd homes why not look at where they live in the us for potential exposure and then if in a low area of risk require a 14 day quarantine in their homes in france we could at least do maintenance on our homes and one of our friends in the village could bring us food and supplies and wine just a thought merci luigi the vast majority of the deaths were in blue states because that s where most of the people live you get your facts straight now the second wave is in mostly red states because their idiotic governors will not institute controls and residents in red states have a self control of a tasmanian devil of course there was a right way the trump administration s reduction of pandemic response forces at the federal level clearly didn t help second wave covid is on the rise in red states because of premature reopenings and general disregard for the pandemic as for mariuccia2019 please get your facts straight a vast majority of the deaths in the us were in democratically controlled states most of whom ignored the cdc guidelines as reported this week by a cdc representative new york governor andrew cuomo as well as pa il and others had forced nursing homes to take in covid patients as much as the media and left would like to blame everything on trump the reality is there was no right way to deal with this pandemic sure luigi let s allow americans to bring the virus back to europe with their high numbers instead of the chinese sounds like a good idea i am an american living in france and i will be glad if they go through with this ban or at least put restrictions in place for those that have property in europe as a commenter mentioned above luigi trump is that you go ahead eu ban americans perhaps the chinese tourist will make up for the billions us tourists spend and while they are at it maybe bring another virus to your shores in 2018 us tourist spent over 5 billion us dollars which includes business and personal travel plus in country spending this australian family was due to travel to italy next friday to visit our italian family but even if italy allows this it won t happen because our borders are closed to all international travel we are feeling so sad not be there for the italian summer but also feeling lucky to live in a part of the world that has stayed relatively safe next italian summer we hope the usa is a large country and some regions states have acted responsibly during the pandemic self isolating and mandating masks just like italy there are regions that are not experiencing drastically higher infections from covid 19 it s true that several states generally with republican leadership that has been following trump s direction that opened too early and are in trouble with their infection rates however i think that the usa states citizens should be allowed some leeway to travel to europe for example if they are not classic tourists but have a place to quarantine for the required period of time i for example have an apartment for which i have a 4 year contract in italy i can t get to it i understand the lack of respect that has been shown the european nations in the form of trump and his policy makers but there are many other citizens of the usa who have actedd more responsibily i would hope the eu takes this into consideration perhaps requiring a minimum stay with a verified private not hotel address where quarantine can be accomplished along with verified support for groceries etc and then allow for these exceptions i hope we can once again in a safer healthy and mutually considerate way visit our european neighbors again,published 23 jun 2020 cet,23 jun 2020,2020-06-23
616,europe sizzles as temperatures rise towards 40c,weather,0,NA,published 23 jun 2020 cet,23 jun 2020,2020-06-23
617,how switzerland avoided a coronavirus catastrophe by protecting cross border workers,covid 19,0,NA,published 12 jun 2020 cet,12 jun 2020,2020-06-12
618,where can you travel in europe eu launches new website to help tourists,european union,0,NA,published 16 jun 2020 cet,16 jun 2020,2020-06-16
619,open borders europe s haphazard route to ending travel restrictions,travel news,0,NA,published 15 jun 2020 cet,15 jun 2020,2020-06-15
620,eu agrees purchase of 300 million coronavirus vaccine doses,vaccine,2,correction by unifesp são paulo brazil instituto butantan is testing other vaccine together withsinovac biotec laboratory it is important to mention that oxford vacine are being tested by instituto butantã são paulo brazil,published 14 jun 2020 cet,14 jun 2020,2020-06-14
621,eu proposes progressive and partial reopening of external borders in july,european union,0,NA,published 10 jun 2020 cet,10 jun 2020,2020-06-10
622,lockdowns and restrictions across europe averted 3 million deaths,covid 19 rules,0,NA,published 8 jun 2020 cet,8 jun 2020,2020-06-08
623,coronavirus crisis in france the battle to save the livelihoods of the self employed,jobs,0,NA,published 22 may 2020 cet,22 may 2020,2020-05-22
624,what you need to know about uk quarantine if you are travelling from europe,travel news,0,NA,published 8 jun 2020 cet,8 jun 2020,2020-06-08
625,who interview if our behaviour returns to normal europe risks new waves of covid 19,health,1,brought to you by the same guys who said on january 14th that there was no sign of human to human transmission praised the chinese for their transparency and touted the imperial college model used to justify the lockdown if there are no big spikes in america this week then all bets are off as far as the experts are concerned,published 5 jun 2020 cet,5 jun 2020,2020-06-05
626,stopgap or life saver italy s scheme to help the self employed survive the coronavirus crisis,italy,1,interesting article i have an italian accountant for my tasse and i work in electronic engineering and teach english my income fell off a cliff under lock down losing over 1 500€ a month my accountant handled everything regarding these payments and i have experienced no problems at all,published 30 may 2020 cet,30 may 2020,2020-05-30
627,living in europe an update from the team at the local,travel news,0,NA,published 30 may 2020 cet,30 may 2020,2020-05-30
628,as europe comes out of lockdown what lessons can be learned from sweden,covid 19,4,main lesson dont look for positive lessons in sweden i agree with nina i am 64 completely paralyzed on one side my husband is my care giver i ve heard awful stories about how his dement uncle over 85 was treated in a nursing home before the pandemic unless nursing homes get better i will never allow my husband or myself to enter one should the need arise also the only reason why it s better in skåne is because the danes shut their border so thank you denmark what lessons can be learnt are you flipping kidding me ok sure lesson 1 elderly lives matter and putting in place the right protocols in nursing homes as this pandemic was made official would have been the ethical and right thing to do lesson 2 when you experiment with your population based on sweden s covid policy the rest of the neighbouring countries will see you as a pariah and risk hence keeping their borders shut,published 20 may 2020 cet,20 may 2020,2020-05-20
629,confronting coronavirus the local examines how europe is tackling the crisis,covid 19,0,NA,published 22 may 2020 cet,22 may 2020,2020-05-22
630,coronavirus around europe will foreign travel be possible this summer,travel news,0,NA,published 16 may 2020 cet,16 may 2020,2020-05-16
631,how to wear your coronavirus face mask,face masks,0,NA,published 14 may 2020 cet,14 may 2020,2020-05-14
632,how is each european country emerging from coronavirus lockdown,covid 19,0,NA,published 10 may 2020 cet,10 may 2020,2020-05-10
633,coronavirus around europe how well have governments handled the crisis,covid 19,0,NA,published 8 may 2020 cet,8 may 2020,2020-05-08
634,concerns grow in europe over potential second wave of coronavirus as lockdowns are eased,covid 19,0,NA,published 4 may 2020 cet,4 may 2020,2020-05-04
635,coronavirus across europe how the pandemic has affected those living abroad,covid 19,0,NA,published 25 apr 2020 cet,25 apr 2020,2020-04-25
636,coronavirus around europe questions and concerns remain as countries move towards easing restrictions,covid 19,0,NA,published 17 apr 2020 cet,17 apr 2020,2020-04-17
637,what needs to happen before european countries lift coronavirus restrictions,covid 19,0,NA,published 13 apr 2020 cet,13 apr 2020,2020-04-13
638,coronavirus across europe an inside view as countries plot a path back to normal life,covid 19,0,NA,published 10 apr 2020 cet,10 apr 2020,2020-04-10
639,coronavirus and face masks how countries have shifted their advice to the public,covid 19,0,NA,published 5 apr 2020 cet,5 apr 2020,2020-04-05
640,coronavirus across europe an inside view as europeans search for signs of hope,covid 19,0,NA,published 3 apr 2020 cet,3 apr 2020,2020-04-03
641,how lockdowns and restrictions across different european countries may have saved lives,covid 19,0,NA,published 31 mar 2020 cet,31 mar 2020,2020-03-31
642,coronavirus across europe an inside view into the developing crisis in different countries,covid 19,2,interesting read my husband and i are wintering in the usa and need to return to sweden soon before health insurance runs out it s been fascinating to read that sweden is still fairly open we are hoping sas continues to fly to stockholm from newark we also hope we don t land in a huge virus explosion in stockholm caused by not locking down because we think this will be happening in the us watch this space best article so far at least for swedish readers now i can easily compare the regulations in each country and make an informed decision instead of waiting every day for sweden to change its policy,published 27 mar 2020 cet,27 mar 2020,2020-03-27
643,coronavirus pandemic opens up divide between cities and countryside across europe,covid 19,0,NA,published 21 mar 2020 cet,21 mar 2020,2020-03-21
644,coronavirus in europe an inside view of how the situation compares in different countries,covid 19,0,NA,published 20 mar 2020 cet,20 mar 2020,2020-03-20
645,you are not alone living abroad in the time of corona,covid 19,10,thank you for this i m from the uk and have kids back home who i haven t seen for a month now the disparity between the two countries in terms of covid progression is such that i don t think it is safe for me to get on a plane and then enter my successfully isolated house even if i could get on a plane i miss them all so much and i m riddled with guilt especially this weekend it all feels unreal like watching a film when i look at the situation in the uk i feel very removed from it anyway thanks for the article it s nice to have some validation anyway thanks for your publication my husband and i are in spain on work visas for a year and have struggled all day today with whether to go back to america we ve decided to stay your publication makes me feel like there is a community out there going thru the same thing thank you so much we would be so lost with out your help well done with your updates to keep us informed of all the new covis 19 changes of law also the good advice as to how we can do the best to protect ourselves and other people great to have all this available in english so there are no misunderstandings of what best practice we should be following a wonderful insight to life as an expatriot thank you for taking the time to share this i can really concur with all you have written thanks for this article and all the reports on the outbreak i m from malaysia and am working in copenhagen i do feel the govt here has been implementing the best preventive measures so far and i hope we can mitigate the outbreak soon my home country is worse too with 900 cases at the moment and i only hope it gets curtailed soon a great article that definitely resounds worries i have but i feel safer in germany than if i lived elsewhere retired and living in italy my grasp of the language is still limited this article really struck a chord for me people don t know the real you because you can t chat in the way you would if you were speaking in english on a positive point we feel safe in our small village community and we have good neighbours around us good luck and good health to all i joined the local because my son is studying in denmark he chose to stay during this crisis in his new country with his new friends it s a big step for a mum to be far away but i m very proud of him and the local is doing a great job of reporting and updating connection is everything glad i found you really nice to hear these kinds of articles from you we kind of know some of these already but it still feels nice to hear that someone else feels the same way keep up the good work again to everyone else this too shall pass,published 19 mar 2020 cet,19 mar 2020,2020-03-19
646,eu imposes entry ban for 30 days in bid to slow coronavirus pandemic,covid 19,2,whats the use of this when the virus is spread almost every country in the europe this has to be taken care even before its entry now there is no point of closing the borders dumb eu the uk should be included because they are virtually operating as normal,published 17 mar 2020 cet,17 mar 2020,2020-03-17
647,in depth how europe is ramping up new lockdown measures to fight coronavirus pandemic,covid 19,0,NA,published 16 mar 2020 cet,16 mar 2020,2020-03-16
648,what are the main measures being taken across europe to fight coronavirus pandemic,covid 19,0,NA,published 13 mar 2020 cet,13 mar 2020,2020-03-13
649,no coronavirus isn t the same as the flu,covid 19,0,NA,published 12 mar 2020 cet,12 mar 2020,2020-03-12
650,coronavirus what you need to know about trump s europe travel ban,covid 19,6,bingo elizabeth the us citizens or permanent residents won t carry or spread the virus how does trump know this it s important to come home and be with families but being safe is the most important so why ban only schengen zone residents is it a coincidence that in excluding the uk and ireland trump is protecting his resorts so apparently the virus was introduced to america by foreigners visiting the usa he must mean that as u s citizens can still fly home from the e u i wonder what would have been his reaction if the e u had at the get go stopped flights to the u s a so therfore stopping any us citizens flying home hmmmm you need to have your passport associated to your ticket days in advance of your flight to usa when we flew back to the usa from sweden we went from stockholm to denmark thru danish passport kontrol then to the usa so the passport had multiple stamps plus rfid so they d know when you board the plane with final destination to usa where you came from and would probably exclude you from boarding in the airport you were screened and kept in a separate area so they knew who was cleared to go to the usa and this was 2016 in copenhagen i would not call myself a big supporter of the president but if everyone gets sick at once health care will be overwhelmed we are all going to get this eventually most likely but by delaying transfer it ll spread out the cases i can remember days when one kid got chicken pox other parents sent their kid over so they d get it too this isn t like that you don t want this and shouldn t circulate it the restriction doesn t apply to travel from the uk but it was unclear how us authorities plan to deal with foreign nationals travelling from europe to the us via the uk exactly can we spell irresponbible,published 12 mar 2020 cet,12 mar 2020,2020-03-12
651,video five key questions about the coronavirus answered,covid 19,0,NA,published 1 mar 2020 cet,1 mar 2020,2020-03-01
652,doors will close for brits in eu why the uk s post brexit immigration plan has sparked alarm,brexit,1,funny enough most europeans i know have a level of english good enough to meet the expected level required for post brexit imigration into the uk while most british people i know back in the uk have no second language skills and would find it difficult to meet the local language requirements b1 b2 for imigration last year our daughter finished her bi lingual abi the entire class has english b2 c1 and french b2 on top of german naturally,published 19 feb 2020 cet,19 feb 2020,2020-02-19
653,eu or non eu which passport queue should brits use after brexit,brexit,1,nobody seems to know the answer i brit and my wife french visit our daughters in the uk a few times a year we will obviously be in the same french registered car which lane should we join in calais and dover i am quite sure we are not the only couple in this situation and after 47 years marriage never expected this,published 3 feb 2020 cet,3 feb 2020,2020-02-03
654,the local s view most brits in europe didn t ask for brexit but now we have to make it work,europe,2,i totally agree with you louise couldn t have put it better myself although i m based in france i still work for and pay taxes in the uk i unfortunately couldn t vote as i m an italian citizen and if i could i would have voted against brexit i always hoped that the uk would have been able to help the eu get out of the bordello they re in by being in the eu too late now gb has left i wish the eu all the best but i honestly don t see the silver lining yet take care i am disappointed although not surprised to see yet another biased article i voted for brexit because i absolutely disagree with how the eu is run i could not in all good conscience vote for such an undemocratic non transparent wasteful system i do not agree with the economis sytems of the eu and i defintely do not agree with the euro it has crippled south european countries there are too many eu policies that i find sinister and it is clear to anyone who wants to look that it is as good as a federation another united states well we ve seen how well they work and i did not want britain to be part of that i live in france simply because i could afford a house here without a mortgage simple i have also lived in the far east please note tnhat i believe britian desperately needs immigration as we do not have enough people for certain jobs brexit was not about immigration for everyone and it is prejudicial to state it was the only reason for brexit but typical of the media how sad i will not vote for something i disagree with the world outside of the eu is much bigger than the eu let s get on with working with the whole world and thank goodness we are getting our of the eu protectionist economics louise rollason,published 31 jan 2020 cet,31 jan 2020,2020-01-31
655,opinion if the uk won t stand up for the rights of britons in europe then it s down to us,brexit,0,NA,published 30 jan 2020 cet,30 jan 2020,2020-01-30
656,opinion we shouldn t expect special treatment from eu just because we re british,sue wilson,3,oh dear got up on the wrong side of the bed amazing i wish i could be as ill informed as you ignorance must be bliss if possible i would recommend applying for normal citizenship in the eu country where you live i can only speak as a brit living in germany weimar in thuringia but i didn t find the application process particularly arduous the officials who helped me were patient courteous and friendly and the whole thing only cost around 250€ i believe it s over a 1000 pounds for the same process in the uk also i wouldn t say that my german is anywhere near flawless,published 20 jan 2020 cet,20 jan 2020,2020-01-20
657,brexit britons in europe urged to look on bright side of devastating uk election result,election,0,NA,published 13 dec 2019 cet,13 dec 2019,2019-12-13
658,freedom of movement how brexit is costing young britons seasonal jobs in europe,brexit,0,NA,published 12 dec 2019 cet,12 dec 2019,2019-12-12
659,the brexit election why britons in europe should register for a proxy rather than postal vote,brexit,4,ridiculous that we the most affected have no vote we have legally lived and worked in france twice spain and belgium three times and have been resident since 1999 in france we have long term cartes de séjours but still risk losing our freedom of movement within the eu no idea where the two previous illiterate comments are coming from where js tge bias in this adios you wont be missed thanks the local for your unbias reporting auto renew cancelled adios tens of thousand of brits will be denied a vote because they have lived outside the uk for over 15 years so where s this so called democracy the readers of the british guttersnipe press are always screaming about,published 30 oct 2019 cet,30 oct 2019,2019-10-30
660,eu agrees to three month brexit flextension,brexit,1,so they don t really want the people to have their vote they voted to leave and that should be honored if not the people don t have a vote no one is owed a deal leave now,published 28 oct 2019 cet,28 oct 2019,2019-10-28
661,eu27 fail to agree length of brexit extension for uk,brexit,0,NA,published 25 oct 2019 cet,25 oct 2019,2019-10-25
662,a massive betrayal uk s no deal brexit healthcare pledge for pensioners in eu sparks anger,brexit,2,maybe but don t forget that the people voted to leave the eu based on a stream of lies being broadcast by who yes boris johnson it need not be said that the expatriates living in europe were not allowed to vote in the refrendum teresa may promised that we would be given the vote once she was elected but once again an unfulfilled promise finally why should we have to pay 119 euros for a permis de séjour when all european nationals resident in the u k get theirs for free reciprocity the british people voted to leave the eu and they also chose not to switch to the euro the eu doesn t have to accept any deal from england why are people afraid of boris he is just enforcing what was voted for,published 23 sep 2019 cet,23 sep 2019,2019-09-23
663,it s not too late for a brexit deal eu s juncker,brexit,0,NA,published 22 sep 2019 cet,22 sep 2019,2019-09-22
664,brexit what are the main differences between a deal and a no deal for brits in the eu,residency permits,0,NA,published 1 aug 2019 cet,1 aug 2019,2019-08-01
665,no deal brexit holidaymakers and pensioners hit in pocket as pound falls to two year low,brexit,0,NA,published 29 jul 2019 cet,29 jul 2019,2019-07-29
666,eu s likely next boss ready to back another brexit delay if needed,brexit,2,but there is no reason at the moment to delay any further until the eu comes to its senses and accepts that the uk must return to being a sovereign country then any deal such as pm may s is a myth and therefore why delay voted down three times in the uk parliament the deal is dead hopefully not this farce needs to end one way or another,published 16 jul 2019 cet,16 jul 2019,2019-07-16
667,analysis how the english language will change after brexit,brexit,1,i hate to break to this student but english was used internationally long before the eu was even thought of and will continue to be so long after britain has departed,published 9 jul 2019 cet,9 jul 2019,2019-07-09
668,brexit withdrawal agreement or nothing eu deals new blow to rights of britons,residency permits,0,NA,published 5 jul 2019 cet,5 jul 2019,2019-07-05
669,brexit why won t the eu act to protect the rights of britons in europe,brexit,5,deal or no deal brits will be landlocked barnier and junker have never liked the brits and totally undermined the remain campaign by contradicting cameron some people in france are in danger of deportation anyway deal or no deal the whole thing is a mess the wa was a one womans idea of what it should be which is why it was rejected will brits with permanent residency in one eu country retain the right to move to another or remain land locked and a second class eu resident the british have implemented the wa regarding citizens rights this is the pre settled and settled schemes and is barring date changes the same for a deal and no deal brexit the eu has made recommendations on uk citizens to eu27 states in the event of a no deal these recommendations are far below the wa implementation the uk has done the eu chose to make the recommendations as weak as possible they could have recommended reciprocity but didn t the last thre paragraphs out line the approach the eu 27 will take at the moment the eu 27 don t know what protection will be needed the type of brexit may direct the approach taken as for the comment barnier has always hated the brits it s niether helpful or correct the bad deal and not caring about brits abrao is pure nonsence a deal has been agreed and it s the uk governments attitude that is the issusecausing problems for it s citizens in europe in my opinion barnier has always hated the brits in my opinion hence bad deal and not caring about brits abroad,published 19 jun 2019 cet,19 jun 2019,2019-06-19
670,europe amp you an interesting new brexit poll and what s switzerland s problem with the eu,brexit,0,NA,published 14 jun 2019 cet,14 jun 2019,2019-06-14
671,europe amp you boris our best chance to stop brexit eu green cards and cash for residency appointments,brexit,1,it is interesting to compare boris johnson and emmanuel macronjohnson was born to a rich family and went to eaton an elite expensive public=private school from there he went to oxford following the standard route for senior ministers and prime ministers in the uk in contrast macron was born to a wealthy family and went to an expensive private school from there he went to the elite école nationale d administration the standard route for senior ministers and presidents of france there are great differences in their personalities johnson is often regarded as having a good sense of humour at the moment he is guarded by minders to protect him from his one liner gaffs macron is not noted for his sense of humour he is famous for his ability for talking for hours on any subject without notes how many are still awake at the end of this monologue is not recorded both of them have shot themselves in the foot which may lead to their ultimate political deaths johnson was the major force in the leave brexit vote macron after supporting his rich friends alienated forgotten france resulting in the yellow vests protest politics is a dirty business,published 7 jun 2019 cet,7 jun 2019,2019-06-07
672,european elections a beginner s guide to the vote,europe,0,NA,published 24 may 2019 cet,24 may 2019,2019-05-24
673,britain and eu set out competing brexit delay dates,brexit,0,NA,published 6 apr 2019 cet,6 apr 2019,2019-04-06
674,no deal now a likely scenario brits in eu fearful after brexit deal rejected again,brexit,0,NA,published 29 mar 2019 cet,29 mar 2019,2019-03-29
675,cancel brexit petition heads towards six million signatures,brexit,8,wth does tr p have to do with this you must be desperate mrs may your continued insults aimed at remainers really helps your cause lies and deceit right and hillary clinton lost because donald trump colluded with russia democracy means there are losers that s what remainers are accept it or just admit you are anti democratic the true undermining of democracy was the lies deceit and sheer bs that was used to get peple to vote leave in the referendum and most of that from right wing politicians now only the despots and desperate brexiters repeat the will o the people mantra without any hint of reality on how this will adversely affect millions of people now and in the future not to mention the uk economy cut off in midstream we must get to 8 5 million half the leave vote get to 10 million next then get past 17 million it is possible contact all your friends and encourage them to vote don t let the cheats have their way the vote in 2016 was tainted by false information and in was margina so i happily sign the petition but somequestions email checks can a husband and wife count as two on the same email address can people without email sign the petition if so how who thinks boggy is the screen name for one mrs may if their servers were able to handle the traffic there would likely be more than double triple what we have now how many voted leave oh that s right 17 410 742 yawn let s not be europeans let s respect a democratic vote brexit asap,published 27 mar 2019 cet,27 mar 2019,2019-03-27
676,we re ready border checks to return as eu completes no deal preparations,brexit,0,NA,published 25 mar 2019 cet,25 mar 2019,2019-03-25
677,three weeks to find a miracle europe reacts to yet more brexit chaos,europe,1,brexit next month british democracy works even if the eu s doesn t,published 22 mar 2019 cet,22 mar 2019,2019-03-22
678,uk moves towards brexit delay as mps vote to rule out a no deal exit,brexit,0,NA,published 13 mar 2019 cet,13 mar 2019,2019-03-13
679,brexit vote it s now time to take the rights of britons off the negotiating table,brexit,1,theresa may must have been a paid sock puppet of the nihilst fake libertarian billianaires russian mafia and other gleeful destroyers from day one no one could have been as staggeringly incompetent as she and her fellow professional thief tory accomplices have been that feigned incompetence can only be explained as her and her overlords deliberate effort to wreck britain so that they can pick up the pieces for a song,published 13 mar 2019 cet,13 mar 2019,2019-03-13
680,no deal brexit which eu member state is being the most generous to britons,citizens rights,0,NA,published 8 mar 2019 cet,8 mar 2019,2019-03-08
681,securing rights of britons in europe is legally possible they just need to try,rights,0,NA,published 8 mar 2019 cet,8 mar 2019,2019-03-08
682,no deal brexit country by country guide to how the rights of britons will be affected,brexit,0,NA,published 14 feb 2019 cet,14 feb 2019,2019-02-14
683,how brexit and the fight for rights united britons from across europe,brexit,0,NA,published 11 jan 2019 cet,11 jan 2019,2019-01-11
684,how a group of brits took up a struggle for millions of their co citizens part one,brexit,0,NA,published 20 dec 2018 cet,20 dec 2018,2018-12-20
685,uk can cancel brexit before march 29th without eu s consent ecj rules,brexit,0,NA,published 10 dec 2018 cet,10 dec 2018,2018-12-10
686,pensions and healthcare uk offers assurances to brits in eu over no deal brexit,brexit,1,no deal is the default position and the only one with royal assent what is bad is that theresa may has not made proper provision for it and wasted over 30 months chasing pie in the sky deals of her own design to suit brussels and against the wishes of the uk voters if she fails to convince parliament of her unrealistic wishes the uk will leave the eu in march 2019 poorly prepared,published 6 dec 2018 cet,6 dec 2018,2018-12-06
