"","news_title","news_section","news_comments_num","comments","date"
"1","Driving in Europe: New EU law to require medical tests and end 'licences for life'","Driving",2,"I am glad to know that drunk drivers and the like will now have that fact reported to all of the EU when caught.

I don't mind the medical checks as long as they are reasonable.  You should not drive if you are prone to seizures or any condition where you suddenly can lose consciousness while behind the wheel.

Same if you have Alzheimer's / dementia and you no longer know how to drive. / The EU is just a regulatory monster.","Published: 25 Oct, 2025 CET."
"2","Europe's shift to the right creates an 'unwelcoming environment' for all foreigners","Immigration",1,"Oh well, this is what we're given to work with.","Published: 25 Oct, 2025 CET."
"3","Why Europe's changing of the clocks 'no longer makes sense'","European Union",6,"My understanding is that many digital systems automatically switch between summer and winter time, and updating them will be expensive. This is why it is not easy to remove the clock change. However, can't we do it effectively by changing which clock we go to work/school without changing these digital systems? / I'd go a step further and suggest looking at Double Summer Time. DST was implemented in the UK during World War II to maximize daylight and conserve fuel, effectively putting the country two hours ahead of Greenwich Mean Time. I think that would be a real winner right across the EU. / It only makes sense to have one time zone for all of Europe - which is of course a political rather than geographical decision. Yes, Europe is spread wider than Ione time zone based on the meridian, but everyone will get used to it. Personally I think the UK and Ireland should join them / So now it just needs the Spanish government to revert to the correct time zone for Spain's geographical position. The = meridian runs through Castellon, so most of the country is well west of that, and yet Spain stays in the same time zone as Germany and Eastern Europe. Franco changed to UTC+1 as a favour to Adolf Hitler in 1940, but surely it's now time to join Portugal and the UK by returning to UTC+0? / Just do it finally / How about some action? Of course this ridiculous changing of the clocks should stop. There even seem to be a lot of agreement about this issue. 

Here is a radical thought: Don’t change your own clock. Obviously you have to adapt - but it’s just a different number, so who cares? 

There are more pressing issues in this world. 🌍","Published: 23 Oct, 2025 CET."
"4","'This will save lives': EU adopts new rules on Europe-wide driving bans","Driving",1,"I am happy to know that drunk drivers who are caught will now have sanctions enforced EU-wide.  I am actually surprised this type of law did not already exist.","Published: 21 Oct, 2025 CET."
"5","US government almost doubles price of ESTA visa waiver","Travel News",2,"""As a US citizen, you do not need an ESTA, but if you hold dual nationality, you must remember to enter the country with your US passport.""

If you are a US Citizen, then you absolutely MUST enter with your US Passport!  It is considered a crime not to and you could get in big trouble if you show up in the US as a citizen using a different passport! / One should be careful to ensure that you have accessed the official web site, there are very similar sites that are easy to click on that charge for completing the ESTA.....which is not necessary, you just need to pay the govt fee. / THanks Paul. good advice. I'll add a line in the story.","Published: 21 Oct, 2025 CET."
"6","RANKED: Which countries in Europe are better at integrating immigrants?","Immigration",0,NA,"Published: 18 Oct, 2025 CET."
"7","Europe's Erasmus founder Sofia Corradi dies, aged 91","Education",1,"I was not aware of the origin of the Erasmus program and cannot  pass this opportunity to express my gratitude to Sofia Corradi. I had the opportunity to do it in 1994/95 , it opened my eyes and was the 1st step to a very rich life and a successful international career.","Published: 19 Oct, 2025 CET."
"8","How to make the most of a quick trip from Vienna to Bratislava","Vienna",0,NA,"Published: 9 Jun, 2023 CET."
"9","NEW: Europe launches long-awaited EES biometric border checks","Travel News",1,"Hi, I've read a lot about the EES checks but I can't find the information I need. I have a guest who is a Thai national and who possesses a Schengen Visa. Will she have to go through the biometric checks or does the possession of a Schengen Visa bypass them?
Thanks
Alan / Hi Alan, those with a short stay Schengen Visa have to undergo the EES checks. It's only those with long stay visas or residents permits in EU/ Schengen countries that are exempt.","Published: 12 Oct, 2025 CET."
"10","How can Europe protect its skies against 'escalating' drone menace?","Military",0,NA,"Published: 11 Oct, 2025 CET."
"11","The seaside destinations you can reach without a car or plane from Austria","Train travel",0,NA,"Published: 19 Jul, 2023 CET."
"12","What will new EES border checks mean for non-EU residents in Europe?","Travel News",4,"Mohammed - Your residence permit only allows you to stay ""off the clock"" in the country that issued it. So if you're a  non-EU national with a Spanish residence permit, you can only stay in say Germany, or France for 90/180 like any other third country national. You might ask ""how will they know?"" since you use your Spanish permit to cross the external Schengen border, but it's up to you to follow the rules. Your residence permit is a country residence permit, not a whole EU residence permit. / I don't understand why non EU citizens with a residency permit cannot use the same line as EU citizens.  Really does not make sense! / My main concern is being herded into an EES/e-gate-only queue with no way out. They don't like you changing lanes! And at busy times I can see airport staff not really listening to your explanation. Not going home until Xmas so hopefully Gare du Nord & St Pancras will have got themselves organised by then, & CDG by April. / Hi,
Does the 90 days stay in every 180 days rule apply for non-EU citizens. This is what I understood from the article. Is is this correct. In other words can a non EU-citizen who has a residence permit in the EU stay in another EU  country more than 90 days ?","Published: 27 Apr, 2024 CET."
"13","What you should know about the EU's change in banking security","Money",0,NA,"Published: 26 Sep, 2025 CET."
"14","Night trains from Paris to Berlin and Vienna to be axed","Travel News",0,NA,"Published: 29 Sep, 2025 CET."
"15","In Numbers: Who do Europe's 3.57 million residency permits go to?","Residency permits",0,NA,"Published: 24 Sep, 2025 CET."
"16","Where in Europe gives the most residency permits to Americans, Brits and Indians?","Residency permits",0,NA,"Published: 26 Sep, 2025 CET."
"17","Why are Europe's residents being advised to keep €100 in cash at home?","Money",2,"I lived through Hurricane Andrew and now live in a California earthquake zone. Two simple emergency preparedness tips: 
1. ALWAYS refill your gas tank as soon as it drops to halfway empty. 
2. ALWAYS keep a cache ($100-$200) in small bills ($1s, $5s, some $10s) in case all electronic cash machines and registers are offline.  Otherwise, if no one has change, a loaf of bread could cost you whatever your smallest bill is (e.g., $20).  
Be prepared & stay safe! / We were in Berlin in August, and were shocked at how much you DO need (paper) cash there.  

Loads of places will not take credit cards, even Biergartens in the tourist areas.
Cash only.","Published: 25 Sep, 2025 CET."
"18","Four Austrian national parks worth paying a visit","Discover Austria",0,NA,"Published: 8 Jan, 2024 CET."
"19","European airports getting back online after cyberattack","Travel News",0,NA,"Published: 21 Sep, 2025 CET."
"20","LATEST: Flights disrupted across Europe after 'cyber-related disruption'","Travel News",0,NA,"Published: 20 Sep, 2025 CET."
"21","Eurovision boycotts 'dumb', 2026 host Austria says","eurovision",0,NA,"Published: 20 Sep, 2025 CET."
"22","How drinking (a little) alcohol boosts your ability to speak a foreign language","Learning languages",2,"I so speak Italian better after a glass of wine according to my native friends. For some reason, I remember vocabulary better. / That only works if the 'small amount of alcohol' is a drink manufactured in the country whose language you are trying to learn!","Published: 20 Sep, 2025 CET."
"23","Migration to Europe is falling, so why are countries pushing on with crackdown?","Immigration",0,NA,"Published: 9 Sep, 2025 CET."
"24","Asylum applications to the EU, Switzerland and Norway fall by 23 percent","Immigration",1,"The system is being abused. 

Asylum seeker: A person must be physically in the country (or port of entry) and have a well-founded fear of persecution or a risk of torture, cruel and unusual treatment, or risk to life, based on reasons like race, religion, nationality, political opinion, or social group. They must have no safe internal alternative (at home) and no other reasonable protection.

A guess: 
Few of these EU / Swedish refugees should qualify. 
Most just want better economics.","Published: 8 Sep, 2025 CET."
"25","Dover and Eurotunnel reveal start dates for new EES passport checks","Travel News",2,"I think this misses Mark's point though.  With the old system there was a stamped date in your passport which made looking back at your stays simple.  With the new system 'there is no official record' you can access, despite the millions spent.  (Another) example of computerising something which actually makes the service worse for real people.... / I believe there is no passenger online portal for the ESS system so that they could check the number of days they have accumulated? This is a drawback of the new system. / An EES portal to count the 90 days, you mean? No, there isn't one. But EES doesn't change the 90-day rule itself, you're already required to keep track of your days to ensure you don't exceed the limit.
There are a number of online calculators to help - https://www.thelocal.fr/20220419/calculator-how-to-work-out-your-90-day-allowance-in-france","Published: 4 Sep, 2025 CET."
"26","Yes, you can travel from Austria across Europe by train... even for work","Reader insights",2,"Very interesting article. I find flying a necessary evil but will definitely consider the Interail option for my next continental trip. / Well great if you have the time, and are an only traveller or couple. I have travelled on overnight trains through Austria, Germany and Italy, but I prefer to drive, rather than fly.  I can plan my own stops, what hotels I stay and see more of Europe","Published: 21 Oct, 2024 CET."
"27","Europe to draw up new visa strategy to bring in skilled non-EU workers","Visas",3,"They could start by not throwing out the ones they have? / This new EU visa strategy is a smart and necessary step to address labor shortages and boost economic growth across Europe. By making it easier for skilled non-EU workers to live and work here, governments can tap into a global talent pool that drives innovation and competitiveness. More skilled workers mean stronger industries, better services, and increased prosperity for all. It’s crucial that governments actively support and expand such initiatives to secure a vibrant and sustainable future. / Fixing bluecard and making sure all countries are aligned? - Nah, we need a new system","Published: 2 Sep, 2025 CET."
"28","Mythbuster: Has the EU really banned gel manicures?","Health",0,NA,"Published: 2 Sep, 2025 CET."
"29","Why hikers with dogs face extra risks near cows in Austria","Animals",0,NA,"Published: 14 Jul, 2025 CET."
"30","'Unfair privilege': Flights in Europe up to 26 times cheaper than train routes","Climate crisis",6,"It must not be economically viable or companies like easyJet and Ryanair would have budget trains.So government is left with it ... and there would have to be huge tax increases to criss cross Europe with budget rail. Id say not even hitting flights with a high Train Tax would raise enough. Rail is heavy with cost. And rail is too slow for quick holidays. A flight tax would have to be high enough to make people not fly and not travel as much in the unsustainable holiday addiction world we have. Less tourists would hit tourist money hard and cripple an industry that many countries unfortunately now rely on. BIG PROBLEM / Great reference balance, no one to speak for the positives of the need for travel. If Greenpeace had their way, no one would own a car, be able to buy a plane ticket  or have access to international transportation that wasn´t policed by them. I´m sure they would also be very happy if on Sunday´s dancing was forbidden and we all had to sit on a spike flailing ourselves with a cat-o-nine tails. / Could it be that trains are too expensive? 
The environmentalist can choose not to fly and that is their choice. Stop telling everyone how to live. / Those ""low cost"" airlines are not a bargain.  If you travel with a very small bag, and don't care which seat you sit in, it costs little.  But everything else is extra.  If you have checked baggage, if you want to choose your seat, you pay a lot.  You also need to bring your own food.  We have paid hundreds of euros for airfares on these flights.  Also, they fly out of airports that are very far from the major cities that people want to visit.  Time and money to get to these distant airports. / I find the obvious bias in the presented statistics undermines the rest of the article.  There's no credibility when examples are so obviously tailored to the author's skew. Using a study done by Greenpeace to analyze air travel is like using the tobacco industry to analyze the effects of smoking. / They never are happy them lot....","Published: 22 Aug, 2025 CET."
"31","'Neglected or ignored': Brits in Europe urged to back campaign for overseas MPs","Brits in Europe",4,"Liberal Democrats Abroad AND Liberal Democrats Overseas - why are there two organisations for one party? Was there a split over doctrinal differences? / From all that I read, Americans living abroad are treated the similarly as the Brits.  Representation is basically non-existent and yet they still have to pay taxes on income unless there is a treaty that blunts this.  Countries should have someone in Government who at least can try to look out for the interests of their diaspora who remain Citizens. / Here in America, residents of Washington, DC, would also like to have voting representation in Congress, which they do not have. Americans abroad are at least represented, however poorly, through their old districts. DC residents have no say at all, only a non-voting delegate, like Puerto Rico or the Virgin Islands. / don't we have enough MP's who do nothing but draw salaries and claim expenses already without adding to it?","Published: 14 Aug, 2025 CET."
"32","Train passengers face major disruption between Munich and Salzburg","Travel News",0,NA,"Published: 12 Aug, 2025 CET."
"33","How will the EU's new EES passport checks affect the 90-day rule?","EES passport checks",7,"Will the ETA system allow one to check one's balance to avoid an inadvertent overstay, ensuring compliance? It would be simple for the EU to set up an app to allow this. / At this stage there are no plans for this - I think it's intended for border guards to check not for the individual, although I agree it would be a good idea. There are various online calculators that you can use to keep track of your days 
https://www.thelocal.fr/20220419/calculator-how-to-work-out-your-90-day-allowance-in-france / Hello,
I hold dual citizenship both US/Italy. When I travel to Italy and stay more than 90 days.  My passports show different names married vs maiden name.  
You said to use  EU passport to enter the EU to avoid EES. I use my US passport when leaving the US, and I use Global Entry when I return.  Is the lack of a record entering EU with the US passport be a problem?  
I apologize for asking many questions and appreciate your assistance in clarifying these matters.  

Sincerely, / Response to JT - in theory there are bilateral agreements between specific EU & non-EU countries that allow for longer stay. These are not respected in practice & the official advice already is not to attempt to use them. I doubt the EES will recognise them.
List - https://op.europa.eu/en/publication-detail/-/publication/c067e92d-5a8b-11e9-9151-01aa75ed71a1
Official advice  - https://ambwellington.esteri.it/en/servizi-consolari-e-visti/servizi-per-il-cittadino-straniero/bilateral-visa-agreement/ / ""Residents and visa holders instead pass through the manned passport booth, showing their passport and visa/residency permit.""
Not sure how this will work in practice. I've always been directed to use the ePassport gate, even when I show my residency card. Hopefully, this won't cause problems! / my question is when the EES first goes life and entry date recorded as start of the 90 days max stay in EU for every 180 days. The issue is if the person who previously been in the EU at the time before the new system in operation will he or she get the full 90 days stay or this count will reduce the days already used? / It would be very good to write an article on how it will affect citizens of countries with bilateral agreements that allow stays longer than 90 days. / Hi Jon, do you mean visa holders? I'm not aware of any bilateral agreement that allows non-EU/EEA/Schengen citizens to stay for more than 90 days in the EU without having a visa or residency permit (except in some very specific cases such as diplomats) / I am an E.U. citizen (Irish) and my wife is British, can my wife stay with me in France above the 180 days… is there a visa requirement? We have a home in France.","Published: 30 Jul, 2025 CET."
"34","EU confirms launch date for new border system to 'help identify overstayers'","Travel News",0,NA,"Published: 30 Jul, 2025 CET."
"35","'Cascade scheme': Who can benefit from longer term Schengen visas?","Travel News",1,"Curious, if it is only these 3 countries? And why?","Published: 29 Jul, 2025 CET."
"36","ETA: What to know about the £16 permit for travel to the UK","Travel News",12,"My wife and I have dual British/French nationality.   We will be travelling to the UK to join a cruise.  We intend to use our French passports for the cruise, as it will be easier to enter the countries we are visiting.     When booking the crossing to the UK from France, passport details are required.  Should we give our UK passports to avoid the Visa requirement?   I assume we will need to show both French and British passports in order to avid the ""90 day rule' on return? / Me and my wife  save a thousand pounds a month in child day care costs just by moving to Sweden from UK
so im not going to cry about paying 10 pounds for two years ,i have still got 990 pounds left over,IWe are laughing all the way to the bank / Required for transiting passengers? That's absolutely insane! Heathrow by itself is a major global hub and the number of people stopping there for a layover is massive! / Hello, I am a UK national with a UK passport living in Sweden. I also have Swedish residence/ Uppehållstillstånd. When returning from a UK visit to Sweden, will I need the new ETIAS visa waiver ? / Hello, so ETIAS is separate to ETA, it's the EU's own system for visa waivers. We don't know when ETIAS is being introduced yet, probably later this year, but when it is it will not be required for non-EU citizens who have residence in an EU country. Instead, you would show your UK passport plus Swedish residency permit.
Full details here - https://www.thelocal.com/20211110/passport-scans-and-e7-fee-what-will-change-for-eu-travel-in-2022 / I'm a dual national and travel on my french passport. I have an expired UK passport, as do my children. Would that be sufficient proof we are British? My french husband is a dual national with a certificate to say he's British, no passport. / No, expired passports are not accepted. / If I’m going to the UK on January 3 but returning after the date eta takes effect in January 6, do I need to apply for this on a US passport? / Hello. I'm wondering if one has a UK passport in which its written ""this person has a French passport"" including its number  whether one is penalised too for having dual nationality ?? / Desperate means call for desperate measures. They were fools to vote in Brexit. Now they need more money. / The ETIAS is a visa waiver, not a visa. / When you say: “Otherwise everyone needs one - including children or babies, EU nationals who have a British spouse and airline passengers who are simply transiting through the UK.”, Does this mean that if I am ONLY making a stopover at the airport to my final destination, not leaving the airport, I still have to apply for a visa? It doesn't make any sense... it makes sense for anyone who wants to enter the country. If we don't leave the airport it shouldn't be necessary! / We agree that it seems crazy, and UK airports are furious about it too, but that's the rule
https://www.independent.co.uk/travel/news-and-advice/heathrow-airport-eta-flight-transfer-travel-permissions-b2611426.html / Re your last comment, that EU nationals require an ETA when travelling with their spouse. Does that mean the EU national can only stay in the UK for up to 180 days in the UK with their spouse? …..that doesn’t make sense. / So, does this mean that dual nationals will have to book one-way flights rather than a return so that the correct passport can be supplied to the airline for API? / Not necessarily - at present some dual nationals already travel using 2 passports (ie the EU one to enter the EU and the UK one to enter the UK, which is perfectly legal) and can book return flights. You can supply API per flight, although different airlines have slightly different processes. More info here https://www.thelocal.fr/20220901/passports-what-are-the-rules-for-dual-nationals-travelling-in-europe","Published: 12 Sep, 2024 CET."
"37","'A dark day': What we know so far about the EU-US trade deal","European Union",2,"Never believe anything Trump says or does. My belief:  He’s an habitual liar and constantly negates ‘deals’. Just ask contractors in Atlantic City and New York. / The deal with Japan is falling apart. You cannot believe anything that Donald Trump or the administration says.","Published: 28 Jul, 2025 CET."
"38","In Numbers: How the populations of European countries have changed","statistics",3,"Pedro, 

You toss around the word racist like its confetti. 

If the annual migration figure were a one-time event - I'm sure nobody would mind. 
But concerns arise because migration is cumulative. And the impact on the local cultures is now significant. 

Note: 
I have Mexican and Venezuelian friends who are rip-roaring angry because so many Americans have moved to their country, creating inflation while altering the local culture. See the news on this.  Are they all racists in your view? / This is all about the EU, but the article is illustrated with a photo showing a British RNLi boat loaded with asylum seekers. / I'm very disappointed in your choice to illustrate this article with a photo of a refugee boat. By the numbers cited *in this very article* net migration makes up less than 0.5% of Europe's population, and an even smaller fraction of *that* is due to refugees. Are you trying to turn expats into xenophobic racists too?","Published: 27 Jul, 2025 CET."
"39","'Disproportionate': European tourism chiefs blast ETIAS fee hike","Travel News",0,NA,"Published: 24 Jul, 2025 CET."
"40","EU reveals (latest) start date for EES biometric passport checks","EES passport checks",1,"What about those people not travelling on a passport!!! Makes a mockery of the process.","Published: 22 Jul, 2025 CET."
"41","ETIAS: Fee for European travel authorisation set to increase to €20","Travel News",3,"Zurich airport are already adding fingerprints and photos? Is this the start of EES?We were told that next time we visit that entry should be  quicker. / Probably, yes. Entry ports have mostly set up their EES systems now and are doing live tests, you may see the same at the Channel ports / I think that you (Harriet) and your sister would need either a French passport or ID card in order to be exempt  from this. / I am now a French citizen, my parents have permanent French residency. 
From what I understand from the above is that my sister, who is in the UK, will the be exempt? Is that right?","Published: 18 Jul, 2025 CET."
"42","EU still seeking trade deal after new Trump tariff threat","Business",0,NA,"Published: 14 Jul, 2025 CET."
"43","EU unveils 'stockpiling strategy' to prepare for war","European Union",1,"I think we humans should live like there can be a catastrophe anytime in the future, so we could always prepare for it.
Like we sleep in a house or a flat, because we are safe there, because the streets at night are not safe.
That's why we care about our homes and spend a lot of money during our lives to maintain it.
In this example, the house is the EU and we can't let erode our home, just because we became ""lazy"".

Some poeple talking about emigrating if war occurs, but the last stop is the USA and losing Europe is not a good idea in the long term.","Published: 9 Jul, 2025 CET."
"44","Climate change made recent European heatwave 'up to 4C hotter'","Heatwave",0,NA,"Published: 9 Jul, 2025 CET."
"45","EES update: Phased launch of Europe's new border system approved by MEPs","EES passport checks",2,"Very similar question... What should we do each time we arrive in France when my wife and I have VS-T visas that permit 6 months stay within a 12 month specified period? Also, will the biometrics we submit for our VS-T visas substitute for the ones that 90-day no-visa visitors will have to get before arrival in France, or will we have to get that visa waiver as well and do the biometrics twice? / Hi, because this introduction has been going on for a loooong time, we've written a lot about this! You can find more detailed breakdowns here - https://www.thelocal.se/tag/ees-passport-checks
and the situation for second home owners here - https://www.thelocal.fr/20221102/what-second-home-owners-in-france-need-to-know-about-2023-passport-control-changes / Which line will I use with a VLS-TS visa or a carte de sejour in a US passport?","Published: 8 Jul, 2025 CET."
"46","Hundreds of flights cancelled across Europe as travel chaos continues","Travel News",0,NA,"Published: 4 Jul, 2025 CET."
"47","Flights disrupted across Europe as French air traffic controllers strike","Travel News",1,"this is unfortunately normal for the French traffic controlers. Every summer, ""let's destroy people's dreams of a summer holiday"". 12 years in France convinced me this is their strategy","Published: 3 Jul, 2025 CET."
"48","Naturalisation becomes 'fragile' as European countries make moves to strip citizenship","citizenship",4,"I don't see a problem revoking citizenship from criminals and terrorists. In the end, countries don't have to bear with citizens who work against its people. When you get naturalized, you swear to be a good citizen and loyal to the country offered you the citizenship. Doing any of the crimes listed means they broke the oath. / While it seems logical to be open to removing citizenship from people who commit violent crimes, treason, etc. it is also a slippery slope. Similar to a death penalty, what if someone is wrongfully accused? What if a government takes advantage of this policy and removes people subjectively? It’s happened before, and probably happens now. We need to really think this through. / If one’s acquired citizenship can be revoked while the native-born remain untouched, then equality is not conferred but counterfeited. This is not fraternity, but a façade offering not true belonging, but a conditional cohabitation. The aims are clear: To sift the pure wheat from the foreign chaff and enshrine a polity immutably closed to those deemed forever outside its core. / Personally, I don’t have a problem with reversing citizenship by naturalization if that person came over then started to live a violent life or be part of a criminal gang / organized crime.  It is difficult enough dealing with our own citizens who do that!  No country should have to also endure that from foreign violent criminals as well.","Published: 28 Jun, 2025 CET."
"49","EU lawmakers vote to ban airlines from charging fees for hand luggage","European Union",0,NA,"Published: 24 Jun, 2025 CET."
"50","Inside Austria: Where the locals holiday and Vienna's summer cinemas return","Inside Austria",0,NA,"Published: 21 Jun, 2025 CET."
"51","REVEALED: Where in Europe has the cleanest and dirtiest swimming spots","Environment",0,NA,"Published: 21 Jun, 2025 CET."
"52","How Europe's changing citizenship rules impact foreign residents","citizenship",0,NA,"Published: 17 Jun, 2025 CET."
"53","Mutilation ban and microchips: The new EU laws around cat and dog welfare","Animals",0,NA,"Published: 19 Jun, 2025 CET."
"54","Which European countries currently have Schengen border checks in place?","Travel News",0,NA,"Published: 14 Jun, 2025 CET."
"55","Schengen hits 40: What problems lie ahead for Europe's border-free zone?","European Union",2,"Why is the headline “what problems lie ahead” ? Is this the only way to get our attention? Why not celebrate 40 years with a report on the successes of the Schengen region - which the article actually does in its text. News seems more and more addicted to slogans like “problems”and sharing who is “worried” - Is this journalism? / This will become a barrier to travel.
Even permanent residents in Europe are fearful to leave for fear of not being allowed back in.","Published: 13 Jun, 2025 CET."
"56","Former student kills ten in Graz school shooting","Crime",0,NA,"Published: 10 Jun, 2025 CET."
"57","Passenger compensation for flight delays set to decrease in Europe","European Union",1,"The author should explain how the parliament was bypassed. I think this is factually wrong. The Parliament still had to adopt is own position. The council’s position is NOT legally binding. Expected better from thelocal.","Published: 6 Jun, 2025 CET."
"58","How countries in Europe are pushing for curbs on children's social media use","Politics",0,NA,"Published: 6 Jun, 2025 CET."
"59","Which European countries now offer a 'digital nomad' visa?","Visas",0,NA,"Published: 10 Apr, 2024 CET."
"60","'Disaster for customers': EU's plan to cut flight compensation provokes anger","Travel News",0,NA,"Published: 28 May, 2025 CET."
"61","Italy confirms high-speed rail links with Germany and Austria 'by 2026'","Travel News",2,"The prospect of reducing the travel time from Bolzano / Bozen to Innsbruck to under an hour sounds very exciting!  It opens the possibility of commuting to Innsbruck for work while living in Bolzano / Bozen.  For me, as both an Italian AND Austrian citizen, that would be a HUGE win! / The first international Frecciarossa was Milan to Paris. It started a few years ago then temporarily suspended due to a tunnel collapse but I think it’s resumed now. 

Frecciarossa trains also operate in Spain under the iryo brand, a joint venture between Trenitalia and Air Nostrum","Published: 22 May, 2025 CET."
"62","Cross-border driving fines set for return after EU-UK 'reset'","Travel News",0,NA,"Published: 21 May, 2025 CET."
"63","From e-gates to Erasmus: What was agreed in new post Brexit EU-UK deal?","European Union",1,"Are there any plans for an article for those who moved to Italy before Brexit and now have the special 'carta de soggiorno' that is specifically for UK citizens who are still protected by their EU rights? The card I got was valid for 5 years and it would be good to know the procedures to renew it and whether I need to do anything else (show proof of income, proof I've spent the vast majority of the 5 years in Italy, etc)","Published: 19 May, 2025 CET."
"64","EU and UK reach deal to reset fraught post-Brexit relations","European Union",0,NA,"Published: 19 May, 2025 CET."
"65","Austria's JJ wins Eurovision 2025 with opera-techno fusion","Culture",0,NA,"Published: 18 May, 2025 CET."
"66","After Brexit: What's at stake in the landmark UK-EU summit?","European Union",0,NA,"Published: 16 May, 2025 CET."
"67","What Eurovision's voting patterns can teach you about European politics","Across Europe",0,NA,"Published: 15 May, 2025 CET."
"68","'Choose Europe': New €500m push launched to lure disgruntled US scientists","European Union",3,"Why would we want disgruntled and failed scientist. Lets try to attract The best and the brightest  that bring value and not old baggage   
Keep up standards and not lower them. / More Americans would choose Europe if they did not have to retake driving tests to get a driver's license. I wish the EU would standardize their policies so that all member nations allowed US driver's licenses to be exchanged for theirs. / Sure, uproot your life and come to the EU as a third party national, then get rug pulled and deported a few years later the moment some weak center-right majority decides they need to kick immigrants harder to gather a few more racists' votes.","Published: 5 May, 2025 CET."
"69","How the EU wants to simplify paperwork for car owners moving abroad","Driving",0,NA,"Published: 2 May, 2025 CET."
"70","EU court rules 'golden passport' schemes for rich investors are illegal","European Union",1,"I am fully in favor of this ruling!  EU Citizenship must not be for sale!!!

But now I wonder, are the rich people who already did this ""grandfathered"" in or will that purchased citizenship now be revoked?

If it gets revoked, will they get a refund, even if it is just a partial refund?  I'm sure there will be lawsuits about that.","Published: 29 Apr, 2025 CET."
"71","'Integrate immigrants': How Europe can deal with its population challenge","Immigration",1,"EU countries experiencing population decline should make it easier for their diaspora to claim citizenship by descent and then offer them integration courses including language instruction.  This would attract those people with blood ties back and some will bring families and good work experience with, which can help revitalize the economy, especially if some of them return to open businesses.  Don't be like the brain-dead Italian Government doing the exact opposite!","Published: 27 Apr, 2025 CET."
"72","Petition launched for political representation for Brits in Europe","Brits in Europe",1,"I wish Austria would do the same.  I have a lot of challenges as an Austrian abroad trying to move to Austria but no one politically I can really reach out to in order to inform them.","Published: 25 Apr, 2025 CET."
"73","Fears EU plans to 'water down' air passengers' rights in review","European Union",0,NA,"Published: 24 Apr, 2025 CET."
"74","Travellers from Europe banned from taking meat and dairy products into UK","Environment",0,NA,"Published: 15 Apr, 2025 CET."
"75","Americans in Europe: Bill that could restrict voting from abroad passes House","Politics",8,"How can i share this article? / Hi! Thanks for the message. 

If you're reading on app, you should have a share icon in the top right corner of your screen (three dots connected by a line). If you're on desktop, you'll find social share buttons for Facebook, Twitter and LinkedIn right below the headline, next to the name of the author. / I have lived outside of the US for 42 years. The current law states that you must vote from the state where you last resided. For me that’s Texas. In all those years away, I have never once returned there as my family resides in New Jersey and California. I am now elderly and have an 88 year old husband who I will not leave alone, so traveling back to the States is something I can’t do in the near future. Even when I often traveled back, I mailed my absentee ballot from New Jersey. 

Thankfully the law will never get the 60 votes it will need to pass, but the mere thought of denying out servicemen who could lose their right to vote is beyond disgusting. And I can’t even voice my protest to my Texas senators since they are about as Trumpie as you can get. I’m so ashamed to be an American. / They don't want to recognize me at voting time, but they absolutely do want to recognize me at tax time. There may be some Constitutional challenges ahead. / I am not a US citizen, but I also have to show a valid ID when I go to vote (which I only can do in person), preregistration is not required in my case. I never had to travel back to my home country to vote. If I want to vote in another country/city/district than the one I am assigned to, I have to complete a form online. I usually vote at the embassy. So don't forget, the U.S. also has an embassy in almost all countries. / Taxation without representation is tyranny.  A revolution was fought over this principle. / If this bill actually became law and US citizens abroad find it much harder to vote, I can see this spurring more expats to renounce US citizenship assuming they have another citizenship. / For the US, Taxation without representation is a thing. Just ask DC voters for congressional elections.  

HR 22 is about proof of citizenship at registration.  Presumably, one can still vote an absentee ballot.  It also doesn't say you have to be physically present to register.  Perhaps on can send an image of their passport to register or just provide a passport number?  

Ref: https://www.congress.gov/bill/119th-congress/house-bill/22 / Taxation without representation is tyranny.  A revolution was fought over this.  But in Texas, memories are failing, apparently.","Published: 4 Mar, 2025 CET."
"76","'Disgraceful': British dual nationals express fury over UK's changing ETA advice","Travel News",5,"I am a Brit who has lived in Sweden for over 20 years. I have a Swedish passport. My UK passport lapsed many years ago. I have no need for a UK passport (very expensive), and about 6 years ago when I went to England, I could happily use my Swedish passport.
So yes, it's absolutely possible for a dual national citizen to NOT have a UK passport. I'm considering how to relinquish my British nationality to avoid this crazy bureaucracy! / It seems strange that anyone originally from the UK would let their UK passports expire, especially as a dual national abroad the UK consulate should be the first line of support in a crisis. If I remember correctly one’s level of consular support from Sweden as a dual is more limited. / But why would anyone NOT ensure that they had a valid British passport if they are entitled to one? Why NOT renew an expired passport? 
It's basic common sense. The cost is - relatively speaking - not that high over the ten-year validity period, 
Why would you NOT ensure your children have a valid UK passport if they are entitled to one, evenfor a shorter validity period? 
It's not as though we been unaware of the complexities thrown up by Brexit for years now. / Last para is not correct. If the British parent was born outside the UK then children born outside the UK do not automatically get UK citizenship.
I wrote to my MP but he seems totally uninterested. Would be great to have an MP dedicated to overseas voters. / Par for the course for the Home Office, which has been dysfunctional for as long as I can remember. Needs a total reboot.","Published: 10 Apr, 2025 CET."
"77","European stock markets soar after Trump pauses trade tariffs","Economy",0,NA,"Published: 10 Apr, 2025 CET."
"78","Poultry... motorbikes: EU announces first tariffs hitting back at US","Economy",0,NA,"Published: 9 Apr, 2025 CET."
"79","European stock markets slump as Trump's tariffs kick in","Economy",0,NA,"Published: 9 Apr, 2025 CET."
"80","'Absolute shambles': Confusion deepens over ETA visa waiver for UK dual nationals","Travel News",5,"Alternatively, get into a rubber dinghy on the north French coast. Sail across the channel into England (Illegally) and claim that you're a victim of persecution, in some third world country. You'll then be transported, housed fed and treated for any medical ailments free of charge at the tax payers expense. It's far simpler and cost effective. / The other unknown is will the airlines be able to handle the situation at check in/boarding?

We've all heard stories of people being denied boarding flights due to misunderstandings of what is needed for travel.

Obviously the fix is to have a UK passport but that isn't always straightforward or fast.

I can see chaos ahead. / Headline: UK Administration in ""Haven't thought it through"" horror! In other news, ""Pope is Catholic / Bear poops in woods etc""....

I'm sure they'll have reprogrammed the automatic passport gates at Heathrow in time. Better allow an extra hour for getting out of the airport ... / So, we're none the wiser. I guess they never thought about this when designing the system. No doubt it will be fixed but that's no consolation when it could put people who have an expired British passport in a difficult position. All well and good saying get a passport but that takes weeks!! / I could not find any official advice about this on GOV.UK website - it could be there, but I could not find it. Another website (non-governmental) said if you have both passports (like myself), use Swedish passport for exiting and entering Sweden and UK passport for entering and exiting (if required) the UK. It stated that there is no requirement to show both or inform officials of both, so this is what I did.

This last point seems reasonable, because I was not checked on leaving UK and on the Gov.UK website it DOES say that when British citizens apply for citizenship of another country, they do not have to tell UK authorities about it. Strangely, authorities in both countries don't talk share this information with each other.","Published: 1 Apr, 2025 CET."
"81","Europe has just had its hottest ever March, scientists confirm","Climate crisis",0,NA,"Published: 8 Apr, 2025 CET."
"82","Europe's great rivers hit by 'alarming' microplastic pollution","Environment",0,NA,"Published: 7 Apr, 2025 CET."
"83","UPDATE: Is UK government set to enforce travel change for British dual nationals?","Travel News",7,"Hei, i have duel citizenship Norway and UK but have chosen to apply for a ETA and received one. If you have duel citizenship but don’t have a UK passport why would you try to enter the UK without a valid passport ?
I do have a valid UK passport. / I have valid passports for the UK and another Schengen country. I got an ETA with my non-UK passport via the mobile app without difficulty, assuming that this makes the compliance with airlines easier for travelling in and out of the UK in my case.
Why the new ETA (and eventually the EU equivalent) are okay, or even necessary, and then in the future not, is beyond my comprehension! / If people don't want to spend £ 100's for a UK passport why not just get the ETA for £10 then. Then you have the option to travel to the UK if you want. / So for those dual nationals flying between say, France and UK, they have to show their UK passport in UK and their French passport in France. When they book their flight tickets they have to put passport details in, so which passport should be used for the airlines database? / I don't understand what the fuss is about. If you're a dual national entitled to a British passport, why not just get a British passport? / Dual nationals have to pay out hundreds of pounds for a passport or certificate, on the off chance they may need to go back and visit a sick relative, when an ETA costs £10. All because the UK government won't add a check box to the application for a UK citizen wanting to travel on another passport. It's all about the money. / Was this ‘fact sheet’ issued on April 1st, by any chance?  Lots of people will have (even) less incentive to travel ‘home’ and spend money in the UK.","Published: 3 Apr, 2025 CET."
"84","German Word of the Day: die Zölle","German Word of the Day",0,NA,"Published: 3 Apr, 2025 CET."
"85","'Chaos is being created': Europe hits out at Trump's tariffs","Economy",2,"Yes you seem like someone who gets a lot of their information from American tech companies / More tough words from the EU elite ruling class. Unfortunately, they don’t have much leverage.  Europe was forewarned that these tariffs were going to be effective on 4/2.  Where was the urgency to negotiate then?  Maybe they naively thought that Trump was bluffing? In fact, Trump has been talking about this for 40 years. This is an easy negotiation. Europe drops its onerous tariffs on the importation of American goods and the US reciprocates.  The EU commits to ending the attack of American tech companies, ending its censorship regime in the name of “disinformation and information”. Tariff war over.","Published: 3 Apr, 2025 CET."
"86","ETA application dilemma leaves some British dual-nationals in limbo","Travel News",5,"I beg to differ with Michael Leuty. When I renewed my British passport, scans of all the pages of my French passport were accepted. / I had no problems. I applied for an ETA a couple of months ago, clicked UK as other citizenship, received the ETA and have been to the UK twice since then. / When you renew a UK passport you are required to declare any other nationality that you hold, and to submit the passport for that nationality along with your old UK passport.

When I did this my French passport was returned promptly with the cancelled old UK passport, but I was unable to use the French passport while my UK passport was being renewed. / I'm not sure why you need to declare that you have dual citizenship in the first place. If you have a Swedish passport (and not a British one), and you travel using that Swedish passport, and you are domicile here in Sweden, then in the event of an incident, it is the Swedish Consulate that will be notified. Frankly none of their business that I happened to have been born in England... I have no tax liabilities, nor family there. / I'm in exactly that position with dual citizenship including British, but with an expired British passport and therefore travelling on an ETA with my German passport. Applying for the ETA via the app today, the list of additional or previous citizenships does not include GBR - which applies to people born in the UK like myself. No time to get a new passport before I travel - so I have simply skipped that question. I'll take a screenshot of that list along with my expired British passport and my birth certificate just in case!","Published: 14 Mar, 2025 CET."
"87","Partial solar eclipse to cross swathe of Europe on Saturday","offbeat",0,NA,"Published: 29 Mar, 2025 CET."
"88","When will Europe roll out its ETIAS visa waiver for non-EU travellers?","Travel News",1,"I was told by a United Airlines rep that when ETIAS goes into effect, US Passport holding passengers will not be allowed to board unless they have a valid ETIAS registration. As a dual US-Italian citizen, it seems like I will still have to register in ETIAS to get on a flight, even though I will not need it to enter the Schengen area wit my Italian passport. I hope the United rep was wrong. Trouble is, I cat find a definitive answer elsewhere","Published: 28 Mar, 2025 CET."
"89","'The time has come': Will Europe finally put an end to changing of the clocks?","European Union",2,"Change the clocks by half an hour and leave it alone / This article doesn’t bring any evidence that these hours changing are bad for health and doesn’t mention any argument in favour of this changing process,to balance the point.As for me,I like it because I prefer light to darkness and diversity to monotony.","Published: 28 Mar, 2025 CET."
"90","Record €243 million up for grabs in EuroMillions jackpot on Friday","Money",0,NA,"Published: 27 Mar, 2025 CET."
"91","What Trump's voting executive order means for Americans in Europe","Voting",6,"If it were not so ugly, this would be funny, coming from the guy who told the Georgia Secretary of State, ""I just need you to find me 11,780 votes."" / If the orange joker would also remove the obligation to submit a tax return and an FBAR and the all the reporting requirements imposed on financial institutions that make it nearly impossible to invest and save for retirement, I’d be willing to surrender my voter registration card without a fight. The only thing preventing me from renouncing is the possibility that I may need to provide care for my mother at some point. / ""...show proof of their US citizenship, via a passport or birth certificate, in person to a US election official.

... this legislation would require a trip to the US in order to register or make changes."" 
---------------------------------------------
a trip to the U.S. to register to vote? Well, what about an American embassy in the country of residence? / The US military overseas have seen how other countries function and how life is abroad. That makes them cosmopolitan  and therefore dangerous. Better not to have them vote then. “Ours is not to question why, ours is just to do and die”.
I wonder if they can quit and apply to join a European Army, should it become reality or the local army in Germany, the Baltics or Greenland? That is not desertion. / Americans abroad are just ‘collateral damage’ here. The true aim is to disenfranchise as many people as possible to further the aims of the oligarchs. / Congratulations now Americans can trust in the result of election almost like Sweden isn’t it?","Published: 27 Mar, 2025 CET."
"92","EU tells citizens to stockpile three days of supplies in case of attack or disaster","European Union",4,"Well there are possible threats from the Near East and Far East, China, Korea, and Russia will alway be a threat, no matter how dwindling you think it is.
USA is a possible threat with Trump in charge, there will always be numerous threats from somewhere. / I suppose if we're being told to keep cash, then the various European governments (especially in Nordic countries where the previous push against cash was very strong) might want to pass laws forcing shops to accept cash. I see a large number of shops in Stockholm with signs that cash is not accepted. / I’d like to comment firstly on the previous post namely: “Aside from Russia - which is actually a dwindling threat - “ This is news to me given the ongoing Russian invasion of another sovereign country ie Ukraine. Russia and its dictator, Putin, are a threat to world peace not just Europe. 
Secondly, a suggestion of having a preparedness kit is entirely acceptable if a little underwhelming ! / Question: Aside from Russia - which is actually a dwindling threat - where else are we expecting any form of threat to our current way of living? I kind-of get the impression that they are not telling the whole truth. There has to be something else behind this that they are not talking about. Either that or it's a distraction tactic (fear etc) to enable some other basic human rights/privacy laws to be re-written with the least amount of friction.","Published: 27 Mar, 2025 CET."
"93","'Crucial for safety': New rule will enforce driving licence bans across EU","Driving",0,NA,"Published: 26 Mar, 2025 CET."
"94","Will Europe's high-speed ‘Metro-style’ rail network really happen?","Travel News",2,"There is an independent EU rail expert called Jon Worth who would be brilliant to talk to about this subject. It could be cool to get him on the podcast to discuss the issues with Sweden’s international rail connectivity. 

https://jonworth.eu/ / Will never happen, all money will go to rearming EU","Published: 26 Mar, 2025 CET."
"95","Can I get my money back if I've paid for an ETA through an unofficial website?","Travel News",0,NA,"Published: 24 Mar, 2025 CET."
"96","'Shattered taboos': How Europe has shifted as it gears up for the Trump era","Politics",0,NA,"Published: 20 Mar, 2025 CET."
"97","How to avoid being scammed when getting ETA visa waiver for the UK","Travel News",1,"Hello,, 
We just filed for an ETA through UK ETA which cost 79 pounds.  We were issued an ETA number.  Have we been scammed?  Is this a valid site?  And if not why is our recourse?  The logo is the crown but without the colors.

Thank you for any information.

Gilda Camuto / Hi Gilda, Unfortunately it sounds like you might have been. The ETA costs £10 for one person. This is the official government site https://www.gov.uk/guidance/apply-for-an-electronic-travel-authorisation-eta
Any other sites (apart from the UK government app) are unauthorised. You may have to contact your bank to try and recover the money","Published: 5 Mar, 2025 CET."
"98","Spurred by Trump turnabout, European nations debate conscription","War in Ukraine",3,"There's no need for reinstating compulsory military service.  What we should do is increase even more taxes on CO2 weakening our economy, shut down more nuclear plants, close all mines, continue to deindustrialize and increase our dependency on China even more. And if that won't work, just blame it on the USA for forcing us to depend on China instead of taking responsibility for our own decisions. / As a heart-sick American who is also a naturalized German, this should be a no-brainer.  The USA is on a path to abandoning/destroying the Western Alliance. / It is self-evident that Sweden and the rest of the Nordics needs to re-arm and re-start conscription fast and extensively. Failure to do so risks the independence and existence of the region in a narrow time frame.

There’s no point softening the message when the threat is immediate. It’s the politicians who lack the courage to call it like it is.","Published: 16 Mar, 2025 CET."
"99","Measles cases in Europe double to reach 25-year high","Health",0,NA,"Published: 13 Mar, 2025 CET."
"100","EU vows to hit back against US tariffs","European Union",2,"The EU’s actions—like 10% car tariffs vs. our 2.5%—aren’t noble; they’re just getting matched by Trump. Fair trade, not ruin. Italy sends €60B to the U.S., the U.S. sends €20B back—you’d torch your own Fiat and fashion before denting him. America’s not “reduced”; it’s rebounding—jobs up, China checked. Regret’s your take; I see strength. EU’s move screws itself. / Ass an American living in Italy, I completely agree with the EU actions.  I regret that my once great country has been reduced to this situation.","Published: 12 Mar, 2025 CET."
"101","EU paves way for states to set up controversial return hubs for migrants","Immigration",0,NA,"Published: 11 Mar, 2025 CET."
"102","EU mulls tightening flight delay compensation rules for passengers","Politics",4,"As a French Australian i travel a very long distance each year for family visits. Any delay of more than three hours means missing a connection somewhere in Asia or the Middle East.  At least the compensation pays for the comfort of a lounge and a shower. Five hours means waiting in an airport for four hours and fifty nine minutes before you can access these basic comforts. And there will be an average of 200-400 other people looking for the same seats and lounges. / 1. is there any data that shows that these fines actually lead to less delays? 2. it is certain that such compensation in the billions will cause a rise in ticket prices, so we pay for it anyhow 3. in 2020 and 2021 Lufthansa has lost about 10 billion and is still far from making that money back. / Maybe to save some money they could avoid delays? / Why doesn't this article describe any of the actual proposed changes?","Published: 10 Mar, 2025 CET."
"103","Which countries in Europe grant the most citizenships to foreign residents?","European Union",0,NA,"Published: 8 Mar, 2025 CET."
"104","EU sees record drop in births, data shows","European Union",0,NA,"Published: 8 Mar, 2025 CET."
"105","More than 120,000 Brits naturalised in European countries since Brexit vote","European Union",1,"It would be interesting to know how many Europeans are now British citizens as well.","Published: 7 Mar, 2025 CET."
"106","Are Europe's ties with United States set to worsen?","Politics",0,NA,"Published: 7 Mar, 2025 CET."
"107","'Social glue': Why it's no surprise European states are toughening language requirements","Immigration",3,"If language is so important (and I believe it is as well), then why don't these governments offer integration and language courses for people who claim citizenship by descent?  These governments seem happy to give these courses to migrants and refugees (which is fine) but then an actual citizen comes from abroad and is told there is no program for them.  So now these citizens have to spend thousands on language courses to get from Zero to B2. / ""Donald Trump has just signed into law that English is to be the US official language""
umm... no.  He signed an Executive Order.  This is NOT the same as a law.
Executive Orders are aimed at federal workers.  He is ordering federal workers to use the English language but he cannot use executive orders to tell private individuals to do the same. / I am from Hungary; the importance of the language is tied back to the fact that Hungarians do not speak any other language. You have to learn the language to survive. For the religion, christening is more of a cultural tradition and does not come from religious beliefs. Most people do not practice any religion, but they say they are Christians as they were christened when they were kids. The answers were most likely influenced by government propaganda from the past 14 years.","Published: 6 Mar, 2025 CET."
"108","EU aims for October start date for EES passport checks","Travel News",3,"As more countries go to a digital system, I wonder if the day will come when your passport can also be electronic?  It would be nice to have a phone app / wallet app holding a digital passport and not need to keep a physical one which is larger than an ID card so it is more inconvenient to put in a pocket or wallet. / I guess we will have to see how this works in practice for resident card holders and dual nationals. It’s one thing to say they don’t need to go through the new process, but if it stops you checking in for a flight (like missing api info does) then it’s going to be a massive inconvenience whenever you’re going the other way to whatever nationality you put in when buying the ticket. We know how much budget airlines want to charge for printing a boarding pass at the airport… / Any idea how this will work with the post-Brexit Carta di Soggiorno?","Published: 5 Mar, 2025 CET."
"109","‘They don’t want us’: Syrians in Austria face uncertainty as policies tighten","Politics",1,"Khaled and his family are surely just the sort of people that Austria needs and should support.  This sort of blanket action because of the actions of a few is unfair and very sad.  Austria can do better.","Published: 5 Mar, 2025 CET."
"110","'A new era is upon us': EU unveils €800 billion plan to rearm Europe","European Union",3,"For 80 yrs.  Europe has gotten wealthier by reducing their armies and depending US to come to the rescue. In 2014, only 3 of 31 countries were meeting the 2% NATO spending requirement which some say should be more realistically 5%.  As of 2024,  8 countries including Italy, were not contributing 2%  and only Poland spent more of their GDP than US. Time for the rest of the free world to grow up and be responsible for itself. / For me, its about ""Do you want to learn to speak another language at gun point?""
I don't care so much about the costs.  I care about security from aggressors. / Sounds like a solid plan how to “finance” the rearm of Europe. But it is not about money only right? It is also about: do you buy or you produce yourself? Can you buy enough and what exactly you can buy. It is about technology development.. about production sites .. intelligence and how it is all to be split within EU itself. And that plan doesn’t seem very solid.","Published: 4 Mar, 2025 CET."
"111","Europeans hit back after Donald Trump says EU was born to 'screw' US","Politics",6,"‘The phrase : the EU's formation in 1993 as a historic achievement to end conflict on a continent ravaged by two world wars.’ feels a little misleading as effectively 1949-50 saw the creation of this entity to end conflict. Whilst the actual EU was established in 1993 with the Treaty of Maastricht , the concept of a united Europe had already been in place for the previous 4 decades, under different names and membership, but essentially forming the ‘bloc’ of unity which then became the EU. Unfortunately the likes of Trump manage to misinform and deliberately mislead people when it comes to accurate history so now, more than ever, we need to make sure someone is giving an accurate account. / The European countries combined have contributed more than the USA to Ukraine - a simple fact that can easily be verified by anyone who cares about the truth. Trump choses to lie about the numbers, inflating the US payment by about 300%. Of course, it's possible that he does not know the reality, in which case, it's best to keep quiet. But, ignorance has not prevented him speaking in the past and is unlikely to in the future. / Europeans leaders in their warmonger foolishness are spending more and more for war and weapons and less and less for their own citizens and against their own interests. EU is just 'skrewing' itself, so can Trump be satisfied... / The USA is considering equal tariffs that we are encountering from ither countries. Seems fair. An with regard to the continued funding of the war between Ukraine and Russia, any monies invested by the EU is a LOAN, unlike the monies invested by the USA. Why is the USA paying the most to support Ukraine in this conflict? it is time the EU steps up to support their own defense, and of course, the USA will help, if it makes sense or is a NATO country. / If Trump is speaking, then you can be confident that he is prevaricating. / I can't really say exactly what I think of this individual and his behavior. My comment would get modded very quickly","Published: 27 Feb, 2025 CET."
"112","Where in Europe is the hard-right on the rise?","Politics",5,"lol, yes we are all far right, yes us who have common sense and want the best for our Countries  so yes i,m far right. / What's your definition of Far Right?  Seems like anyone who disagrees with the writer.  Wanting unlimited migration to end doesn't seem radical; seems like common sense to me.  Especially in CH, where the culture is wonderful. / Giorgia Meloni's Brothers of Italy is a conservative right wing party, not a far right and post-Fascism as stated in this article. In Italy there are far right parties (Forza Nuova, Casapound, ...) but they do not get the minimum amount of votes to be represented in the Italian parliament. / Europe is resetting itself not unlike the USA and with hope Canada Australia Britain and New Zealand in my own democratic opinion.
Let's keep freedom of speech alive their are many of us who fort for it 🙏🙏🙏 / We’re not ‘Far Right’, just Right Wing.","Published: 24 Feb, 2025 CET."
"113","EU keeps up 'pressure' on Russia with new sanctions","European Union",0,NA,"Published: 19 Feb, 2025 CET."
"114","Will Europe match words with actions after being sidelined by Trump?","Politics",4,"I am just as disappointed in the EU as I am the Democrats in the US in their utter lack of preparation for the “new world order” under the current US regime. There’s nothing new in the way this regime has long planned for and is now treating its allies and citizens. How can any of us be surprised when they’ve been consistently saying and planning these same motions? / Something must be done because the EU, wandering in a maze of regulations and bureaucracy, behaves as if the world is a seminar on import standards and French fishing rights. / All this European dithering combined with feelings of being insulted is probably why Trump wants to keep initial negotiations with Russia one on one. Otherwise nothing will get done! Americans are tired of being sneered at by Europeans while still footing most of their security bill. I will guess that once a groundwork is laid between the US and Russia, Ukraine  and most likely some Europeans will be included, but this needs to get off the ground first! / The US won't protect Europe any more? The EU to foot its own bills? Maybe even build decent Navies and air forces? It all seems unfair...

Jack.","Published: 18 Feb, 2025 CET."
"115","Europe's security is at a 'turning point', EU leader warns","European Union",0,NA,"Published: 17 Feb, 2025 CET."
"116","Austria's far-right led coalition talks collapse","Politics",1,"As I am a new EU citizen (Austria / Italy), coming from the US, the notion of a ""care taker"" government is somewhat unusual to me.  Is there an article here that can help me understand how a care taker government works, such as what powers they have vs. what powers they do not have in relation to a ""normal"" government? / Great question, and thanks for the idea! Austria has had caretaker governments before, and we’ll be writing an explainer on how they work, including their powers compared to a regular government. We’ll share it soon!","Published: 12 Feb, 2025 CET."
"117","European airport passenger traffic tops pre-Covid level","Travel News",0,NA,"Published: 12 Feb, 2025 CET."
"118","Where in Europe is Ryanair scrapping flights this year?","Travel News",3,"I wonder whether fees and taxes are the real reason why RyanAir is cutting back on some flights. They have trouble having their ordered Boeing planes delivered and some routes may not be that profitable anyway. / Ryanair often review its routes, but the cause of this round of cuts is a little different. 
Ryanair is suffering from the legacy of Boeing’s 737 Max problems. Boeing is way behind on projected deliveries, especially the 737 Max 8 & Max 10.
Some older aircraft have been kept in service longer than planned, but O’Leary estimates that Ryanair are at least 30 aircraft short of their planned summer 2025 capacity, and this shortage is going to continue for the foreseeable future. / We've booked a flight from Paris Beauvais to Bologna in October. Fingers crossed!","Published: 9 Feb, 2025 CET."
"119","Venice sleeper train setback reveals Europe's rail troubles","Travel News",0,NA,"Published: 6 Feb, 2025 CET."
"120","'Never again': Thousands protest as Austria braces for far right-led government","Politics",0,NA,"Published: 4 Feb, 2025 CET."
"121","LATEST: EU vows firm retaliation if Trump unleashes tariffs","Economy",0,NA,"Published: 3 Feb, 2025 CET."
"122","It's five years since Brexit but problems lie ahead for Brits in Europe","Brexit",1,"You can add to the complications obtaining a French visa for a spouse you married after the WA came into effect.
The legal maximum processing time for regroupement familial is 6 months but in practice is well  over a year in most départenebts.","Published: 31 Jan, 2025 CET."
"123","What to know about the new night train connecting Belgium, Germany, Austria and Italy","Travel News",2,"How is it possible to pass by Cologne and Munich and not passing by/stopping in Frankfurt? / To? Yes yes?!","Published: 21 Aug, 2024 CET."
"124","Coke, Fanta and Sprite drinks recalled across Europe over chlorate risk","Health",0,NA,"Published: 28 Jan, 2025 CET."
"125","UK to hike cost of ETA visa for arrivals but relaxes airport transit rule","Travel News",0,NA,"Published: 17 Jan, 2025 CET."
"126","How would a far-right led government in Austria impact foreigners' lives?","Politics",1,"My mother was born in Austria but had to give up her citizenship and became British in 1947/48. My half brother is Austrian but because I am a British national living in Austria, the result of this election is, in my opinion, bad news for Austria and probably bad news for me too.","Published: 25 Sep, 2024 CET."
"127","'Don't add fuel to fire': Europe tries to play it cool as storm Trump approaches","Politics",4,"Chris, an American here and I think you need to check out the recent "" buyer´s remorse videos. / @Chris...a US citizen here and no, most people who are are not  xenophobic, racist differ. Have you seen the recent videos of his supporters who now have ""buyer´s remorse""? If you look at logic, facts  and not opinions, feelings or propaganda, you will see the strives made. / Nope. / The media is all agenda driven…ask most Americans and they are very glad Biden is gone and Trump is back.","Published: 10 Jan, 2025 CET."
"128","Your questions answered on UK's new entry fee for non-EU and EU travellers","Travel News",7,"Thanks for the hepful info.  I read it carefully and then took on the UK ETA site.  As I was prepared, I found it easy and helpful  - and got my ETA  approval literally in seconds. / That's great! Good to hear that it's working and thanks for letting us know - it's always useful to get reports from on the ground / Being a dual UK/French national I have the same issue as Alain with airlines API. I already have return flights booked from France to the UK in April and September. At the moment it seems like the EU ETIA scheme won't be in force by April so I can enter my UK passport for both my April flights. But, if the EU ETIA scheme is in force by September, and I can still only enter details of one passport, will the airline prevent me flying even if I have both passports with me? / Helen i,m quite sure that an out of date passport would not be accepted. / I am a dual national FR/UK,. Airlines will only allow you to register one passport per booking so I can't see how you can enter ""the right information for the passport that you will be using for each leg of the journey."" unless you book each leg individually which would be more expensive and require collecting baggage and checking it in again for the second leg. / Ah you're talking about connecting flights? Yes, I can see how that would be more complicated as in booking terms it is just one 'journey'. We were thinking more in terms of a simple return flight. I guess for a connecting flight it would be tricky, although you could check with your airline / So just to clarify, someone who lives in the UK with settled status does not have to register for the ETA when returning from the EU to the UK? / What about a Danish passport holder who has a “ permanent right to remain” in the UK ( gained during the Brexit) but currently resides in Denmark. This year was no issue and just used the electronic gates like normal British passport holders . / If you have dual nationality, would both passports need to be in date?  Could you show an expired passport?","Published: 13 Sep, 2024 CET."
"129","Non-EU travellers will need to pay £10 'ETA' to enter UK","Travel News",9,"We travel from the US to Rome on British Air, changing planes at Heathrow.  It is not unusual to miss our connection in London, due to delayed departure from US, and spend the night at an airport area hotel.  Officially, then, we are not in transit, having to exit the airport.  This is an unforeseen circumstance.  Will it be possible to obtain the ETA at the airport in such a case? / Hey Thanks for your question. We'll try and get an answer for you because it's quite a specific case, but it must happen fairly frequently. There will likely be special procedures in place and reports say it's possible to get an ETA very quickly at the airport. / What about UK ex-pats living in Norway? Do they require this to visit back? If they are still a British Citizen. / Question: Spanish nationality through residency. British nationality renounced before Spanish judge, not recognised in the UK. In Spain now only Spanish whereas in the UK apparently now a dual national.
The ETA application asks whether you have an additional nationality. Does one say  “no” and risk being accused of lying to the UK, or say “yes” and risk problems with Spain? / No doubt the staff of Ryanair and Easyjet will be unable to understand the new rules and are likely to deny boarding to some unfortunate travellers. / Hi, as a non-EU, (Indian Nationality) with German Residence Permit will we still need to apply for a UK visa (tourism purpose) or this ETA is sufficient. This I could not understand. / Hi, ETA does not change the situation with regards to visas for the UK, so if you previously needed a visa to visit the UK for short stays, then that remains the case. ETA applies to people who previously benefited from visa-free travel to the UK / Hi, as a non-EU, (Indian Nationality) with German Residence Permit will we still need to apply for a UK visa (tourism purpose) or this ETA is sufficient. This I could not understand. / I tried to apply for an UK ETA on 7 Jan 2025 using a phone app on a Iphone 16 and the app crashed at the payment screen.  Hopefully this was a one time problem.  I will try again ina few days. / The article doesn't mention that this is only valid in case you don't need a visa to enter the UK. If you need a visa, you still have to apply and if you get it, you don't need this. The way it is worded here made me think that if you are a non-EU citizen living in the EU, you only need this, which is not true if you need a visa to enter the UK. / Hi, as the article says, if you have a visa for the UK or a residency permit (eg UK Settled Status) then you don't need an ETA. ETA is a visa waiver, so it doesn't apply to people who already have a visa for the UK.
The key point is that it's to do with the passport you're travelling on - where you live and whether you have a residency permit for an EU country is not relevant. / The article does not say if non-EU citizens who have a residence permit in a European country need to obtain this permit.  Ex:  American citizen with residence permit in Germany. / Hiya
The article has the line : ""So even if you are living in the EU, if you are a non-EU national and don't have an EU passport you'll need an ETA from January 8th."" So an EU residence permit doesn't make any difference, you'll still need the ETA.","Published: 7 Jan, 2025 CET."
"130","How Austria’s far-right FPÖ is reshaping the country’s political future","Politics",0,NA,"Published: 8 Jan, 2025 CET."
"131","Austria's chancellor says will step down in 'coming days'","Politics",0,NA,"Published: 4 Jan, 2025 CET."
"132","Austria's coalition crumbles after NEOS party quits talks","Politics",0,NA,"Published: 3 Jan, 2025 CET."
"133","EU universal charger rules come into force","Tech",0,NA,"Published: 28 Dec, 2024 CET."
"134","How you can prepare for travel under Europe's new EES and ETIAS rules","Travel News",14,"Very confusing.  Clicked on link to more info I hit a paywall, even though I subscribe to The Local. Question:  will delays in processing your permesso prevent you from traveling or transiting through the EU?  During exit or enter or both? No one seems to have definitive information and it's a crap shoot when planning for travel.  Finally went to the EU site for ETIAS/EE.  4 Tabs open on browser and still tunneling - no mention of problem with pending permesso. / As a British passport holder with an electronic permisso di siogorno do I have to go into the Non EU  queue at airports etc. / I wonder if the biometric checks required to obtain six-month visas obviate the need for further EES registration at the border. If so, I also wonder how one avoids the inevitable queues at le Shuttle ! / I have both an Irish and UK passport. My wife and I own a holiday home in Spain. When using my Irish passport to travel with my wife, using her UK passport , is she subject to the 90 day rule? If she is not, how does she claim exemption? Thanks. / I have the same issue as Mary Austen on her comment on 21 08 2024. Does anyone have an answer? / You don't mention anywhere in this article what changes for Swiss citizens. Switzerland is not a member of the EU and I checked and Switzerland is also not a member of the EEA. Does this mean Swiss citizens will need to do EES or ETIAS any time they enter an EU country? / Hi, thanks for your comment. I've added in a line and you can read more here about who is affected. But Swiss citizens and foreigners legally resident in Switzerland will be exempt.

https://www.thelocal.com/20240718/in-detail-who-is-exempt-from-europes-ees-passport-checks / As a USA health care practitioner, I have been fingerprinted a number of times in order to obtain my license. Frequently this has been difficult, as I wash my hands many times per day. I have also been told by police here that cosmetologists have similar difficulties with the fingerprint machine due to frequent handwashing; the machine can‘t read the print, so that one must go to a police station which uses a black ink pad. This is quite messy, speaking from experience. What is the plan for us here? / I have a UK passport and a Permesso di Soggiorno Elettronico. This has enabled me to travel freely to my home in Italy and travel around Europe. Would I still have to apply for any of these cards? / What about those of us who have residency permits in Italy with pending renewals? Note the delays in appointments to finalize renewals is take up to a year and a half for processing.  Will the receipt for the renewal process serve as proof of that residency?  Or are we liable to face refusals to board airplanes as a result? / This is good news and will make the process at border control quicker. Anyone got a ferry from Calais to Dover recently 🤦‍♂️

As an Englishman now properly a French resident I feel lucky my residence card already has my biometric date - happy to report it was quite painless and done at my local prefecture. 

I look forward to seeing ‘outraged of tunbridge wells’ and similar residents of Albion, savour their Brexit freedom 😂 / Wouldn't these rules be abused as much as current rules? What's wrong with a valid passport, a visa, the information and wherewithal for an untroubled visit.  Is demanding fingerprints a presumption of  criminality?  Could these requirements lead to resentment of/by visitors and hosts? Lots more to consider. / This is a very useful article.  It would also be helpful to know whether dual nationals travelling on an EU passport are exempt from ETIAS.  This isn't mentioned above.  I am a dual national - UK/Ireland so it would be very useful to have clarity on that aspect. / If I read this correctly and you explained correctly, if someone enters EU beofre Nov.9 but leaves later, then they do not register coming in but will have to register when they leave. Correct? / What about children? / The process is the same for children. The only difference is that under 18s will not have to pay the €7 fee for the ETIAS visa waiver","Published: 19 Aug, 2024 CET."
"135","Inside Austria: Is it really that important to sing the national anthem to become Austrian?","Inside Austria",0,NA,"Published: 14 Dec, 2024 CET."
"136","'Historic': What full Schengen membership for Bulgaria and Romania means for Europe","Politics",0,NA,"Published: 11 Dec, 2024 CET."
"137","The five best hidden ski resorts in Austria","Discover Austria",1,"It should be noted that both the Ankogel and Möltaller ski areas rely on reliable transport links from Salzburgerland. The main route through the Hohe Tauren mountain range is the car train service between Böckstein and Mallnitz. Worryingly this tunnel will be closed for 8 months from November 2024 for planned maintenance putting the finances of the Ankogel ski area under severe strain. Coupled with the ongoing road tunnel repairs on the A10 between Golling and Werfen accessing some of Austria’s well known and not so well known resorts will require a lot of patience and determination during the next two ski seasons. / That is a really good point and a great idea for a story. We will look into it! Thank you!","Published: 21 Dec, 2023 CET."
"138","COMPARED: The best and worst train operators in Europe","Travel News",2,"There are some valid points in the analysis, but the overall ranking is worthless clickbait.

Eurostar gets 0 points for night trains, but they only run high-speed trains and nowhere runs those at night.

Snälltåget only gets 6/10 for night trains, yet most of their routes are night trains. They ran low because they're a small company and large companies have more routes. / I haven’t used Deutsche Bahn but I’ve heard how disastrous it is. SJ and Deutsche Bahn must have a really hard competition over who’s the worst, so far I’ve used SJ some 12 times, mainly for going from Gothenburg to Stockholm and back and almost always it has disappointed me, so far it has been exactly on time 0 times, about 8 times I’ve had over two hours delay, 3 times of which has been over four hours! with all kind of weird things happening, from train completely breaking to rail and signal failure to window glass smashing in the passengers face for some unknown reasons. I don’t know maybe I’m very unlucky, otherwise it’s a shame for a first world country with such a high tax to have such a poor railways","Published: 9 Dec, 2024 CET."
"139","11 Christmas gift ideas to stay connected with friends and family back home","Christmas",0,NA,"Published: 7 Dec, 2024 CET."
"140","OPINION: Your personality changes when you speak another language, but that’s not always a bad thing","languages",12,"I was brought up speaking three languages but was born in the UK but lived mainly in Spain and French speaking Switzerland and I spoke all three languages like a native. My friends always say I come alive when I speak Spanish and I also know that I feel much more expressive and that there are words in in Spanish which simply don't exist in English. / I am English but have learned French at various times.
I do feel I have a different personality in French. French for me is for happy and less emotional things. It is all about leisure and love of culture and language to me. My competency varies greatly depending on my mood and the topic and my preparation for it. I would say that in general I have to be ""prepared"" to speak French and sometimes I can't do so.  French is for the good times. / I am much more direct and forthright in French than in my native English. That English sense of reserve vanishes, particularly when I am in a stressful situation - e.g. being stuck in the Gare du Nord late at night - and I can be as straightforward (some might say rude) as any anxious Parisian.  In English, I revert to the standard language of taking the blame for someone else's bad behaviour 'oh dear, sorry you let that door go in my face. . . '   It's so freeing to speak French! / Me, Swedish, and my English husband lived in France for a few years, where I learned French to an OK conversation level French. We now live in Sweden, and for a period my husband was pestered by Bitcoin sellers. For a while they phoned around 3 times per evening, all different callers. As I'm sure you understand, we were quite fed up with it! One evening I asked my husband to give me the phone when it rang. I answered, in what I find typical French;
 - 'allo?
-Can I speak to Mr Page, please.
-Aucun Mr Page ici.
- Oh, do you speak English?
- No. Vous parlez français?
- No....OK. Er, good bye.
I hung up. Done. Easy. 
In Swedish persona, I usually start explaining why we are not interested. It just prolonges the conversation, which is very frustrating. In English, I have ""something urgent going on and must hang up"". Polite, but not playing.
However, one day an American woman(not a Lady) rang, who DID speak French! Oooups! Anyway, I could tell I spoke it better, so, on y vas! She started about Bitcoin, and I said Not interested. She started to give her spiel, and I said 'Look, not interested' She then did the big mistake of saying -Madame, you don't understand... Entrance my French persona! I told her 'I understand perfectly. However, I have no interest in talking to an impolite woman, who rudly phones in the evening! Adieu!' Bang, down the phone! Oh, the feeling! I felt wonderful, the satisfaction of not taking any s**t! Feeling 10ft tall, standing strait like a queen who just gave the order ""head off""!
 So yes, I really do believe your personality changes with the language. 
Yours humble, Anna Page / I am a 74 year old male.  I have been bilingual (American English/Italian) since childhood.  I am begining to have age related memory loss.  The interesting thing is that when I struggle to find a word while speaking English, I often remember the word in Italian.  This also happens in the other direction, but less often. / I live in Piemonte where people perceive and describe themselves as reserved, although I have most often experienced them as welcoming and helpful. When I speak Italian in my daily life (English speakers are rare in this small city) I feel a certain expansiveness and sense of community. I feel that I belong here, and it's a good feeling. / My mother tongue is English, and my second language is French. I am not able to express myself as well when I am speaking French. I am usually searching for approval from the other person most of the time, hoping they can understand what I am saying. I'm definitely more confident when I am speaking English. As for the written word, I read more slowly in French, so I read every word, and I extract more meaning from each and every sentence, with the help of an online dictionary. / In France I am obliged to use my maiden name for my driving licence and phone contracts. This is for me an unwelcome imposition and brings the childhood back which I thought I had put behind me. It is also the reason I will not apply for French citizenship as it is based on who my parents were, their marriage status etc. I would like to think my personality is the same whatever language I speak, but the social norms are not always the same and require adjustment! / I've taught ESL and Spanish, and lived in Latin America and now in Paris. It's clear to me that we're not the same person when speaking another language. Thanks for this article. / At school, we had an abysmal French teacher, who just could not enthuse us in learning that language, but I started learning much later in life, by going to night school and chatting with locals in bars when on holiday. 
I never became fully proficient in that language, but it gave me an idea how the French thought, and if  
make a mess of it, the locals were happy to assist me, which I found a helpful and refreshing attitude. / Howdy,
I gesticulate with hands and arms when speaking French more than when speaking English. / Hi Pretty much true most things you have said. My mother tongue is English and I am learning Italian. I feel more comfortable, complete - more connected with my emotions when speaking italian, where as when speaking in English tend to cut off emotionally. Love Italian.","Published: 6 Dec, 2024 CET."
"141","LATEST: EU reveals how EES biometric border checks will be phased in","Travel News",0,NA,"Published: 6 Dec, 2024 CET."
"142","Europe set to allow more wolf hunting after protection status lowered","wildlife",1,"This sounds about right - kill the wildlife instead of protecting the livestock. Ignorant fools. It's all about money.","Published: 3 Dec, 2024 CET."
"143","Schulpflicht: How Austria pioneered mandatory schooling for all","Education",0,NA,"Published: 6 Sep, 2023 CET."
"144","EXPLAINED: Why isn't Austria in NATO?","War in Ukraine",0,NA,"Published: 4 Mar, 2022 CET."
"145","Trump and immigration: The EU's demanding list of challenges for 2025","European Union",0,NA,"Published: 28 Nov, 2024 CET."
"146","Will Donald Trump really ease the tax problems of Americans in Europe?","Politics",2,"I pay 5000 sek a year to file taxes in the US but never need to pay anything to the US government. I also meticulously invest in non-US stocks only which is a huge burden to manage my own portfolio compared to just investing in a fund. I have friends that live abroad and prefer to not file taxes in the US because the filing cost is too high for their income.

Ending CBT would benefit all overseas citizens and decrease the burden on the IRS to review filings which they will never be able to collect on. This only hurts international tax preparers who could easily shift to finding clients residing in the US.

I hope this legislation is seriously considered as my children will also benefit once they reach adulthood. / He’s lying","Published: 22 Nov, 2024 CET."
"147","EU in new push to make European train travel easier with single ticket plan","Travel News",2,""" Drivers also need to know multiple languages at a B1 level""
Do what airline's did a long time ago and standardize English as the language of travel required to operate / “Without the option to buy a single ticket for the entire trip, booking gets complicated, passenger rights do not apply if connections are missed, and travellers are left to cover extra costs on their own.”
This is not completely correct, take a look to AJC agreement which most important European train platforms have signed https://www.sj.se/en/about-sj/terms-and-conditions/ajc.","Published: 11 Nov, 2024 CET."
"148","OPINION: Trump's win spells crisis for Europe, but it could save the EU","Politics",18,"Sir,
In place of your lengthy tanrum you could have attempted an accurate and fairminded account of the United States and our incoming president.  That might have required some work on your part.  Your article not only highlights your journalistic laziness, but underlines your ignorance about America. The future will show that Donald Trump was not only a great president, but will show him to have been a great man. / This is pathetic. If I read another article like this I’ll be cancelling my subscription. / You could have summarized this terrible article with a simple crying emoji / Why wasn't my comment published?   Are there hundreds of comments here, making the moderating task difficult?   I have spent time and effort in order to contribute to this platform, it's not as if X doesn't exist for a true discussion. / Hi. I can't see a previous comment from this email address, so I'm not sure why. Perhaps it didn't save. / @Frank G. below: as a brit as well as a tax paying citizen of USA, I am grateful for your comment. It was a relief to read it.  Disturbed but not surprised to read the posts, I was unable to find words to respond to m a g a  (I refuse to capitalise) perspective here in France, a country that is committed to its citizens needs for medical care, education, recreation and has made abortion a constitutional right (thank you M. Macron). And yes, we need a strong EU. / The maga commenters below are in no way representative of the American electorate as a whole. Donald Trump represents a clear and present danger to world wide security. The EU must stand strong in the face of tyranny. / We need the EU to stand strong after 1/2 of our ignorant electorate chose an authoritarian lunatic. / Trump winning is great news.... / The writer and other comments clearly only go by what they hear on the news. Trump was President for 4 years, and it worked out pretty good for the US and the rest of the world. If EU is mad that they have to pay their NATO bill, suck it up. Those of us who live in the US have had to endure the most incompetent administration in my lifetime, and I'm 60. You can complain all you want, but you will be happily cashing your checks, living a better life of prosperity and peace while you do. / Have I read below he is the protector of democracy?? Only if he wins, obviously. This is laughable.

Criticism is not about his economic policy, Americans have of course the right to choose the economic model they consider best for themself (it will be good mostly for billionaires like him, not for the average voter though), but it is sad that most Americans want a leader which is a compulsive liar, convicted felon and clearly a racist and misogynist person. Great role model. / Anna,
Seriously, where have you been the last 4 years?!!
Biden Administration Destroyed America, it's people and actively puports it's brainwashed, and continually continues war. / I read this article and realize it is strictly opinion. However, it is completely out-of-touch with reality of what a Trump victory means on the world scale. While you say this is a bad time for this kind of leader from the U.S., can you imagine what the alternative would've been? It is laughable. As misguided this article is, I will defend your right to speak your mind. Unlike the other side of the aisle, I welcome all opinions. / ""Diplomacy by gangsterism"". Well said. I despair for the people of Ukraine, and for the planet. Trump's victory is a triumph for the politics of fear, suspicion and selfishness. / This is an incredibly biased and ill informed article attacking President Trump! / It’s time for Europe to pay for their own defense and stop relying on the American taxpayer. NATO is a throw back to when Europe was weak and rebuilding. That is no longer the case. It will be a bitter pill for Europeans to swallow but many of their social programs - decades old - will have to be eliminated or reduced to pay for their own military force. American taxpayers should not be required to fund the defense of Europe. America has its own set of problems that need to be addressed first. / This opinion piece should be taken as pure, uninformed, opinion. Donald Trump is the protector of democracy, and with his team, he will downsize government, improve efficiency/spending, create jobs in the US in manufacturing, reduce reliance on strategic imports, reduce cost of fuels, and let innovation thrive in the USA. He will follow-the-money, as he did with his first presidency, to keep Iran in check and end conflicts in our world. / Wow, John Lichfield certainly has an extreme left wing view. I think he’s way out of touch with the American people. In fairness, I’d suggest that you run a story that gives the opposite point of view. Obviously, the majority of the American people don’t agree with Mr. Lichfield’s opinion. I think the coming year will prove him totally wrong and Germany’s position with the US will be as strong as ever. / Excellent commentary!","Published: 6 Nov, 2024 CET."
"149","The new flight destinations from Austrian airports this winter","Travel News",0,NA,"Published: 4 Nov, 2024 CET."
"150","'Unique challenges': Kamala Harris vows to help Americans in Europe","Americans in Europe",1,"There is only one way to help, Ms Harris, abolish the US' horrendous system of citizenship-based taxation, and join the entire rest of the world in using a system of residency-based taxation. Taxation and banking problem for US citizens abroad solved immediately.","Published: 4 Nov, 2024 CET."
"151","When will Vienna's Christmas markets open this year?","Discover Austria",0,NA,"Published: 7 Oct, 2024 CET."
"152","OPINION: Europe's open borders are precious, but they are under threat","Politics",4,"Illegal migrants shouldn't be in the EU. That's not a radical concept to me. / What are the brexit lies you write about? If anything more countries are seeing how corrupt the system is. / what Brexiteir lies are you referring too kindly define !? Otherwise don't print the statement... / Very good and informative article. Thank you","Published: 23 Oct, 2024 CET."
"153","Whatever happened to the EU's plan to stop changing the clocks?","European Union",10,"Do people forget the constant anti-austerity demonstrations from 2009 until Covid? 

The EU is a totally undemocratic liberal institution. As if this is the first time they ignored a vote!

Oligarchy, indeed. / another good example that the current democracy does not work.
peoples will - clearly and democratic demonstrated - is ignored when any other politically stronger position does not agree.
why ask then? / I thought it was introduced to help farmers tend to their livestock in more daylight, but even that would be irrelevant now as the WEF and globalist elite want us to stop eating animal produce and eat plants and bugs 'to save the planet' (everyone except them of course) 🙂 / Yes, I remember we used to have 6 months of Summer Time, but the UK had 7 months. So for one month each year the UK had the same time as on the Conteninent. This was confusing for international time tables, and so on. Eventually, the rest of the EU (of which the UK was a member then) decided to adopt the British practice. 

Personally, I'm very much in favour of changing the clocks, as it's so much nicer to have longer day light during Summer TIme. / The uk still follows this time change, please correct / What happened to permanent DST in UK is that the papers mendaciously described each child road death in the morning as a wilful act of the Wilson (Labour) government, and omitted to mention that child road deaths in the evening had fallen by substantially more than they had risen in the morning, ie they were reduced.  An early lesson in politics / It is only half-true to say that the UK and Ireland introduced DST in 1972. They retained it after the war. But in 1968 began an experiment to keep the clocks permanently on GMT+1. The clocks went forward in spring 1968 and stayed there. This was abandoned in 1971, and so the clocks went back in autumn of that year. In spring 1972 the clocks went forward again, as they had done for decades. Seemingly politicians can't resist the Canute-like temptation to pass laws telling the sun when to rise. / Changing our clocks twice per year is one of the more ridiculous undertakings we engage in.  We should all just stop, and remain on Standard Time.  And ""Permanent DST"" is really just changing the time zone - in my case California would be changing from the Pacific to the Mountain time zone - and that is just as ridiculous.  The time zones were determined so that Noon (Mid-day) would be approximately the middle of the day, and Midnight the middle of the night, wherever one may be. / Firstly, the end of March to end of September is seven months, not six. I sometimes wonder why don't we go on to Summer time in February as there's just as much daylight then as there is in October. Secondly, my parents spoke of something called Double Summer Time during the peak summers of World War 2 in UK. I'm too young to know but I certainly remember DST in the Sixties. I believe we tried to stay on DST in 1972 (maybe 1973 as well) and didn't like it. / Well it was a different world back then in 2019 when the EU had the leisure to debate unimportant things","Published: 24 Oct, 2024 CET."
"154","Launch of Europe's new EES border system officially delayed again","Travel News",1,"When it will be ready? / Great question! No-one knows at the moment, but we will keep our website updated with all the latest","Published: 10 Oct, 2024 CET."
"155","EU unveils plans to make passports and IDs digital for Schengen travel","Travel News",1,"I personally don’t understand this type of „improvemenents”. Why we same way can’t tap biometric passports? How type of carrier might speed up the process? I feel that most of ideas like these is just to be modern, as modern is trendy.","Published: 10 Oct, 2024 CET."
"156","EXPLAINED: Why the EU and China could be heading for a major trade war","European Union",0,NA,"Published: 4 Oct, 2024 CET."
"157","What we know about the bomb threats disrupting Austrian train stations","Crime",0,NA,"Published: 3 Oct, 2024 CET."
"158","Next steps: When will Austria get a new chancellor?","Politics",0,NA,"Published: 2 Oct, 2024 CET."
"159","Far-right's election win raises fears among Austria's Jewish community","Politics",2,"The FPO won the most votes of any party. If the other parties don't want to go into coalition with them then the FPO should govern on their own. The other parties by not cooperating with the FPO and ignoring the wishes of the electorate are demonstrating their non-democratic  credentials. / “Despite the FPÖ win, Deutsch noted that over 71 percent of voters chose parties that explicitly oppose the far-right party's participation in government. “

I’m having trouble squaring this statement.

If 71% did NOT vote for FPÖ then how did they win?  Was the election rigged or something?

Someone please explain because this seems like a serious issue to me, a new Austrian Citizen. / Hi!

This can be confusing, especially if you are not originally from a country with some form of Parliament system - I'm not sure if that is your case. 

The FPÖ is considered to have won because they were the party that got the most votes, even if they didn't reach a majority. They received almost 29 percent of the votes, and will get an equivalent amount of chairs in the National Council (Austria's Parliament). 

They are also considered to have had a big victory because of how many more votes (and seats) they received in comparison to the previous election.

In Austria's recent history, there has never been a party that won more than 50 percent of the votes in the federal level, so we have coalition governments. The reason why the winner FPÖ needs to try and make a coalition with other parties is so that they can get a majority in Parliament.

This is why we say they won despite them getting only 29 percent of the eligible votes. In the case of these elections, all other parties had previously condemned the FPÖ or its leader as extremists and said they wouldn't form a coalition with them. This is why Deutsch said that 71 percent of the voters chose parties that opposed the FPÖ. 

Does that make sense? Let me know if that explains it.

thanks!","Published: 1 Oct, 2024 CET."
"160","'We've made history': Austria's far right seals historic election win","Politics",0,NA,"Published: 29 Sep, 2024 CET."
"161","Launch of EU's border system could be delayed again to avoid travel chaos","Travel News",1,"I rarely if ever get involved in these matters, but this time I can’t help myself. What “problem “ is this specifically targeting. Is it aimed at stopping people from exceeding the 90 day rule on overstays? I haven’t seen the statistics, so I can’t measure how serious this is. Are they targeting the honest tourist who want to spend a bit mor time exploring Europe, or the British second home owners who want to winter at their house on the Riviera? These people aren’t using public services, and are probably contributing to the local economies. And if they are working, it is probably in service jobs that the locals don’t want or can’t otherwise be filled. Billions of euro have been spent on a system that does nothing to address the real problem of mass illegal immigration to Europe and will only result in added cost to millions of law-abiding travelled and to the travel industry as a whole.","Published: 28 Sep, 2024 CET."
"162","The EU is in 'Barbieland' and becoming more xenophobic, new report warns","Politics",0,NA,"Published: 25 Sep, 2024 CET."
"163","Inside Austria: floods, elections and the centre-right's embarrassing moment this week","elections",0,NA,"Published: 21 Sep, 2024 CET."
"164","REVEALED: Thousands of Britons still moving to EU countries despite Brexit","Residency permits",0,NA,"Published: 20 Sep, 2024 CET."
"165","'Shift to the right': How European nations are tightening migration policies","Immigration",1,"Seems like a clear distinction is needed between skilled labor migration and asylum migration, and that's the problem","Published: 19 Sep, 2024 CET."
"166","Why tens of thousands of Austrians are leaving the Catholic Church","Living in Austria",0,NA,"Published: 19 Sep, 2024 CET."
"167","How Austria plans to prevent future catastrophic floods","Floods",0,NA,"Published: 18 Sep, 2024 CET."
"168","EU shifts right as new team of commissioners unveiled","European Union",0,NA,"Published: 17 Sep, 2024 CET."
"169","Floods in Austria: The latest news and weather warnings you need to know","Weather",0,NA,"Published: 16 Sep, 2024 CET."
"170","How Germany's increased border checks will affect travel from neighbouring countries","Travel News",0,NA,"Published: 10 Sep, 2024 CET."
"171","IN PICTURES: How devastating floods turned Austria into a 'disaster zone'","Floods",0,NA,"Published: 15 Sep, 2024 CET."
"172","'Unprecedented situation': Austria hit by torrential rain and floods","Weather",0,NA,"Published: 15 Sep, 2024 CET."
"173","How Austria's Tyrol region plans to hike tax on tourists","Tourism",0,NA,"Published: 3 Sep, 2024 CET."
"174","What would a far-right FPÖ-led government mean for Austria?","Politics",0,NA,"Published: 21 Aug, 2024 CET."
"175","Rise in naturalisations: Who are the new Austrian citizens?","Austrian citizenship",1,"I am part of this group.  My mother, then my children and I received Austrian citizenship under the Nazi persecution 58c rule in the past year.  My mother was born in Austria and fled as a young child but my kids and I were born in the US.

Now we are learning to speak German in order to better integrate and plan to move the family to Austria in the not-too-distant future, soon after my youngest finishes high school in the US.  I am looking forward to the end of our family exile! / Thank you for sharing your story! If we can help you with the not-too-distant move, please let us know. If you have any questions about life in Austria, moving here, working here, universities... please send me an email: amanda.previdelli@thelocal.com. We will try and answer them all.","Published: 22 Aug, 2024 CET."
"176","Swift says filled with 'fear', 'guilt' after Vienna terror threat","Terrorism",0,NA,"Published: 22 Aug, 2024 CET."
"177","EES and ETIAS: Prepare for the major travel changes in Europe","Travel News",24,"I have a UK passport and a French ID.Would I need to show both to be exempted? / So the EU, now say we, the traveller will process our own documents, rather than the Border Force doing it. And also charge the traveller for the privilege of doing so. 
It also doesn’t say where the data is to be held and how secure it is!
Only that it is held for 3 years. / We get a VLS-T visa each year and stay for 3 months, plus we stay 3 months on the Schengen allowance. We return between these two stays for health reasons.
When we apply for the visa annually, we have to present photocopies of our passports showing all stamps etc. 
My question is, given that passports will not be stamped, should we assume that the visa agency has access to these digital records, and if so, as a supplementary, where can I have access to these if I need to challenge errors? / ....And STILL no confirmation or detail of the specific questions that will be asked on the ETIAS application form !!  ??? / how will this impact upon holders of a Schengen Visa? / I am retired British married to an Italian, resident AIRE in London where we have our main residence. We don’t want to spend more than 183 days a year with relations in Italy but do want to be able to spend more than 90 days in 180 around Europe if we want to  Does anyone have any idea on this or who to ask, the London consulate doesn’t seem to know. It seems a catch 22 that you have to become resident in Italy even to visit for 30 days if you spend 60 days elsewhere in Europe? / What if you are not an EU resident but you do hold an EU passport? / Hi, EU citizens are exempt from EES. Where they live is irrelevant, it's the passport they are travelling on that counts / I travel to France via Amsterdam with my 14 year old nephew.  I have a Carte de Sejour for France and he has to get his passport stamped as he lives in the UK.  Do we separate and go through different controls?  My logic says to take him with me and sort it out with a person with the control I would use.  As for everyone else the queues are long during school holidays so we can't queue twice.  We actually would miss the flight! / How will EES and ETIAS affect someone like me who has a carte de sejour when traveling direct from UK to an EU country other than France? Which gate, automatic or ‘manned’? / I'm not sure how those who hold either EU passports, or residency visas, parked twelve or more hours back in the queue, would be able to circumvent the delay, though. / So, how does that impact holders of residency within an EU country travelling within the EU? For instance, I'm a UK Citizen and hold residency status in Italy under the BREXIT arrangements. If I choose to travel to/from Italy by rail, how does that work? Will I have the faff, inconvenience and expense of having to get an ETIAS because I am transiting France? Then, will I have to get a French exit when I cross into Italy? How?! / Any information on how this will affect Military NATO personnel than normally use a government official passport or diplomatic passport. Service members use an ID card. 

Thank you. 

Carlos Reyes / So why are the xenophobic morons in Norway's UDI advising foreigners with documented citizens' rights to reside in Norway not to travel abroad without a new residency permit? Why haven't Norway invested in adequate admin resources to process applications in a timely manner with some reason beyond ""our shit Nordic system and wank-stain attitude says 'no'""? The posilsibilities are very limited, between gross incompetence to ""we trolls really don't care about humans"". Weirdos regardless. / Margs - if you have dual citizenship, isn't the worst thing that can happen that you would have to explain yourself to a human?

I typically leave UK/enter EU on my EU passport and leave EU/enter UK on my UK passport. And once the people checking when leaving EU asked if I had permission to stay in the EU because the blurry exit stamp in my UK passport from 9 months earlier was hard to distinguish from an entry stamp. / So do I understand that someone in legal possession of both a UK and an EU passport  and resident in the UK can exit UK on the UK passport and enter the EU on the EU passport, and vice versa on returning? / Bruce, NATO soldiers and government civilians always use both passports when travelling. We use our tourist passports when travelling anywhere else except where we are stationed (or on official duty). For me, that's Germany. I use my official passport to re-enter Germany because that's the one my SOFA visa is in. It is confusing and causes issues all the time. They always want to see a stamp and there often isn't one, and despite showing them the visa allowing me unrestricted access to and from Germany, there is usually a delay and a more experienced border agent required, or, a simple wave of a military ID is sufficient to pass. This new electronic system will cause all sorts of grief for us since the visa is a stamp and not an electronic version. / I have a 1 year visa in France and want to stay longer.  We figured that we would leave after that 1 year, fly or drive to a non-Schengen country like Croatia, and then drive back to Italy with what I think would be a 90 tourist visa.

Do you see any flaws in this process to end a visa and start a 90 day tourist stay back-to-back? / Question: exactly when are these new measures going to be rolled out next year? Do you we have a specific date? / It says, above. / We arrived in Italy on Oct 6th with our UK Passports and were directed by a border guard who was checking for EPLF's  to the Biometric/Electric gates. We scanned through and walked out the airport without a stamp on our Passports. No person at a desk beyond these gates as we've heard of previously. Yesterday we received a generic email from UKGov saying that it is the individual travellers responsibility to seek out a stamp for our Passports on arrival. If we don't (and cannot prove our arrival date using a copy of Boarding Pass etc.) ''it will be assumed by Italian Border Control that we have overstayed''! Then we get a black-mark and all the problems that will cause when trying to visit our second Home in the future. 

Anyone else have thoughts/experience on the above?

....and then add in Schengen/Non-Schengen. It invariably becomes even more complicated! / If you have dual passport eg U.K. & N.Z. , if you make 1 journey from the U.K. on 1 passport ( return journey) to France then the 2nd journey on your NZ passport ( return journey ) to say Italy would the system match the names being the same on separate passports or is it just passport numbers. I guess time will tell. / I am in the same position with UK and USA passports.  Am required to enter and leave USA on American passport which, given airline visa enforcement, means embarking for USA from wherever on USA passport. Obvs is more convenient to enter and Leave UK on UK passport.    So if I travel to second home in Italy intending to travel onward to USA which passport do I use to exit UK? Easy to see how this could become tricky. / I live full time in France and have a carte de sejour permanent issued under the Brexit Withdrawal Agreement.   If I flew on holiday to another EU country such as Greece or Italy from a UK airport would I have to go through the new EES system or would I just show my French resident permit to the Greek/Italian border guard to prove to them that the 90 day limit does not apply to me (and therefore I don't need to go through the EES process)?

Paul / This is worrying, because outside of our EU country of residence (you France, me Germany) the 90/180 day rules do appy to us. If we arrive from outside the Schengen zone into our EU country of residence we are OK but into any other Schengen country we will be treated like any other toursit (unless we can find a human to show our resident permit to and hopefully get them to agree to waive us in). I live on the DE/CH border and fly often from Zürich so technically when I arrive in Zürich my 90/180 clock starts even though I transit direct home to Germany!
Check out this helpful article (although it requires not using the eGates and finding a helpful border guard):
https://www.thelocal.de/20211103/does-transit-through-germanys-neighbours-affect-brexit-90-day-rule/ / Can someone explain it to me how to understand this: “ Citizens of many non-EU countries including the UK, the USA, Canada, Australia and New Zealand can spend up to 90 days in every 180 in the EU or Schengen zone without needing a visa – the so-called ’90 day rule’”. My understanding I can stay for 3 months during in 6 months period. Otherwise, 3 months in Italy and go non EU country closest is UK, stay there 3 moths and come back again to France stay there for 3 Minths? ( without visa). Or wait till passes 6 months and then only can return to EU? What about that people used to say “ I stayed 6 months in France and then 6 months in US?” Just don’t understand these rules. It’s keep changing. Thank you in advance. / This rule has been in place for a very long time. The best way to look at it is, take a 180 day sliding window and you cannot be in the EU for more than 90 of those days. In your example with Italy, if you stayed the 90 days and left, then went to the UK for 90 days, you could then come back for 1 day. For each day you delayed returning your stay could be 1 day longer, until you have been out of the EU for the full 180 days which means you could come back for 90 days. If someone stayed in France for 6 months, it was either a very long time ago or obtained a visa with a different status , ie student etc. / Almost certainly. The standardization of passports that started around the 1990 was about more than just making them work in border passport scanners worldwide, it was about national governments sharing passport information for security purposes. There's a very good chance that the nation within which your friend ;-) wants to live all year will be well aware of their dual nationalities. / I have a friend with two non-EU passports who wonders if it would be possible to use these to avoid being restricted to only being able to stay in the EU up to 180 days a year. Would the new technology have the ability to scan for those people with more than one passport? / I assume your 'friend' would trigger the system when trying to exit with a passport that was never recognized as having entered the country. You would set off alarms bells for sure.","Published: 10 Nov, 2021 CET."
"178","Europe's new EES biometric passport system to launch in November","Travel News",5,"Hi Emma, we will be on a long stay visa will we need to go through the EES passport check? / Hi Sue - No residents of an EU country (on a long-stay visa or carte de séjour/residency card) are exempt. Full details here
https://www.thelocal.com/20240718/in-detail-who-is-exempt-from-europes-ees-passport-checks / For the past few years upon entering Italy at Fiumicino airport, my passport and biometrics have been checked electronically. I am assuming authorities have all my entry-exit information already. Is that not the case? / i hope tihs inclueds the illagel imigrunt in  northern france otherwise this racisum / How will travelers who are already in France before the EES system begins, but leaving France after it is operational be affected? Will we have to register upon departure, by kiosk or by in person border agent?
Thank you. / Yes, the pre-registration is done the first time you cross an EU/Schengen external border - whether you are entering or exiting the EU / Italy's delays in processing Permesso renewals have left many to travel through the EU (most airline connections occur there from the USA) without that document and with only the receipt for the application.  Wondering if it will become problem for travelers after Nov. 1?  My own appointment for renewal was scheduled 1-1/2 years from the date of my application, a date mid-year 2025.  That's 7 months of uncertainty. Would be helpful if Italy made a formal agreement with the EU.  Any news on this?","Published: 18 Aug, 2024 CET."
"179","Europe warned to prepare for mpox as Pakistan reports first case","Health",0,NA,"Published: 17 Aug, 2024 CET."
"180","EU health agency urges member states to prepare for more mpox cases","Health",0,NA,"Published: 16 Aug, 2024 CET."
"181","WHO warns more mpox expected in Europe over the coming days or weeks","Health",0,NA,"Published: 16 Aug, 2024 CET."
"182","OPINION: Unfair tax policies for Americans abroad must change","Taxes",4,"I agree with Jack. You have the freedom to choose where you live.  You are paying for the privilege.  Decide where you live and follow the rules. / The US forms are clear, concise, and easy to complete.  No need to pay anyone to do it for you.  The Franco/American tax treaty provides very favourable terms for US citizens in France with US pensions and investment income fully exempt from French taxation.  No need to change it at all. / I renounced years ago to be able to avoid US taxation without representation. It was awful and I'm so glad it's over. / It's not that hard, or that tedious. And the US provides credit for the foreign tax paid. 
It's really not that hard.  Americans who don't like filing US taxes can always rescind their US citizenship. 
And then, as Andrew Henderson says, ""go where you are treated best"" (watch the Nomad Capitalist to learn more).","Published: 9 Aug, 2024 CET."
"183","Taylor Swift Vienna concerts: What we know about the terror threat","Crime",0,NA,"Published: 8 Aug, 2024 CET."
"184","Taylor Swift's Vienna shows cancelled after terror plot arrest","Vienna",0,NA,"Published: 7 Aug, 2024 CET."
"185","Grocery shopping in Austria: How much could you save by switching chains?","Cost of living",0,NA,"Published: 25 Sep, 2023 CET."
"186","Climate crisis: Heat claims '175,000 lives a year' in Europe","Weather",0,NA,"Published: 2 Aug, 2024 CET."
"187","UK government says it is not ready for new European passport control system","Travel News",1,"Once again, the British want yet another exception.  Unacceptable.","Published: 29 Jul, 2024 CET."
"188","Flights resume after global IT crash wreaks havoc","Travel News",1,"Eurowings are worst. We are still stuck in Milan after our flights to Cologne on Friday and Düsseldorf today were cancelled.","Published: 21 Jul, 2024 CET."
"189","In detail: Who is exempt from Europe's EES passport checks?","Travel News",0,NA,"Published: 18 Jul, 2024 CET."
"190","Air passengers 'in limbo' as global IT crash grounds flights","Travel News",0,NA,"Published: 20 Jul, 2024 CET."
"191","European travel services hit by major global IT glitch","Travel News",0,NA,"Published: 19 Jul, 2024 CET."
"192","EU chief von der Leyen wins second term","Politics",0,NA,"Published: 18 Jul, 2024 CET."
"193","Is start date for EES biometric passport checks set to be delayed again?","Travel News",0,NA,"Published: 17 Jul, 2024 CET."
"194","Delays ahead as Austria's western train route partially closes","Transport news",0,NA,"Published: 15 Jul, 2024 CET."
"195","Europe's drinking water contaminated by 'forever chemical', NGOs warn","Environment",2,"This seems scary and hope there are immediate measures to address this issue. / which countries was test, can you tell us?","Published: 10 Jul, 2024 CET."
"196","What Labour's UK election win could mean for Brits in Europe","Brexit",0,NA,"Published: 5 Jul, 2024 CET."
"197","'It's time to reset Britain's relations with Europe', says UK foreign secretary","Politics",3,"Lammy should be sacked asap and the UK do a trade deal with America. / ExitBrexit! The house of common chaps have realised the errors of their ways. / David Lammy I cant stop laughing how embarasssing.","Published: 7 Jul, 2024 CET."
"198","Paris night-trains to Berlin and Vienna suspended for summer works","Travel News",0,NA,"Published: 27 Jun, 2024 CET."
"199","What's the environmental fee Lufthansa, Austrian and Swiss airlines will charge you?","Travel News",0,NA,"Published: 26 Jun, 2024 CET."
"200","Austrian ex-minister exiled in Russia denies she is 'Kremlin agent'","Politics",0,NA,"Published: 26 Jun, 2024 CET."
"201","New sleeper train for skiers set to connect Austrian Alps with the UK","Travel News",0,NA,"Published: 19 Jun, 2024 CET."
"202","Deadline day: What Brits in Europe can do to make sure they vote in UK election","elections",0,NA,"Published: 18 Jun, 2024 CET."
"203","'Laughing stock of Europe': What's the new crisis to hit Austria's coalition government?","Politics",0,NA,"Published: 17 Jun, 2024 CET."
"204","'Tinder for jobs': EU's new job scheme for non-EU workers moves step closer","Work permits",0,NA,"Published: 14 Jun, 2024 CET."
"205","Austrias far right demands an EU 'remigration' commissioner","Politics",0,NA,"Published: 12 Jun, 2024 CET."
"206","Austria announces national election date with far right ahead in polls","Politics",0,NA,"Published: 12 Jun, 2024 CET."
"207","European elections: What happens next in Brussels after shock results?","2024 European elections",0,NA,"Published: 10 Jun, 2024 CET."
"208","What we learned from the European elections across Europe","Politics",0,NA,"Published: 10 Jun, 2024 CET."
"209","European elections results: Centre holds but far right makes gains","Politics",0,NA,"Published: 9 Jun, 2024 CET."
"210","EU votes as far right eyes gains","2024 European elections",0,NA,"Published: 9 Jun, 2024 CET."
"211","How do the 2024 European elections work and when will we know the results?","2024 European elections",1,"Thank you, very helpful.","Published: 6 Jun, 2024 CET."
"212","Free roaming and flight compensation: How the EU has changed your life","European Union",2,"The correction hasn't yet been made: It still says that ""teuer"" means ""cheap"" when it's actually the opposite. Probably the same root as ""dear"", which is used in the UK as a synonym for ""expensive"". / „Teuer“ in German means expensive. „Cheap“ as you wrote here means „billig“ or „günstig“ in German. What you probably wanted to convey is a common observation in Germany, that most everyday goods became more expensive upon the introduction of the Euro. / THanks for pointing out. Corrected now.","Published: 7 Jun, 2024 CET."
"213","The key deadlines Brits in Europe need to know to vote in the UK election","Brits in Austria",0,NA,"Published: 4 Jun, 2024 CET."
"214","Cost for getting a short-stay Schengen visa to rise on June 11th","Travel News",0,NA,"Published: 4 Jun, 2024 CET."
"215","10 things you should know about the European Parliamentary elections","Politics",0,NA,"Published: 30 May, 2024 CET."
"216","Police search European parliament over possible Russian meddling","European Union",0,NA,"Published: 29 May, 2024 CET."
"217","How Europe's new EES border checks will impact flight passengers","Travel News",4,"My wife and son are German but I am British. Will we need to split up at border control in future? / The first time you cross an EU/Schengen external border after the introduction of EES you will have to complete EES pre-registration (but your wife and son will not). Exactly where you do that pre-registration depends on how you are travelling (eg plane, ferry, Eurostar). For subsequent trips you can cross the border in the same way as you do now, as your passport will be linked to the biometric information you have provided / Hi,
how will this affect travellers who have successfully obtained a Schengen Visa, e.g. Thai nationals?
thanks
Alan / Hi, if you have the short-stay Schengen visa (for stays of up to 90 days) you will have to complete EES pre-registration before travelling the first time. Anyone who has a long-stay visa (or residency card) is exempt from EES registration. Hope this helps! / How will this system be implemented for cruises?  I would be a US to EU cruiser. / what about dual citizens? I'm a US (New York) resident citizen with dual citizenship in Austria. How do I travel? / Hi dual citizens - if you have a citizenship from an EU / Schengen country are exempt from EES. More details here
https://www.thelocal.com/20240422/reader-question-what-do-europes-ees-passport-checks-mean-for-dual-nationals","Published: 28 May, 2024 CET."
"218","How Brits living in Europe can register to vote for UK election","Brits in Europe",1,"I am registered to vote in my SE London constituency by post, but for the last 3 elections have not received my postal voting forms in time to vote. The situation is worse since Brexit as you have to declare sending documents and they can be delayed by Customs on return. I suspect the Conservative Brexit B@$]@&Ds knew this when they allowed UK Citizens who left >15 years ago to vote. Now that my precious EU citizenship and freedom of movement have been stolen by the ignorant, xenophobic and brainwashed British public, l feel completely disenfranchised","Published: 12 Jan, 2024 CET."
"219","EES: When will Europe's new passport system be launched?","European Union",2,"As a dual national, I leave and enter the UK on my British passport but enter and leave the EU on my Italian passport. Will that still work with the new system? I am a UK resident with a second home in Italy. / Hi Rossana this article should answer your question. 
https://www.thelocal.com/20240422/reader-question-what-do-europes-ees-passport-checks-mean-for-dual-nationals / Hi, you can find more detail in exactly how the system will work here - https://www.thelocal.com/20240416/europes-new-ees-passport-checks-your-questions-answered / Already operational at Milan Malpensa. The problem is that only 2 machines (out of 5) are ever working at a time. Now that they are herding American and UK arrivals into a separate line our wait is rarely less than 1 hour … 1.75 hours on April 3. Meanwhile Italian citizens and ‘all other nationalities’ sail through. Nothing like making your legal foreign residents, who by the way do pay taxes, feel welcome.","Published: 26 Apr, 2024 CET."
"220","Border centres and 'safe' states: EU gives go-ahead to major asylum changes","Immigration",3,"Asylum, created after WW2, was never meant to be a scam allowing migrants to pick whichever country they want to and move there. If anything, each continent or region should take care of their own refugees, not all of them coming to Europe from countries thousands of miles away. / It's about time we get sensible migration reform! Seeking asylum should involve finding the closest safe country, not one's country of choice. / So at last they might do something , I doubt it though as they are plain useless. A bit late also.","Published: 8 Apr, 2024 CET."
"221","EU countries to extend range of offences foreign drivers can be fined for","Driving",0,NA,"Published: 13 May, 2024 CET."
"222","German, Italian and Austrian presidents make joint call for strong Europe","Politics",0,NA,"Published: 13 May, 2024 CET."
"223","European elections: The 5 numbers you need to understand the EU","Politics",2,"Welsh? So it was just a bad dream I had, Brexit never happened? / Is Welsh still spoken in the EU, maybe apart from tourists?","Published: 9 May, 2024 CET."
"224","How will the new app for Europe's EES border system work?","Travel News",2,"I'm a USA citizen. I would like to know if the EES will link to the USA Global Entry program?  All the biometric data has already been collected for people enrolled in that program. Thank you. / It seems like this is very similar to the Global Entry system that the United States uses. We have found it to be incredibly easy to use.","Published: 7 May, 2024 CET."
"225","From Swexit to Frexit: How Europe's far-right parties have ditched plans to leave EU","Politics",0,NA,"Published: 6 May, 2024 CET."
"226","EES border checks could undergo 'soft launch', UK says as app concerns mount","Travel News",0,NA,"Published: 4 May, 2024 CET."
"227","How do the EU's new EES passport checks affect the 90-day rule?","EU",2,"The 90/180 day regulation does not apply to a UK passport holder travelling with his/her EU passport holder spouse. In these circumstances the 90 days renews on each joint visit if travelling together. You will need a copy of the marriage certificate and the relevant boarding cards of both travellers in the 180 day period and a translation of the Regulations for the border guards to see. Try doing that when his computer says “no”. / Thank you for still not addressing those of us on special NATO SOFA visas that are a stamp in our passports but are not electronic. If we use this digital entry and exit, will it flag us as SOFA or people who have somehow been constantly present in the EU for years without being caught? / Hi, this article is specific to visitors without visas/residency permits. You can find more info on the situation for NATO employees here

https://www.thelocal.com/20240416/europes-new-ees-passport-checks-your-questions-answered","Published: 1 May, 2024 CET."
"228","Stay away! How Europe's most popular spots are fighting overtourism","Tourism",1,"The massive crowds at The Louvre all the time make it all but impossible to enjoy in a civilized, relaxed way. Now they offer yoga classes in some galleries as a way to look hip before the Olympics. Most who go to great museums are just there for the selfie and Insta-photo. Museums allow way too many people in all the time in order to ""stay afloat""; ruining the experience for real art lovers.","Published: 25 Apr, 2024 CET."
"229","What will Europe's EES passport checks mean for dual nationals?","EU",0,NA,"Published: 22 Apr, 2024 CET."
"230","Did Austria really invent France's iconic croissant?","Food and Drink",0,NA,"Published: 17 Apr, 2024 CET."
"231","How would a 'youth mobility scheme' between the UK and EU really work?","EU",1,"EU using British youth as a tool of trade and still trying too maintain influence in British politics.. My thoughts beware !?","Published: 18 Apr, 2024 CET."
"232","Your key questions answered about Europe's new EES passport checks","Immigration",5,"What about Andorra. San Marino. ETC
Will the Canaries be included? / I read the EU rules and I find it very confusing. My wife is a dual national and travels on her Italian passport when coming to the EU. I hold an American passport.  We both live in the US. Currently, I can spend up to 6 months with her in the EU. If we stay longer we have to declare residency. When in the EU, we spend the vast majority of time sailing all over the Mediterranean.  We typically fly into Roma and then to the boat. The new rule gives an example of a family member visiting an EU member in their country of national origin, and the EES system starts the clock ticking.  Am I understanding this correctly? / A neat summary. Thanks. / Hi, As a UK citizen with residency in Italy since November 2020 and with a C di S, do I also require to carry additional proof of residency , TIA / Yikes, I’m still confused about dual citizenship and these new rules: I hold an American passport (US-born) in my married name and an Italian passport in my maiden name. My American husband holds an EU residency card for the Italy town we live in (5-6 continual months per year). 

For starters, what passport(s) do I use making plane reservations leaving the US and entering Italy, and then returning to the US since my dual passports have my different last names? And how does Italy (or any other affected EU /Schengen country) understand that I’m an Italian citizen with unlimited stays if I must register with EES if I have to enter using my US passport?","Published: 16 Apr, 2024 CET."
"233","What Brits in Europe need to know about UK's new minimum income rules","Brexit",0,NA,"Published: 6 Apr, 2024 CET."
"234","Tell us: What are your questions about the EU's new EES and ETIAS travel systems","Travel News",1,"So after nearly three years of administration I have now been able to apply for my Italian passport.. in the UK the consulate reports a 26 week delay on the issue of same unless a real emergency arises.
Therefore I will be in Italy with my British passport for longer that 90 days. Will my legal documents from the courts showing my nationality as Italian prevent the overstay stamp in my passport. Secondly my wife is English with an English passport but holds a different surname. We will always carry our marriage certificate which has an apostille but will the border guards quite understand her entitlement to stay in Europe with me??","Published: 10 Apr, 2024 CET."
"235","'I feel exiled': How Brits in Europe are locked abroad with foreign partners","Brexit",2,"Wait. British citizens cannot return to their country if they don't make enough money? That sounds wrong. / What? Honest working families have to prove income and god knows what to get back to the uk.
Meanwhile, while murderers and the worst sort of people just sail in and get housing and all their needs for free what is happening in the UK? beyond belief.","Published: 6 Apr, 2024 CET."
"236","IN PICTURES: 'Exceptional' Sahara dust cloud hits Europe","Weather",0,NA,"Published: 8 Apr, 2024 CET."
"237","Top Europe rights court to issue landmark climate verdicts","Climate crisis",0,NA,"Published: 7 Apr, 2024 CET."
"238","Austria's Nehammer gifts France's Macron boxing gloves","Politics",0,NA,"Published: 5 Apr, 2024 CET."
"239","Strikes: Austrian Airlines cancels 92 flights due to workers' meeting","Travel News",0,NA,"Published: 3 Apr, 2024 CET."
"240","EXPLAINED: What's at stake in the European parliamentary elections?","Politics",0,NA,"Published: 29 Mar, 2024 CET."
"241","Vast Vienna wastewater heat pumps showcase EU climate drive","Environment",0,NA,"Published: 27 Mar, 2024 CET."
"242","Germany issues entry ban to Austrian far-right activist Sellner","far-right",0,NA,"Published: 19 Mar, 2024 CET."
"243","EU to ease rules around the 'single permit' for non-EU workers","Work permits",0,NA,"Published: 18 Mar, 2024 CET."
"244","ANALYSIS: Why the far right in Europe still faces hurdles in quest for power","Politics",0,NA,"Published: 14 Mar, 2024 CET."
"245","'Prepare for 3C rise': Europe warned it must do more to deal with climate crisis","Climate crisis",0,NA,"Published: 13 Mar, 2024 CET."
"246","COMPARE: Where in Europe now has the lowest birth rate?","European Union",1,"No statistics as usual for UK. Some former Yugoslav countries also have no statistics. Cannot be just an EU survey as Turkey is included.","Published: 10 Mar, 2024 CET."
"247","EU faces tide of disinformation as vote looms","European Union",0,NA,"Published: 10 Mar, 2024 CET."
"248","'Huge setback for non-EU workers': Plan to make it easier to move around Europe fails","Immigration",0,NA,"Published: 8 Mar, 2024 CET."
"249","Tinder to explain why some EU users have to pay more for the app","dating",0,NA,"Published: 8 Mar, 2024 CET."
"250","EU sees 'troubling surge' in sexually transmitted diseases","Health",0,NA,"Published: 7 Mar, 2024 CET."
"251","Why Google searches in Europe no longer show maps","Tech",1,"Just another example of bureaucratic overreach. The sole result will be increased consumer inconvenience.","Published: 7 Mar, 2024 CET."
"252","How Americans in Europe can vote in the US primary elections","Politics",0,NA,"Published: 15 Jan, 2024 CET."
"253","EU lawmakers slam brakes on plan for medical exams for all drivers","Driving",1,"In 1957, aged 18, I had to take a reaction test for my Canadian drivers licence in Vancouver. This was in a small cabinet with three foot pedals and a set of traffic lights controlled by a tester. If you delayed hitting the brake pedal on a sporadic red light, you failed the test. This tested concentration and observation as well as reaction,  key parts of one's state of health and essential for driving.","Published: 27 Feb, 2024 CET."
"254","Why are fewer American nationals renouncing their US citizenship?","Americans in Europe",3,"I renounced mine in 2020 and my name has never appeared on the list..  Renounced because I was unable to get a social security number, so could not file taxes (moved away from the US when I was 8 years old) and I did not want to keep having trouble running a bank account. Now I have the certificate of loss of nationality, my bank are fine. But that's one of the reasons it won't just be gazillionaires giving up their citizenship. It's a pain in the butt for us nil-illionaires too! / The way I understand it is that American citizens still get taxed wether they live abroad or not ?
But frankly, 1900 usd difference between now and what’s planned is ridiculously low, 150 usd a month roughly……I thought only gazillionaires were interested in giving up their citizenship. / The numbers are actually higher. It is well known that the lists are incomplete. I personally know several people who renounced their US citizenship within the last 2 years and their names have never appeared in these lists.","Published: 9 Feb, 2024 CET."
"255","Who in Europe is affected by the UK's new Brexit border checks on goods?","Travel News",0,NA,"Published: 1 Feb, 2024 CET."
"256","Travellers to Europe could face '14-hour queues' at UK port of Dover","European Union",0,NA,"Published: 25 Jan, 2024 CET."
"257","'Wake-up call': Far-right parties set to make huge gains in 2024 EU elections","Politics",4,"Thanks for the article. As an American, I am well aware of the consequences of a MEGA movement in EU.  This is a very dangerous trend and will impact not only people yet economics.  Let’s hope that cooler heads prevail.  I for one along with millions of Americans are working to ensure MAGA does not enter the WH. / Finally, they are waking up are they?

I wish they would wake up in the UK as we are heading to become a Muslim country. / What did everyone expect? / Disappointing from local.de, turning itself into another mainstream narrative machine. It's not far-right parties rising, it's opposite of all stupid / not-listening to people/common man/farmer policies which are getting traction and all those parties that cater to non main stream narrative will and continue to get the big push. Remember what Anna Baerbock said last year - she doesn't care about her citizens or finance minister no budget for farmers but billions for war.","Published: 24 Jan, 2024 CET."
"258","EU to begin talks with farming leaders after wave of farmers' protests around Europe","Politics",0,NA,"Published: 23 Jan, 2024 CET."
"259","UK opens voter registration for Brits in Europe as 15-year rule finally ends","Brits in Europe",0,NA,"Published: 15 Jan, 2024 CET."
"260","Elections to borders: 7 big changes in the EU that will impact you this year","European Union",0,NA,"Published: 15 Jan, 2024 CET."
"261","In Numbers: Hundreds of Britons across Europe given orders to leave","European Union",0,NA,"Published: 10 Jan, 2024 CET."
"262","Forecast: Austria braces for extreme cold and heavy snow","Weather",0,NA,"Published: 3 Jan, 2024 CET."
"263","The big changes for train travel across Europe in 2024","Travel News",1,"Very cool.","Published: 8 Nov, 2023 CET."
"264","EU's new migrant deal is an 'historic failure', charities warn","European Union",2,"The EU and the UK cannot cope with the level of illegal immigrants trying to get to Europe and the UK by sea.
The  irony is - some would probably qualify as legal immigrants if they applied by the legal process.
The people who are complaining about rights etc are correct in saying the real problem with the system is the time it takes to process the applications. The UK has the same problem. / Destroy the boats at port before they take migrants and save their life in a human way. Stop the slave/ human trade and the criminal enterprise that feed on it.","Published: 21 Dec, 2023 CET."
"265","EES: EU's new border control system 'to start in October 2024'","Travel News",0,NA,"Published: 19 Dec, 2023 CET."
"266","9 things you need to know about the EU's freedom of movement","European Union",0,NA,"Published: 17 Dec, 2023 CET."
"267","'No more last minute bookings': Airlines alarmed over EU's new EES border system","Travel News",0,NA,"Published: 14 Dec, 2023 CET."
"268","EU to resettle 61,000 refugees across Europe over next two years","European Union",0,NA,"Published: 14 Dec, 2023 CET."
"269","Which parts of Austria have the highest crime rates?","Crime",0,NA,"Published: 8 Nov, 2023 CET."
"270","How long are Austria's famous Christmas markets open this year?","Christmas",0,NA,"Published: 6 Nov, 2023 CET."
"271","Where are Austria's best train stations?","Travel News",0,NA,"Published: 7 Dec, 2023 CET."
"272","ANALYSIS: Why do so many Austrians reject the European Union?","Politics",0,NA,"Published: 7 Dec, 2023 CET."
"273","EU reveals plan to boost passenger rights in Europe","European Union",0,NA,"Published: 5 Dec, 2023 CET."
"274","Why few companies in Europe are hiring workers from abroad despite shortages","Jobs",0,NA,"Published: 4 Dec, 2023 CET."
"275","Five huge brands you (probably) didn't know were Austrian","Austria explained",0,NA,"Published: 4 Dec, 2023 CET."
"276","Vienna Christmas markets: The dates and locations for 2023","Christmas",0,NA,"Published: 14 Nov, 2023 CET."
"277","European cities demand new rules to fine foreign drivers over low-emission zones","Driving",0,NA,"Published: 25 Nov, 2023 CET."
"278","EU governments settle on rules for how non-EU citizens could move around Europe","Residency permits",3,"The article states in brackets that the rules are different for Brits covered by the withdrawal agreement. Can we have information on that too? Thank you. / Hi, This link has the information on rules for Brits covered by the Withdrawal Agreement : https://www.thelocal.com/20210318/how-long-can-brits-stay-in-the-uk-without-losing-their-eu-residency / How does this affect those of us in Denmark looking to secure our place in the EU? Does this mean we can apply to live in the EU after 5 years first, and apply for Danish Citizenship after 8-10 after? / Is this article unfinished? Reading it couple of times and cannot find connection between headline and text. What has EU agreed on about movement for long term residence permit holders inside EU?","Published: 25 Nov, 2023 CET."
"279","Austrians warned as country remains dependent on Russia for gas supplies","Energy",0,NA,"Published: 20 Nov, 2023 CET."
"280","COMPARE: Which country in Europe is the easiest to retire to?","Residency permits",1,"I think the ""Kathleen Poole"" case is a sobering example of how retirement can go wrong for an expat residing in Europe.","Published: 19 Nov, 2023 CET."
"281","REVEALED: The new scheme to help non-EU nationals find jobs in Europe","European Union",1,"When is the EU talent pool coming in action","Published: 15 Nov, 2023 CET."
"282","Five Austrian cultural quirks that are surprising to Germans","Austria explained",0,NA,"Published: 28 Aug, 2023 CET."
"283","Austria to compensate gay people convicted under discriminatory laws","discrimination",0,NA,"Published: 13 Nov, 2023 CET."
"284","Germany or Austria: Where's the best place for foreigners to buy property?","Property",0,NA,"Published: 12 Sep, 2023 CET."
"285","'We all win': Which countries could join an expanded EU and when?","Politics",0,NA,"Published: 9 Nov, 2023 CET."
"286","Austrian property prices continue steady decline throughout 2023","Property",0,NA,"Published: 8 Nov, 2023 CET."
"287","What's the reason for Austria's recent border clamp down?","Politics",0,NA,"Published: 6 Nov, 2023 CET."
"288","Why did Austria vote against a Gaza ceasefire?","Politics",0,NA,"Published: 30 Oct, 2023 CET."
"289","'Votes for life': Brits in Europe given boost as new rules finally published","Brits in Europe",0,NA,"Published: 27 Oct, 2023 CET."
"290","EXPLAINED: How Austria will expand train services in new timetable","Travel News",0,NA,"Published: 25 Oct, 2023 CET."
"291","Is Vienna really a boring city to live in for foreigners?","Vienna",0,NA,"Published: 24 Oct, 2023 CET."
"292","Do people really mistakenly fly to Austria instead of Australia?","Travel News",0,NA,"Published: 16 Oct, 2023 CET."
"293","EU confirms timeline for rollout of EES and ETIAS border systems","Travel News",1,"What if you have Italian citizenship but no residency but also no passport (yet)? Can you still enter the EU with the ID card? And will there still be a queue for EU citizens travelling with an ID card (and a UK passport)) ?","Published: 20 Oct, 2023 CET."
"294","What does Austria's raised terror alert mean for the public?","Terrorism",0,NA,"Published: 19 Oct, 2023 CET."
"295","Why more and more Americans in Europe are renouncing their US citizenship","Americans in Europe",0,NA,"Published: 18 Oct, 2023 CET."
"296","COMPARED: What salary do you need to get a work permit in different European countries?","Immigration",0,NA,"Published: 18 Oct, 2023 CET."
"297","Austrian inflation slows to six percent in September","Cost of living",0,NA,"Published: 18 Oct, 2023 CET."
"298","What you need to know about teaching English in Austria","Working in Austria",0,NA,"Published: 9 Oct, 2023 CET."
"299","What's the latest on the rollout of the EU's new ETIAS and EES travel rules?","Travel News",0,NA,"Published: 6 Oct, 2023 CET."
"300","Americans in Europe: US finally moves to cut $2,350 fee for renouncing citizenship","Americans in France",2,"As of today, May 25, 2024, the Renunciation cost still hasn't been reduced.  The Local should do a follow up on why Biden is taking so long. / Coming from the US, I can say that there shouldn't be a fee at all. The majority of this process could be automated if the US government would hurry up and join the 21st century in terms of technology in government.","Published: 2 Oct, 2023 CET."
"301","What falling house prices in Austria mean for buyers and sellers","Property",0,NA,"Published: 2 Oct, 2023 CET."
"302","Austria rail operator ÖBB unveils new night trains","Travel News",0,NA,"Published: 1 Oct, 2023 CET."
"303","European countries smash September temperature records","Climate crisis",0,NA,"Published: 30 Sep, 2023 CET."
"304","Fuel prices spike in Austria amid stubbornly high inflation","Cost of living",0,NA,"Published: 19 Sep, 2023 CET."
"305","'To completely integrate in Austrian life you need German, but it takes time'","Reader insights",0,NA,"Published: 19 Sep, 2023 CET."
"306","Brexit: EU issues guidance after Britons 'wrongfully held' at Schengen borders","Brexit",0,NA,"Published: 10 Sep, 2023 CET."
"307","Kipferl: Explaining the Austrian roots of the French croissant","Food and Drink",0,NA,"Published: 7 Sep, 2023 CET."
"308","OPINION: A winter energy crunch in Europe looks a distinct possibility","Politics",0,NA,"Published: 6 Sep, 2023 CET."
"309","KEY POINTS: What we know so far about Austria's planned rent cap","Money",0,NA,"Published: 5 Sep, 2023 CET."
"310","EU judges reject bid to impose visas on American tourists","European Union",0,NA,"Published: 5 Sep, 2023 CET."
"311","Austria to pay out second 'klimabonus' payments from Tuesday","Cost of living",0,NA,"Published: 5 Sep, 2023 CET."
"312","Klimabonus: When will people in Austria receive autumn cost of living payouts?","Cost of living",0,NA,"Published: 30 Aug, 2023 CET."
"313","Do certain parts of Austria simply have too many tourists now?","Tourism",1,"I’ve been to Hallstatt many times. We’ve never stayed the night there. Too hard to find a place. We usually stay in Obertraun. Cheaper and better access to Dachstein. I’m not sure these hamlets would have any economy without tourists.","Published: 29 Aug, 2023 CET."
"314","Climate crisis: '90 percent' of Europe's ski resorts face critical snow shortages","skiing",2,"The snow conditions and depths were superb in many ski areas of Karnten last season. I find it very hard to believe all this climate change nonsense. / Meanwhile, it's snowing in  Sestriere!","Published: 30 Aug, 2023 CET."
"315","Why are fewer people getting Austrian citizenship in 2023?","Austrian citizenship",0,NA,"Published: 23 Aug, 2023 CET."
"316","Is Diet Coke really banned in Europe?","Food and Drink",4,"Cherry Coke is awesome. Vanilla Coke is an atrocity. I was disappointed to learn aspartame is primarily used in Europe as I prefer sucralose as studies have shown it to be a better sugar substitute than aspartame. / You couldn’t make it up!! It has long been said that Americans don’t believe human life exists west of San Francisco or east of Long Island and this just about proves it! How dumb do they get? / I learned years ago that Nescafé manufactured 40+ versions, each one attempting to match the coffee available locally. This was why, when I lived in South America, I loved Brazilian Nescafé but detested the US variety. At that time, coffee in Brazil was far superior to US coffee. / I hope your branding of Cherry Coke as an ""atrocity"" applies only to the canned or bottled version. Actual cherry Coke, which is older than I am (and I'm 79) and is created by adding cherry syrup to Coke at the fountain (yes, this requires a ""soda jerk"" working at a ""soda fountain"" or ""luncheonette""). It was no atrocity; it was nearly the only way I, as a child, found Coke drinkable!","Published: 22 Aug, 2023 CET."
"317","Vienna tightens rules for Airbnb rentals","Property",0,NA,"Published: 22 Aug, 2023 CET."
"318","'Austrians only': Outrage after restaurant refuses to serve foreigners","discrimination",0,NA,"Published: 21 Aug, 2023 CET."
"319","Austrian ex-chancellor Sebastian Kurz to go on trial for false testimony","Politics",0,NA,"Published: 18 Aug, 2023 CET."
"320","Cost of living: When will prices in Austria go down?","Cost of living",0,NA,"Published: 6 Jul, 2023 CET."
"321","Jobs, study or retirement: Why Brits move to the EU and where they go","Brexit",0,NA,"Published: 14 Aug, 2023 CET."
"322","How many WWII bombs are still in Austria?","World War Two",0,NA,"Published: 11 Aug, 2023 CET."
"323","How much does it cost to post items within Austria and abroad?","Living in Austria",0,NA,"Published: 10 Aug, 2023 CET."
"324","Why is Austria so set on making cash payments a constitutional right?","Politics",0,NA,"Published: 8 Aug, 2023 CET."
"325","The story of how half of Austria drove on the left and half on the right - for 20 years","Austria explained",0,NA,"Published: 31 Aug, 2021 CET."
"326","How the UK's delayed Brexit checks on fresh food from EU could affect you","Travel News",3,"Another cock up from the Brexit Team - There was absolutely NO benefit in leaving the EU, but I am sure someone is making a tidy profit out of everyone else’s misery. / There obviously IS benefit to EU membership - the Single Market - which the UK government opted to leave, in a hard brexit, so it can hardly expect to keep the benefits of it. Johnson explicitly proposed ‘cakeism’ for the UK (eat your cake/cheese and keep it). The EU was never going to give it to him, and didn’t. IMHO All these problems are due to the disingenuous Leave campaign and then the UK government opting for a hard brexit, that few voted for. Recent polls of UK opinion show considerable ‘buyers regret’ in those who voted Leave. / This is not a ‘hard brexit’ by any stretch of the imagination. The unfortunate thing is that this a typical Politicians mess.
We have ended up with the worst of both worlds, still paying for the EU and without the ‘Benefits’ of membership.
I voted to leave, but to me, Leave meant Leave totally, and not this Halfway house. It was pie in the sky to imagine that the EU would wave us a fond farewell. Their aim is to protect the Eurocrats self interest at all cost and that is expansionism at any cost.
The regret we feel is that we have been sold down the river by our Political rulers which was inevitable once our High Court decided that our democratic vote should be further scrutinised by the House of Parliament / It's a shame . The EU was offered full mutual recognition for these food products but refused as they're desperately trying to demonstrate there's any benefit to EU membership.","Published: 29 Dec, 2021 CET."
"327","Night trains make a bumpy comeback in Austria","Travel News",0,NA,"Published: 30 Jul, 2023 CET."
"328","On which popular routes in Europe is train travel cheaper than flying?","Travel News",1,"Taking a 1h20m flight from Madrid to Barcelona vs train at 2h40m, only saves 1h10m of travel time, in the long run it saves no time at all, you lose more time with a flight. 
Travel time to & from airport at both ends using public transport or driving (Google Maps) is 30m for Madrid & 30m for Barcelona.  
Arriving at airport for departure 45m-1 h beforehand.
Waiting for luggage on carousel on arrival, 15-30m.
Even with no checked in baggage, the train is still way more efficient time wise.","Published: 25 Jul, 2023 CET."
"329","Don't miss a story: How to make the most of The Local's new app","Tech",0,NA,"Published: 13 Jul, 2023 CET."
"330","Europe could soon face 'nearly 100,000 deaths a year linked to extreme heat'","Climate crisis",0,NA,"Published: 10 Jul, 2023 CET."
"331","EasyJet cancels 1,700 flights around Europe this summer","Travel News",0,NA,"Published: 10 Jul, 2023 CET."
"332","The ten best destinations by direct night train from Austria","Transport",0,NA,"Published: 10 Feb, 2022 CET."
"333","Covid-19 still causing 1,000 deaths a week in Europe, WHO warns","Covid-19",0,NA,"Published: 27 Jun, 2023 CET."
"334","The 7 over-the-counter meds Americans might want to bring with them to Europe","Health",3,"In case you're in need, high-dose melatonin is very easy to find in Italy at farmacias. / HELLOO…..SUDAFED has been prescription in the USA for many years. Not OTC.  Due to the methamphetamine scourge. / Coated baby aspirin (for those with potential heart issues) is not available in Switzerland. Non-coated small-dose aspirin requires a prescription in Switzerland. And of course vitamin pills are MUCH cheaper in the US than in Switzerland - like almost everything else!","Published: 24 Jun, 2023 CET."
"335","REVEALED: The top European countries for overseas property buyers","Property",0,NA,"Published: 23 Jun, 2023 CET."
"336","Europe faces 'intense' extreme heat and drought, new report warns","Climate crisis",0,NA,"Published: 19 Jun, 2023 CET."
"337","Court of Justice confirms loss of EU citizenship for British nationals","Brexit",0,NA,"Published: 15 Jun, 2023 CET."
"338","LATEST: EU agrees to launch digital-only Schengen visa application process","European Union",0,NA,"Published: 10 May, 2022 CET."
"339","LATEST: The transport strikes that will hit passengers in Europe this summer","Travel News",0,NA,"Published: 9 Jun, 2023 CET."
"340","INTERVIEW: Why it must be made easier for non-EU citizens to move around Europe","Immigration",0,NA,"Published: 8 Jun, 2023 CET."
"341","Better since Brexit? How Europeans feel about the EU","European Union",0,NA,"Published: 7 Jun, 2023 CET."
"342","Why the statue of a controversial former Vienna mayor will be tilted","Vienna",0,NA,"Published: 2 Jun, 2023 CET."
"343","How many travellers are turned away at European borders because of 90 day limit?","European Union",0,NA,"Published: 21 May, 2023 CET."
"344","Your key questions answered about the Schengen area's 90-day rule","European Union",1,"... [Trackback]

[...] Read More Infos here: thelocal.com/20230518/your-key-questions-answered-about-the-schengen-areas-90-day-rule/ [...]","Published: 18 May, 2023 CET."
"345","COMPARED: How to get a visa to settle in either Germany or Austria for retirement","retirement",0,NA,"Published: 4 May, 2023 CET."
"346","European paediatricians sound alarm over medicine shortage","Health",0,NA,"Published: 30 Apr, 2023 CET."
"347","Cancellations and compensation: How French strikes affect European flights","Travel News",0,NA,"Published: 26 Apr, 2023 CET."
"348","What is the EU's plan to make freedom of movement easier for non-EU residents?","Residency permits",3,"Will this apply to EEA countries like Norway? / Please make it plain that the terms for permanent residence are different for UK passport holders under the withdrawal agreement as far as absences are concerned. / How does someone who already has ""lived 'legally' in France for at least five years"" apply for this EU long-term resident status? Is there a link to the application that you could share?","Published: 22 Apr, 2023 CET."
"349","'Uncharted territory': Europe faces more deadly droughts and extreme heat","Climate crisis",0,NA,"Published: 20 Apr, 2023 CET."
"350","EU's planned biometric border check system 'delayed again'","Travel News",0,NA,"Published: 19 Apr, 2023 CET."
"351","Why is the population of Europe set to shrink?","Immigration",0,NA,"Published: 16 Apr, 2023 CET."
"352","Non-EU travellers warned about unofficial ETIAS tourist visa websites","European Union",0,NA,"Published: 16 Apr, 2023 CET."
"353","COMPARE: Which is the best country in Europe to get naked in?","Across Europe",0,NA,"Published: 5 Apr, 2023 CET."
"354","REVEALED: How many non-EU citizens are ordered to leave European countries?","Immigration",0,NA,"Published: 5 Apr, 2023 CET."
"355","Reader question: Do I need an international permit to drive in Austria?","Driving",0,NA,"Published: 22 Mar, 2023 CET."
"356","Reader tips: How to reduce your climate impact as an international resident","Reader insights",3,"We definitely need to pay attention to articles like this, the impact of flights & meat consumption on the planet is really underestimated. Our top scientists are urging us to make immediate change in our daily lives. 
Personally, I've been using the app Abillion on my phone to easily find vegetarian/vegan restaurants in any city I find myself in. 
The vegan outreach website is also a brilliant resource to help any transition towards a more climate friendly diet. / While every little helps, big organizations could make a much larger impact. In addition to your personal efforts, find a way to support such an organization in some way, like a donation or a vote. / Until the elephant in the room of population growth is addressed, drying your clothes on the radiator, or even a few electric cars is a waste of time...
Each person born is a lifetime’s consumption, and a child born in a rich country is more so.
Educating women around the world seems to reduce the birth rate, which is what is really needed to reduce emissions and human encroachment on the natural world.
An ageing population is a problem for one generation, but pensions are a luxury only afforded to a few rich countries anyhow.
And do the unborn future generations have a moral right to be born if exponential birth rates will cause poverty, despair and damage to natural diversity?
Anyhow, evolution doesn’t care... if humans destroy themselves, another creature will take over - and my bet is on crows. They seem to survive everywhere! / Thank you. I have been saying this for decades, but it means lots of people must stop having kids, and there don’t seem to be enough who are willing. Even lots of highly educated women choose cognitive dissonance instead. And now the Italian government wants to raise the birth rate! Are they nuts?","Published: 12 Aug, 2021 CET."
"357","EU defence ministers hash out plan for sending more ammunition to Ukraine","Military",0,NA,"Published: 8 Mar, 2023 CET."
"358","Record year for EU countries granting citizenship to foreigners","citizenship",1,"Not surprised that recent figures for France are so low. In my department (11) they take years to progress an application!","Published: 2 Mar, 2023 CET."
"359","Foreign drivers could get simpler way to exchange licence under EU proposal","Driving",3,"Hello Ben, checking also - any updates please? 
Especially reciprocity btwn US & Italy.
Grazie mille. / Curious whether there have been any updates on this since the article was published? / Hi Will look into this for you. In general these proposals take a long time to get through the EU’s normal legislative procedures. / Are there any updates on this proposed initiative? I am certain there are lots of potential drivers with 40+ years driving experience who would love to simply exchange licenses.","Published: 1 Mar, 2023 CET."
"360","ETIAS: EU postpones launch of €7 visa waiver for tourists","EU",0,NA,"Published: 28 Feb, 2023 CET."
"361","How many American citizens are ordered to leave European countries?","European Union",0,NA,"Published: 13 Feb, 2023 CET."
"362","Brexit: Brits in EU feel European and don't want to return home","Brexit",0,NA,"Published: 21 Jan, 2023 CET."
"363","'A game changer': Airlines demand EU explain new border system for non-EU travellers","European Union",1,"What is the plan for NATO forces? We don't use our regular passports to enter and leave and we don't have standard resident cards.","Published: 21 Jan, 2023 CET."
"364","UPDATE: EU postpones launch of EES border entry system once again","European Union",1,"I'm concerned about this as I have found my fingerprints are difficult to recognize.  Don't know why, but I've had to be ""re-fingerprinted"" at the Questura a couple of times.  When getting my FBI report in the USA, my fingerprinting exercise took hours.

This was due to the small, portable readers being unable to confirm my prints time after time after time after time.  Expert staff had to be called in and I stood a good chance of having to forego any business associated with fingerprinting.

This will be - if the equipment isn't top-notch and the operators skilled - a nightmare.  I'm guessing I'm not the only person in the world with prints that are difficult to read.  Hope they allow for odd circumstances similar to mine for identifying entrants into the EU.","Published: 19 Jan, 2023 CET."
"365","Low emission zones: What you need to know if you're driving in Europe","Travel News",0,NA,"Published: 18 Jan, 2023 CET."
"366","Public support in Europe for leaving EU collapses since Brexit, new survey shows","European Union",2,"There is a real sense of European identidy that has come to the surface. The EU members gave been through a lot and the € is holding its own. / The Irish Times are so anti Uk that anything they say has no relevance.They should remember that even today many Irish can go to the UK and work without an issue.
COVID ,Net zero,Immigration and Ukraine have put a spanner in the works on Brexit and to think otherwise is sheer blindness.
The present government has failed also to implement any changes.
People voted against the EU rather than for Brexit.
The Local as always a mix of Left and Wokery.","Published: 12 Jan, 2023 CET."
"367","United States set to reduce fee for renouncing American citizenship","Politics",1,"Filing a tax return and FATCA law also apply to US Green Card holders, not just US citizens.","Published: 9 Jan, 2023 CET."
"368","Record-breaking winter temperatures warm Europe","Climate crisis",0,NA,"Published: 7 Jan, 2023 CET."
"369","REVEALED: More than 2,800 Brits ordered to leave European countries since Brexit","European Union",0,NA,"Published: 4 Jan, 2023 CET."
"370","Is the EU likely to reinstate Covid travel restrictions?","Travel News",0,NA,"Published: 2 Jan, 2023 CET."
"371","IN PICTURES: Europe steps into 2023 after turbulent year","New Year's Eve",0,NA,"Published: 1 Jan, 2023 CET."
"372","'There's not enough gas in the world': Can Europe keep the heating on this winter?","Energy",6,"Lots of Gas in the world. Look to N. America and Venezuela if you want some. They will sell it. / There is a lot of gas. Just need to import / Loads of gas in K a nna da / Canada has loads of gas. / This is a highly misleading article.   There is plenty of gas in the world.  It's just not conveniently available for Europeans on short notice.  

Western Canada has over something like 150 years of current reserves without looking for more.   If they drilled they would almost certainly find more.   This is in British Columbia, Alberta and Saskatchewan.   They also have loads of hydro power in BC so they can export the gas if they want to.  Venezuela has lots of gas.  So does Saudi Arabia. And if course the US of A has loads of gas.   

It's just a case of getting all this to Europe.   Pay up and I'm sure they will gladly start shipping it.  

Or perhaps some should consider moving to Canada for the energy security, cheap gas, and lower costs of heating and electricity. 

We need a better discussion on this important topic than this article offers. / What a manipulative article and a click bait. 
“ Without Russian supplies there is simply not enough gas in the world, analysts say.”
What analysis? Who performed it and where’s the link to the original data?","Published: 29 Dec, 2022 CET."
"373","Europeans less keen to move to North America and UK, survey reveals","European Union",0,NA,"Published: 28 Dec, 2022 CET."
"374","UK warns arrivals from Europe to 'expect delays' due to border force strike","Travel News",1,"... [Trackback]

[...] Read More here: thelocal.com/20221222/uk-government-warns-arrivals-to-expect-delays-due-to-border-force-strike/ [...]","Published: 22 Dec, 2022 CET."
"375","'European parliament under attack': What we know about the Qatar bribery claims","European Union",1,"I actually think this case demonstrates the robustness of the oversight over the European Parliament and its members.  The investigation has highlighted the corruption and criminal charges and due process are now kicking in.  This is really a fine example to set for many a country where the corruption is known but no consequences have followed...","Published: 12 Dec, 2022 CET."
"376","Austrian Airlines announces seven new destinations for summer 2023","Travel News",0,NA,"Published: 9 Nov, 2022 CET."
"377","Europe's temperatures rising more than twice global average, UN warns","Climate crisis",0,NA,"Published: 2 Nov, 2022 CET."
"378","Visas to qualifications: How foreign residents in Europe can get help with paperwork problems","European Union",0,NA,"Published: 14 Oct, 2022 CET."
"379","Europe set for unusually warm winter but faces cold blast in December","Weather",0,NA,"Published: 13 Oct, 2022 CET."
"380","Austria challenges EU 'green' nuclear label in court","Environment",0,NA,"Published: 8 Oct, 2022 CET."
"381","UPDATED: The best websites for cross-Europe train travel","Train travel",1,"Commercial travel websites  show what their sponsors wants them to show, and they are also designed from the ground up for air travel.  German Rail bahn.com allows you to choose all details of your trip, you can choose high speed trains or not, regional or even boat and bus. It works for all EU train stations, I even use it for domestic Swedish or France train travel,. France SNCF may be the worse, as it has separate sites for high speed, intercity and regional, and one for each region, totally confusing.","Published: 29 Sep, 2022 CET."
"382","'A great day for consumers in Europe': EU votes for single smartphone charger","Tech",0,NA,"Published: 4 Oct, 2022 CET."
"383","How European countries are spending billions on easing energy crisis","Energy",1,"... [Trackback]

[...] Informations on that Topic: apiwp.thelocal.com/20220922/how-european-countries-are-spending-billions-on-avoiding-energy-crisis/ [...]","Published: 22 Sep, 2022 CET."
"384","7 ways to talk about money in German","German language",0,NA,"Published: 15 Sep, 2022 CET."
"385","10 ways EU countries aim to cut energy bills and avoid blackouts this winter","Energy",1,"Why Sweden extended incentives for the purchase of electric vehicles and not to purchase E85 vehicles? Electric cars consumption is much more than air con or public pools or shops light...","Published: 15 Sep, 2022 CET."
"386","Non-EU family members of EU citizens can obtain long-term residence, court rules","Residency permits",1,"So does this mean that an Article 50 card holder who is married to an EU National could acquire EU long-term residence status IN ADDITION to their Withdrawal Agreement rights in order to gain free movement in the EU and hence live and work in different EU countries?","Published: 9 Sep, 2022 CET."
"387","'By a substantial margin': How summer 2022 was Europe's hottest on record","Climate crisis",0,NA,"Published: 8 Sep, 2022 CET."
"388","'Iron weathercock': Europe reacts to Liz Truss becoming new British PM","Politics",0,NA,"Published: 5 Sep, 2022 CET."
"389","Euro falls to 20-year low against US dollar","Money",0,NA,"Published: 5 Sep, 2022 CET."
"390","Passports: What are the post-Brexit rules for dual-nationals travelling in Europe?","Travel News",8,"The Local continually gives good advice to dual nationals holding the UK passport. But what about the rest of us???  I would like you to address the dual citizen carrying the US and the Italian/EU passport. We count too. / I hold both Canadian and British passports. What's to stop me entering the Schengen zone with my UK passport and staying the maximum 90 days? At that point, I leave Schengen for a day and re-enter with my Canadian passport. Can I then stay another 90 days? / I agree with Steven above - many countries require that you enter the country of your nationality on that passport. For example Canadians CANNOT enter Canada on anything other than a Canadian passport. But when travelling back to Ireland, I need to use my Irish passport meaning that, as far as Canada know, I am still there, drifting around without a job or home. / Those with an Irish passport just need to carry that one:  the benefits of an EU citizen entering France and unrestricted UK access due to the Common Travel Area. / It’s a no brainier really and the journalist from the FT should simmer down.

It’s obvious that they must go by the passport presented.  I think reasonable to ask why you didn’t use your UK passport.

My partner is dual German/British.

By ferry from Caen to Portsmouth.

UK at checkin (booking on UK)
German at French control.
UK at Portsmouth 

Dual nationals are so lucky, take all your passports :-) / As a dual EU/UK national I’d understood best practice is now to use  the EU passport when entering and leaving the EU and the Uk passport when entering and leaving the Uk. A pain to carry both but allows a quicker passage, ensures the systems in each country register who’s coming and going and avoids issues with visas etc. Usually no problems doing this, but recently at Eurostar terminal where the UK and French controls are next to each other a member of staff tried to stop me doing this. Said I had to leave the Uk and enter EU with the same passport. Another then stepped in and said it was fine… so it seems clarification would indeed be helpful! / If you have a Swedish and UK passport, leave Sweden with your Swedish passport and enter Britain with your UK one. On return, leave Britain with your UK passport and enter Sweden with your Swedish. Simple. And if you travel to elsewhere in Europe, use your Swedish passport, unless you love queuing! / You mentioned above that ""The first thing to be aware of is there are no specific rules on travelling with more than one passport. Travellers can choose to use whichever passport they prefer when going to a country.""

However, many countries require you to enter with the passport of that country if you are a citizen of that country.

E.g. from this official US government site: https://travel.state.gov/content/travel/en/legal/travel-legal-considerations/Advice-about-Possible-Loss-of-US-Nationality-Dual-Nationality/Dual-Nationality.html

""U.S. nationals, including dual nationals, must use a U.S. passport to enter and leave the United States."" / Hi Steven, yeah we mention the US rule further down in the article - but this is focusing on travel between the UK and EU for dual UK/EU nationals","Published: 1 Sep, 2022 CET."
"391","COMPARE: Which countries in Europe have the strictest drink-drive limits?","Driving",3,"Oh and Slovenia? / I love how of all kinds of lists Romania and Bulgaria is left out. As they are really not part of the EU. / Germany and Italy seem fine with drinking and driving it seems.","Published: 25 May, 2022 CET."
"392","'A code red': Will Europeans change their habits after climate crisis 'reality check'?","Climate crisis",0,NA,"Published: 1 Sep, 2022 CET."
"393","EU approves new dual-strain Covid vaccines in time for autumn booster campaigns","Covid-19 vaccines",0,NA,"Published: 1 Sep, 2022 CET."
"394","'We are supposed to be borderless': Why train travel in Europe is not up to speed","Train travel",2,"As much as I love train traveling, it will never be a alternative to plane/car in Europe if not the prices are seriously looked into... - E.g. Copenhagen(DK)-Grenoble(FR) is around 350€ - Each way - Per person! - A family of 4 would have to spend 2800€... twentyeighthundredeuros?! - Same or more, as a returnticket (for 4) to Bangkok...
Sorry - Just had to get it out...
EU: DO SOMETHING, PLEASE! ;-)
Ps.: Oh - And don't get me started on how to buy cross-border tickets... ""Sorry, this price is not available"" - ""Sorry, no connection, try to narrow search"" - ""Sorry - You can't book 3 months ahead"" and so and, and so forth... There... I _did_ start... Sorry... By plane?: ""momondo - 5 seconds later you're off"" - Such a shame... / ""One example of this is the ease of travelling between Copenhagen in Denmark and Malmö in Sweden, where trains run every 20 minutes and around the clock."" Oh dear what a bad example. Örusundståg which operates this ""service"" is so unreliable that those who live along the line it runs from Karlskrona to Häessleholm who is travelling to Copenhagen airport either drives or takes a taxi if they want to be sure of cathing their flight. And the last train from Copenhagen airport that goes any further than Kristianstad leaves at 9 p.m.","Published: 31 Aug, 2022 CET."
"395","Energy crisis pushes nuclear comeback in Europe","Energy",0,NA,"Published: 27 Aug, 2022 CET."
"396","European electricity prices soar as tough winter looms","Energy",0,NA,"Published: 27 Aug, 2022 CET."
"397","Europe facing record year for wildfire destruction: EU","Weather",0,NA,"Published: 14 Aug, 2022 CET."
"398","Yes, train travel across Europe is far better than flying - even with kids","Travel News",0,NA,"Published: 11 Aug, 2022 CET."
"399","What are your rights in Europe if your flight is delayed or cancelled?","Travel News",0,NA,"Published: 31 May, 2022 CET."
"400","EU delays passport scan system and €7 travel fee until 2023","Travel News",0,NA,"Published: 5 Aug, 2022 CET."
"401","Air-con, ties and lights: How Europe plans to save energy and get through winter without blackouts","Politics",2,"Hi there, 
Living here in Austria, this came of interest with energy prices doubling already. 
The article states in the Austria section: The aim is to “support the Austrian population to ensure unaffordable energy supply for a certain basic need”, according to a government statement.""

Why would it want to ensure ""unaffordable energy supply""?  I would hope the aim would be to help the people living here actually afford the energy, with reasonable consumption... / Hi!
This is actually a mistake, the aim is to ensure ""affordable energy supply"", not unaffordable. Thanks for pointing it out, the text has been corrected. / I also read your article on using solar panels in Italy, updated May 2022.  But wanted to add:  there are other methods of installing solar that don't involve awkward, unsightly panels on an historic roof.

There is a document, produced with the financial assistance of the EU under the ENPI CBC Mediterranean Sea Basin Programme, entitled, ""Guidelines on Building Integration of Photovoltaic in the Mediterranean Area.""  I found it while reading about the architecture of Florence's Meyer research facility.  As an architect, I am interested in how solar can be adapted to historic buildings without detracting from their aesthetic.

The ""Guidelines"" publication illustrates multiple options for integrating solar into an historic context.  Some solutions are actual tiles (Tesla produces these) that mimic the terra cotta roof tiles of Italy hill towns and cities.  There also is a film one can apply like a sticker.

These would seem preferred installations in many cases, but I could also see using flat panels as one would place a skylight might be an appropriate solution.  That would certainly be better than arcing up an array on unsightly metal framing.

I've often heard that restrictions by design codes/reviews in Italy prevent the use of solar power within historic districts of Italian towns.  But is this really the case?  I can't find the specifics through an online search.  And while it is apparent there are incentives for installing solar, is the energy returned to the grid, or is a battery storage system necessary?  Understandably, the cost to building owners, as well as local availability of the product and installation expertise, are issues.

I know these are more technical pointss than might be needed for The Local.  In any case, I am bringing the ""Guidelnes"" document to your attention, should it be able to inform the discussion about the use of photovoltaic devices on historic buildings.","Published: 3 Aug, 2022 CET."
"402","WHO expects more monkeypox-related deaths in Europe","Health",0,NA,"Published: 30 Jul, 2022 CET."
"403","How Europe's population is changing and what the EU is doing about it","Immigration",0,NA,"Published: 26 Jul, 2022 CET."
"404","WHO warns 'high' risk of monkeypox in Europe as it declares health emergency","Health",0,NA,"Published: 23 Jul, 2022 CET."
"405","Which countries in Europe impose language tests for residency permits?","Residency permits",2,"I wished EU regulations would force some administrations to learn the language of a neighbouring country. Especially when two municipalities of different countries have a border in common. You can see the results of this type of language barriers in eastern Germany. Where whole areas are left empty. 

Language requirements are not always a good thing. Many people believe they will get a better job if they speak the language. But some places, English is all you need to earn far more than the average. And with regular jobs you will earn even less or you could even end up in the same poverty loop the locals do. / As I understand it, language requirements cannot be imposed on residency permits for those covered by the Withdrawal Agreement","Published: 21 Jul, 2022 CET."
"406","REVEALED: Where in Europe have house prices and rent costs increased the most?","Renting",0,NA,"Published: 20 Jul, 2022 CET."
"407","How 2022 compares to Europe's hottest summers","Climate crisis",2,"Climate change is doing this to Europe, Africa and Asia already experience it. / Climate change is impacting us all but while it's bad in Europe now both Africa and Asia get it worse.","Published: 18 Jul, 2022 CET."
"408","Airport chaos in Europe: Airlines cancel 15,000 flights in August","Travel News",0,NA,"Published: 12 Jul, 2022 CET."
"409","'One lie too many' - how Europe's press responded to the fall of Boris Johnson","Politics",0,NA,"Published: 8 Jul, 2022 CET."
"410","EXPLAINED: What are the main obstacles to finding a job when moving to an EU country?","Immigration",0,NA,"Published: 4 Jul, 2022 CET."
"411","EU extends Covid travel certificates until 2023 but what does this mean for travellers?","European Union",1,"Hej, 
A bit confused regarding Covid jabs ! My 3rd dose was on 2021- 12- 16 so my certificate is only valid till 2022-06-29.  Is this third dose the booster that you refer to in the article? or do I need more ?","Published: 29 Jun, 2022 CET."
"412","WHO says European festivals should go ahead despite monkeypox risk","Health",1,"Why would they even consider stopping festivals because of Apepox which affects a tiny minority of the population and is not that long term dangerous anyway?","Published: 25 Jun, 2022 CET."
"413","'Arrive early': Passengers at European airports warned of travel disruption","Travel News",0,NA,"Published: 24 Jun, 2022 CET."
"414","Budget airline passengers in Europe face travel headaches as more strikes called","Travel News",0,NA,"Published: 21 Jun, 2022 CET."
"415","Covid-19: European summer holidays threatened by rise of subvariants","Covid-19 alert",1,"I just recovered from COVID .... I am completely vaccinated with the two doses and 1 booster shot .... I was scheduled for my 2nd booster in July (6 months after my first booster) but that has been canceled .... I have not had my blood tested to see if I now have the COVID antibody ... Am I still eligible for the second booster shot ? Do I have to wait another 6 months before the second booster shot ? Does, having had COVID now preclude me from booster shots ?","Published: 22 Jun, 2022 CET."
"416","Strikes and queues: How airline passengers in Europe face summer travel chaos","Travel News",0,NA,"Published: 13 Jun, 2022 CET."
"417","US to end Covid testing requirement for travellers from Europe","Travel News",0,NA,"Published: 10 Jun, 2022 CET."
"418","Is new court ruling the end for Britons fighting to remain EU citizens?","Brexit",1,"Just FYI, the hyperlink in ""the EU is revising the rules for non-EU citizens living in EU countries on a long-term basis, making it easier to move across borders"" won't show up for me as a subscriber to TheLocal.fr. It says it requires a separate subscription to the Norway version of The Local. It would be lovely if you could fix that.","Published: 9 Jun, 2022 CET."
"419","What you need to know about the EU's plan for a uniform phone charger","Tech",1,"Is this actually news ?","Published: 9 Jun, 2022 CET."
"420","What is the EU's 'single permit' for third-country nationals and can I get one?","Residency permits",0,NA,"Published: 4 Jun, 2022 CET."
"421","How airports across Europe have been hit by travel chaos","Travel News",2,"The Berlin airport is a tragedy. It is still being constructed and is not finished. The security lines are endless and no one cares. It is faster to take a train these days. The security lines take longer than most inter European flights. / I used to do a lot of air travel but not any more. Back in April I took the TGV from Nice to Paris. I still regret taking a flight back to Nice. The EU should study the railway system in China to see what's possible. But the EU Commission is full of empty suits that babble green.","Published: 1 Jun, 2022 CET."
"422","Rapping, breakdancing Ukrainians win Eurovision in musical morale boost","War in Ukraine",1,"... [Trackback]

[...] Read More here: thelocal.com/20220515/rapping-breakdancing-ukrainians-win-eurovision-in-musical-morale-boost/ [...]","Published: 15 May, 2022 CET."
"423","Covid face mask rule on flights in Europe set to be eased","Travel News",4,"I am not covering my face when I go out and increasingly mire and more people are doing the same. / I am now not wearing the mask when going out and increasingly more and more people are not wearing them. / I am just mow not wearing the mask when going out and increasingly more and more people are keeping them off. / Starting to go out without covering my face with a mask and increasingly more and more people are leaving off the mask.","Published: 11 May, 2022 CET."
"424","EXPLAINED: Which Schengen area countries have border controls in place and why?","European Union",0,NA,"Published: 11 May, 2022 CET."
"425","REVEALED: EU plans digital-only Schengen visa application process","Visas",0,NA,"Published: 10 May, 2022 CET."
"426","Half-price Europe train tickets on offer in Interrail flash sale","Travel News",2,"My mistake, you must be an EU resident. / Great deal, though it should be noted you have to be an EU citizen to get the pass and can only use it in your country of residence if you are leaving to another country or returning. Though obviously the latter part is easier to get around by reserving a seat on a leg for a different country and hopping off. / This is not true. You can get an Interrail pass without being an EU citizen. I just used one two weeks ago without having to prove EU citizenship. I just live here on a residence permit.

The only requirement is that you have your travel documents in order depending on your status in Europe.","Published: 6 May, 2022 CET."
"427","How Europe plans to ease long-term residence rules for non-EU nationals","Residency permits",0,NA,"Published: 30 Apr, 2022 CET."
"428","'Mixed feelings': British citizens in Europe finally get right to vote for life","Voting",3,"Don't hold your breath. I just spoke with the Electoral Registration Office in Edinburgh, Scotland. According to the agent there, the law will only come into effect in June 2023. Make a note in your diary for next year. ;-) / ""Unfortunately this comes too late for many Brits abroad to get a say in the thing that has had the biggest impact on their lives – Brexit – but it’s better late than never.""

No it's really not . Brexit is a total unnecessary toxic mess and as a  European resident i would have liked to  have had a say. I have no interest in voting in a country i don't live in. I would prefer to vote in France where the election process has an impact on my life. / A bit too bloody late ?","Published: 27 May, 2021 CET."
"429","Austrian border controls ruled illegal",NA,0,NA,"Published: 27 Apr, 2022 CET."
"430","EXPLAINED: How the climate crisis is hitting Europe hard","Climate crisis",3,"Climate change is impacting us all now in Europe but both Africa and Asia experience worse conditions. / The IPCC issues analyses and interpretations. They generally differ, with the analyses noting that there aren't more extreme events, and those that happen aren't more severe, and the likely increase in temp is below 2C.

The interpretations generally seek to find something the analyses which speak of RCP 8.5, rather than the path we're likely on, which is RCP 4.5. Then presenting the extremely unlikely RCP 8.5 projections as if they were the considered result of the analysis.

That is, they're lying again. / The global run-up in temperature prior to the Maunder Minimum before the industrial revolution, during the middle ages was greater than the current run-up.  Look to sunspots, not CO2.","Published: 22 Apr, 2022 CET."
"431","IN NUMBERS: How many non-EU citizens live in European Union countries?","Residency permits",0,NA,"Published: 19 Apr, 2022 CET."
"432","Why it may get easier for non-EU citizens to move to another European Union country","Residency permits",1,"You mention to work but what about retire?","Published: 9 Apr, 2022 CET."
"433","OPINION: Trains are in fashion so why is rail travel across Europe still so difficult?","Travel News",7,"I love train travel. However cheap air travel can be it has become an absolute nightmare. Stripping on and off half our clothing and jewelry, going through a security queue that can turn into a lesson in Fascism on dime. The lack of service of any kind because the airlines were deregulated a long time and the airline workers got screwed along with us. I used to love flying. No longer. 
So this article really interests me. Yes, it seems obvious that train travel is what many people want now and politically it is being thwarted. Even here in Switzerland we voted to beef up the train system a few years ago and now they have laid off heaps of personnel, the trains run late, cancel with no warning during commute hours, no more travel agents in the big stations, the little stations decommissioned and their website is useless for any info other than a time schedule and buying a ticket. 
This is so sad. I really hope journalists take this subject up and get some momentum and better travel services and night trains, dealing with luggage, making things affordable and dealing with logistics between countries. Trains are the future. / @Trevina L.  is this what you mean by ""Rail Planner""? https://www.eurail.com/en/plan-your-trip/rail-planner-app  Because I googled ""Rail Planner"" and there is nothing called this specifically. Thanks for a link if this one is wrong. Cheers! / I have had great success with Rail Planner. It's very easy to plan a trip to different EU countries on the app. I have a few complaints such as the ambiguouity around bus subsitutions, but it is really quite good, and I would highly recommend it. The tickets may be a bit pricey, I will admit. / It is price that governs. Trains are too expensive. I have been told that flying is cheap because the fuel is virtually untaxed. If that is accurate it is a policy decision that should change. Trains should be cheap, flights more expensive. / EU as an organization is unable to get anything done other than talking. If there was a REAL political will we could get rid of polluting short-haul flights but that will never happen. / I've lived and studied in Germany and been all over Europe by rail.  The worst European train is still far, far better than the best train in the USA. / Yes, I agree, much more should be done here. I used to use take Eurostar to Paris, change stations, and then the sleeper to Chur via Zürich. But these days, as a frequent traveller between London, Zürich and Chur, the complexity of purchasing a rail ticket, plus the cost, make it really impractical. One big improvement would be to the ability to purchase a ticket, in a single transaction, from London to Zürich/Berlin/Milan ... Only the most dedicated (and wealthy) commuter is likely to persevere with the train option, when you can purchase a return flight within a few minutes and for perhaps £150 return.","Published: 8 Apr, 2022 CET."
"434","COMPARE: Which EU countries grant citizenship to the most people?","European Union",0,NA,"Published: 22 Mar, 2022 CET."
"435","Brexit: EU asks border police not to stamp passports of British residents","Travel News",4,"I applied for my post Brexit residency card (carta di soggiorno elettronica) here in Italy over 5 months ago and have heard or received nothing back yet. On a couple of occasions when I have asked border control not to stamp my passport, or struggled to stop them in time, they have got annoyed and said that they would stamp irrespective. / So what is a 'post-Brexit residency card' in, say, Spain? Is it the TIE or NIE? What if one does not wish to be a resident there but needs the 'padron', e.g. to register for local Town Hall services?
Does the 'padron' imply residency? Hopefully not, but a lot of this in EU countries (such as Spain) seems a complete muddle! / This is a useful article! Do you have a link to the Commission's communication?

[Slight correction to the title: WA beneficiaries are not only British] / It would be useful if the article contained a link to the original document","Published: 18 Mar, 2022 CET."
"436","'Tectonic shift': How the Ukraine crisis has changed the EU","European Union",1,"Yes, it will be a huge 'tectonic shift' in europeans wallets, that's for sure because all these political decisions will not affect the ones who made the decisions, it will affect the people so enjoy your 'leaders' decisions. In fact, our dependency on russian energy sources was made years ago by EU bureaucrats/politicians and the decision of phasing out this dependency of russian fuels will lead to what? To an increase of USA/Qatar lng gas dependecy and change who we are dependant and increase even more the energy costs as they're around 40% more expensive than russian gas? Perfect, are you enjoying the inflation rate? Don't worry, support these decisions as you'll enjoy even more the economic crash that is comming","Published: 14 Mar, 2022 CET."
"437","EU eyes more Ukraine arms aid and big Russia sanctions","War in Ukraine",2,"NATO is old school cold war era alliance but an EU alliance could address the security concerns of the bloc inc with neutral countries. / NATO is old school cold war alliance but a new and improved EU army could work at addressing the security concerns of the bloc and even neutral countries could get behind it.","Published: 12 Mar, 2022 CET."
"438","'Shady characters': Will EU countries now put an end to 'golden passport' schemes?","European Union",0,NA,"Published: 10 Mar, 2022 CET."
"439","How you can help Ukrainian media","War in Ukraine",0,NA,"Published: 28 Feb, 2022 CET."
"440","EU warns bloc nations to brace for millions of Ukraine refugees","War in Ukraine",4,"The refugee crises could be worse than the Syrian or Bosnian ones. / The refugee crisis could be as bad as the Syrian or Bosnian ones. / The refugee crisis could be as bad as the Syrian or Bosnian war refugee ones. / Canada should step up and take a few hundred thousand Ukranian refugees. 
Use this opportunity to meet its immigration targets for a couple of years.","Published: 27 Feb, 2022 CET."
"441","OPINION: This is Russia’s war, but we Europeans need to learn fast from our mistakes","War in Ukraine",15,"The lesson of Ukraine for Swedes and Finns is that NATO cannot defend countries that are not part of it -- no matter how egregious the invasion -- or how angry they are about it.

Americans in particular will not support such an action.  That's just the way it is.  They hate being involved in European wars, but they honor their treaties.

So of course Putin would attack Sweden first.    And then Finland.  And no one will be there to help. / Aggressors are also the ones who are approaching your borders or invading countries. US and NATO are doing it all the time. Aggressors are also those who are oppressing the population of a particular nation. Russia's invasion is not more than a reaction.

If you remember how in the 20th century the US reacted to when Russia started arming Cuba (Carrebean Crisis), they didn't like it at all and it almost started a war.
Don't approach Russian borders with threats and don't get reactions. Simple as that. This applies to everyone. Not only Russia. / Apologists for Putin always try to muddy the water by throwing around words like ""imperialism of the West"" without ever defining what they're talking about.  None of that has any relation to reality in the current situation.  Putin invaded an independent sovereign country without ANY provocation.  That is the only reality that matters here.  He must be stopped and punished.
Putin is a murderous criminal.  For all the flaws of Western countries, the principles of democracy are still the overriding rules.  Individuals in a democracy still have the right and ability to change a government they don't like.  They still have the right and ability to kick out corrupt and murderous individuals.  Claiming those rights and taking those actions require energy and commitment.  Unfortunately, too many people have become complacent over recent decades.  Perhaps seeing the real threat in action today will wake more people up.  Democracy takes vigilance and courage and work by EVERY individual. / Mr Savage is correct. Putin and his klepto-gang has started a war. They are the aggressors. The only reason NATO is not intervening with no-fly zone or boots on the ground is because Russia has nukes.  The Baltics and Nordics must be defended. Hitler told the world what his intentions were. The world shrugged until it was too late.  Putin has also told the world what he wants - a Greater Russia.  Sure, he has thrown in some tactical lies. Believe him. Best offence is strong defence. / Nobody has a right to invade a country. I pray for Ukraine and Ukrainian. 

My point being that almost all mainstream media outlet are only critical of Putin's aggression.  Presenting a simple narrative, overlooking events, background negotiation which was underway since months (may be years or decades) are ignored.  And hence most public are only critical of Putin. But there are evidence which shows the hawkish attitude of US and NATO alliance - which is silently ignored. To put it simply - I blame all Putin, Biden, Macron, Olaf and Boris for this war. Ukraine has been sacrificed in this gambit by US by securing a big economic gain for itself. 

My opinion didn't come out correctly above in statement -  ""Putin assertions of Ukraine being of part of Russia is myth"". Putin assertion of Ukraine being part of Russia is his myth (his false belief). / Exactly, Putin won't stop with Ukraine. As difficult as it undoubtedly is Europe and every country who abhors this act of war must make hard decisions to out an end to Putin's march. The pain will be significant for all but not as bad as what the future holds if he is not stopped now.  Future generations will not thank us for being afraid to grasp the nettle now before Russia's march becomes too monstrous to handle. / Thank you for stating this. It is high time for the West to become ""woke"" in the true sense of the word.  I just hope it isn't too late. The West is in the weakest position it has been in since the end of the Cold War, particularly the US. / The other side of the story?

Does it really matter what he said? He has invaded another country. Simple. 

Please explain why Russia or any other country has to right to invade its neighbour. 

Ukraine now, where next? Any country with a border with Ukraine once it is Russian? / War is bad, Putin assertions of Ukraine being of part of Russia is myth. This war will trouble Europe, and mostly because of spineless EU leaders (spl. German and France) who can't stand to world politics against America and can secure ""independent"" good terms with Russia. This article completely ignores the devilish aspect of American (and UK) imperialisms, the every fact NATO is used as war machinery for global dominance post cold-war and collapse of Soviet Bloc. The complexity of ethnic and civil war in these eastern countries have gone thoroughly ignored in this article. Its shouldn't be a secret to a fair reporting political journalists how pro-west government were setup in these countries and cajoled in joining NATO and the intention was not to provide security to these countries but to put insecurity in last bastion of communism - Russia. US has played its gambit to aggravate the situation and very well knew Russia's reaction (NYT CNN Guardian announcing for last one month the imminent Russia attack) and things are happening. Nord2 has been sacrificed, interest of US companies secured. Sadly, Ukraine and its people has been scarified in the international politics. Europe will pay the bill of energy, damage and refugee. / Very misleading article and completely ignoring the other side of the story. Putin never said that the Ukrainian land was stolen from Russia. / This a dangerous time for Europe and calls for unity to stop this juggernaut trampling on states to regain its so called past glory. / Very well said, and spot on. / A perfect summary - depressing and very worrying. / Excellent editorial comment. Widening the perspective to include the persistent miscalculation of Western governments in response to Putin's enmity. If murders by Russian agents of UK citizens on UK soil with chemical weapons was not enough to demonstrate the lengths that Putin will go to, the deliberate strategic focus on causing deep discontent in the Westerns Social order through a campaign of a toxic information warfare should certainly have been. Instead the West sat by and responded with weak and ineffectual sanctions against a mere handful of Putin's cronies. The West backed away from Syria having fought the wrong war in Iraq and in doing so emboldened Putin's confidence as well as allowing him to sharpen the teeth of his newly modernised military.  The West had all the signals of Putin's intent for over 20 years and decided to profit from a revitalised Russia instead of containing his Imperial ambitions.  Putin has been at war with the West or a decade only he's the only one throwing and landing all the punches. / I don't want to power my home with Russian 'blood gas', my conscious deplores that. It's time to move forwards towards more sustainable energies and independence.  What would prevent Putin from turning off the gas supplies to Europe at any time in the future when he demands even more land and power.  Nothing!  It's time to bite the bullet and the determination to change, even though the 'energy path' forward isn't mapped out 100%, it is something we can change, develop and work on. We must not be Putin's toys, for even more blood on his hands.","Published: 24 Feb, 2022 CET."
"442","Eurovision bans Russia from song contest over invasion of Ukraine","War in Ukraine",0,NA,"Published: 26 Feb, 2022 CET."
"443","INTERVIEW: Brexit has turned Brits in Europe into a cohesive force but problems lie ahead","Brexit",2,"I think a very big thank you is called for to all those who worked so hard and so effectively. Just so that they know. 
Victor peel / The EU only understands what they call leverage . Consequently, so long as they want to see the rights of 6 million EU citizens protected in the UK, they'll be mindful of Brit rights in Europe.","Published: 24 Feb, 2022 CET."
"444","'I fear my family will be killed': Ukrainians across Europe react to Russia's invasion","War in Ukraine",2,"Lighting up Brandenburg Gate is about as helpful as soccer players taking the knee.  Germany should worry less about lights and more about implementing actual meaningful sanctions.  Of course that would mean hard times for Europe because they get oil from Russia, but it would be a sanction that might actually have an effect on Putin.  Sadly we live in an age where virtue signaling, which doesn't really cost anybody anything, has replaced actual sacrifice in the interest of what is good and right. / Really sad","Published: 24 Feb, 2022 CET."
"445","How Americans in Europe are struggling to renounce US citizenship","Across Europe",5,"... [Trackback]

[...] Find More Informations here: thelocal.com/20220211/how-americans-in-europe-are-struggling-to-renounce-us-citizenship/ [...] / That's twice the local has deleted a comment about the silliness of denouncing US citizenship. 
It is a great passport. One of the best. 
Don't denounce. / Anyone who gives up their US citizenship is bonkers.  Nutso. 
It's a huge advantage to have US citizenship.  It opens up work and living opportunities unlike any other.  All you have to do is file your tax papers every year.  If you've been paying taxes in Europe, which are higher, you don't owe US anything. It's just the small matter of filing.  And that is pretty easy. 

Keep it. Don't give it up and be sorry later.  

Jack. / Renounce your US citizenship?  You'd have to be bonkers. 

I've almost landed US citizenship twice in my life.  Both times I was close - but no cigar as they say. 
A Swedish passport is good too, as it opens up the EU.  But there is nothing like a US passport. / Problems with embassies aren't limited to the US.  I'm trying to ACQUIRE Italian citizenship at the Chicago consulate.  I've got all of the paperwork necessary, but appointments are 2 years out and they only add three per day. I've been trying to get an appointment for a year now to no avail.","Published: 11 Feb, 2022 CET."
"446","Brits waiting to return to UK with EU families given boost","Brexit",1,"... [Trackback]

[...] Read More here: thelocal.com/20220211/brits-waiting-to-return-to-uk-with-eu-families-given-boost/ [...]","Published: 11 Feb, 2022 CET."
"447","UK ends Covid test requirements for fully-vaccinated travellers","Travel News",6,"In fact in the UK the number of covid deaths is nearly double that of Germany per million inhabitants. I feel much safer over here. / But then here in Germany I think you have to consider the death rate compared to the UK. 
Find more statistics at  Statista
We have nothing to shout about. / Looks like this text part is from previous regulation version, so should be amended.

""However it is still mandatory to pay a private company for a Day 2 test, which is taken on or before the second day or your stay in the UK. Under current rules the Day 2 test can be an antigen test rather than the more expensive PCR tests, and arrivals do not have to quarantine while awaiting the results."" / This will be scrapped from feb 11th or 12th for all vaccinated people.
Unvaccinated are still required to book day 2 and day 8 tests. And isolation for 10 days. To be shortened to 5 with the purchase of an extra test.and entry into a government scheme. / The new rules don’t come into force until Feb 11 so the article is stating what is currently in force. / The EU has completely ignored how well England and devolved nations have fared whilst removing restrictions. While in Germany could not imagine granting freedoms back to the people. And despite numbers the overloards are adamant its either worse or about to get worse. / Now France needs to follow suit / Funny how these policies aren't getting much serious airtime or debate in the European press","Published: 24 Jan, 2022 CET."
"448","How many Britons in EU acquired post-Brexit residency and how many were refused?","Residency permits",2,"... [Trackback]

[...] Informations on that Topic: thelocal.com/20220128/how-many-britons-in-eu-acquired-post-brexit-residency-and-how-many-were-refused/ [...] / It is also not clear as to whether Austrian figures will reflect Art 50 Angehörige applications from third country national partners/spouses. When I asked the BMI about the potential numbers they were unable to say how many cases they might be.","Published: 28 Jan, 2022 CET."
"449","EU countries agree to simplify travel rules with Covid certificates","Travel News",0,NA,"Published: 26 Jan, 2022 CET."
"450","Why Europe could be headed for pandemic 'endgame'","Covid-19 stats",0,NA,"Published: 24 Jan, 2022 CET."
"451","How long do non-EU citizens have to be present in EU to avoid losing residency status?","Residency permits",2,"Hi,
Has anyone tried going for the higher cost fibre broadband including calls?  I am interested so looked at the list of 101 destinations for unlimited calls.  The United Kingdom (under any name) is not listed but the footnote (2) against Sweden says that you cannot make UK calls to 44870 numbers!  I guess this is a proofing error but does anyone know? / Hi
Could you please explain how the T.I.E works and what it would enable me to do. In the past I had Residencia for 7 years. I own property in England and Spain and would like to know if my T.I.E card could be used just like an EU passport.
Regards
Andrew Wilson","Published: 22 Jan, 2022 CET."
"452","What are the Covid rules in place at ski resorts around Europe this February?","Travel News",0,NA,"Published: 23 Oct, 2021 CET."
"453","UK government to relax Covid testing rules for arrivals from Europe","Travel News",2,"Thanks... the day _after_ I just bought Day 2 tests for a trip in a week's time... / How are Switzerland's testing rules for traveling still justifiable?","Published: 5 Jan, 2022 CET."
"454","How roaming charges will hit travellers between the UK and EU in 2022","Travel News",5,"I'm going to Sweden and Norway for a month later this year (Covid-permitting!) and will probably buy a Swedish pay-as-you-go SIM card for that period - my phone has dual-SIM capability. I could also use WhatsApp or one of the other ""free"" systems. / Can someone explain how the £2 a day charge will be levied?
Is it based purely on presence of the SIM card in the EU?
(If so 30 days x £2=£60 extra)
Is it based only on days when calls made?
(If so 4 days per month x £2=£8 extra)
Is it based on days when calls received?
(If so 10 days per month x £2=£20 extra)
==
The third one is unfair as I get unsolicited (nuisance) calls and most of
them are unanswered. Why should the consumer pay more because a
third party decides to call? Would 1979 Unfair Terms Act apply??

The second one might be considered reasonable as it would be my choice
whether or not to make a call.

The first is exhorbitant. My existing bill is £15 and so this represents an
increase of 400% (from £15 to £75!!).

I need my UK phone with me in order to receive calls from banks etc with
password and identity checks. Should I need to remove the SIM card and
reinsert it just before making a banking transaction??

First priority must be clarity on fee-assessment basis.
Then we can mount a campaign re fairness.

Meanwhile I am letting my old contract with EE carry on beyond its existing
term. Will this avoid charges? If so, for how long? / The solution is simple - if you have an account with a mobile operator who DOES insist on charging an EU surcharge, port your number to another who does not! / Another example of the stupidity of Brexit. In addition to roaming charges I am now unable to stream football and sport via NOW TV when in Spain. Before Brexit I could watch the English Premiership live in Spain, but no more. / Reintroduction of roaming charges provides a strong incentive to make calls on WhatsApp or similar  when one can use Wifi eg in a bar or restaurant, or when there's a free Wifi signal in a city / Or using inclusive 4G data on a French mobile contract","Published: 5 Jan, 2022 CET."
"455","Europe tops 100 million Covid cases","Across Europe",2,"I am not wearing the mask now and increasingly more and more people are not wearing them. / IT'S A COLD OR FLU; GET OVER IT.","Published: 2 Jan, 2022 CET."
"456","EU moves to label nuclear and gas energy as 'green'","Environment",3,"""fossil gas ... can contribute to decarbonisation"" has to be the most absurd sentence I've read in a long time. If it burns fuel that produces CO2, it's not green.

By this logic, coal is good for the environment because burning cow patties is worse. / France and Germany did this. Understandable since they failed to build green infrastructure and now they want to ride this out - as a bridge Technology. Also, it is just about investments. Stakeholders could still only invest in real green technologies. We know they wont, a quick dime i guess. Sweden will also ride out their nuclear power plants but as a country should invest more into regenerative power. Otherwise middle and southern sweden will pay the bill for the energy hungry german industry. Btw 1kwh windrotor is only 2500€, suffices for most baseline consumption. / Typical EU double-speak. Fossil fuels are now labelled transition fuels.","Published: 1 Jan, 2022 CET."
"457","COMPARE: How Europe is ending 2021 with record Covid rates and new restrictions","Covid-19 stats",0,NA,"Published: 31 Dec, 2021 CET."
"458","'Vaccines not enough': European countries urged to act against Omicron variant",NA,2,"The agency called for strengthening and reintroduction of “non-pharmaceutical interventions”, such as mask-wearing, hand hygiene, distance working and prevention of crowds in public spaces.

How about ""get fresh air, don't overwork yourself, take care of yourself, eat and sleep well, surround yourself with good people""? Years after this mess we will be hearing cheers and toasts about how we conquered milionth variant, but noone will care about increased depression, abandonment, lack of purpose and enormous stress people get. I started being grateful that we can experience this global chaos to see how we as society are really divided and cannot communicate. / How about all of the above for your health plus follow scientifically proven measures on preventing the spread of a novel coronavirus that is ravaging vulnerable populations around globe? 
Not everyone can go for a walk or enjoy themselves as you suggest such as the elderly or medically vulnerable, who will be the ultimate victims of this obsessive medical  libertarianism that seems so prevalent here. 

A minor inconvenience in your lifestyle  is a life saving measure for them. 
I’m sure those who died due to lack of appropriate measures in elderly homes at the start of the pandemic in Sweden would have appreciated the opportunity to actually stay alive due to these simple preventative steps. / Pro tip: Nothing will ever be enough / Europe has for some reason decided to kill itself. History will look back with sheer astonishment on why a prosperous free continent decided to just give up, kneel over and die.... 

Greetings from a free state across the pond / It's been 2 years, 4 shots, face muzzles, waiting in line on designated stickers, shutdowns, lockdowns, remote working, more lockdowns, more boosters... it will NEVER be enough until the ""controllers"" get what they want. How is it nobody can see the damn forest for the trees here? It just gets more and more absurd as the days go on, and everyone just lines up to jump off the cliff like good little lemmings. 

My faith in humanity is the lowest its ever been.","Published: 15 Dec, 2021 CET."
"459","UPDATE: What travellers from Europe to UK need to know about new Covid test rules","Covid-19 rules",1,"A good tip for people arriving at London Stansted airport - you can book a PCR test on arrival at the airport and get the result within 24 hours so you won’t have to isolate for too long","Published: 28 Nov, 2021 CET."
"460","Why is German-speaking Europe lagging on Covid vaccines?","Covid-19 vaccines",1,"No ifs. No buts. Mandate the vaccinations.","Published: 24 Nov, 2021 CET."
"461","Omicron variant poses 'high to very high' risk to Europe: EU health agency","Covid-19",0,NA,"Published: 27 Nov, 2021 CET."
"462","EU approves first Covid jab for children aged 5 to 11","Covid-19 vaccines",0,NA,"Published: 25 Nov, 2021 CET."
"463","UPDATE: European countries 'must act urgently' amid worsening Covid outlook","Covid-19",8,"Confused Australia with Austria? / Masks and lockdowns help while they are in effect - what's hard to understand here?
Vaccines help for 6-18 months - what can't you understand here?

In order to avoid healthcare being strained during a wave of COVID, we would need 50-100 times more ICU beds and corresponding staff increases, corresponding increases in the number of hospitals, ventilators, etc, etc. No society on earth can afford this. / tgvdeparis, not true, please deal in facts, not what you read on social media .  This was more disinformation by social media, with claiming children were being removed from communities and being held down to have forced to vaccinations.   The Traditional Owners have expressed concern over this misinformation.  The following comments are from the Traditional Owners in the areas where the allegations have been made.

“People are very hurt by the untrue comments being made in the media and social media about their situation.  People on social media saying that our people are being mistreated need to realise their comments are hurting the very people they claim to care about.”   Wurli-Wurlinjang Health Service.

""It's not happening here. I don't see any military around this community.  This is the first time I heard that when I happened to be watching Tiktok this morning.  There’s no army trucks driving around or removing people or forcing people to get the vaccine.""  Kunwinjku man Andy Garnarrandj, a local council chairperson in Gunbalanya.


""NT Labor Senator Malarndirri McCarthy, a Yanyuwa woman from Borroloola whose family members are among the Territory’s infected, called for a stop to “disappointing” negative messaging."" 
“I've not heard of anything other than people being assisted in the right way.  There is no segregating of people here in a way that hasn't been talked about with all those people involved."" 
Ms McCarthy said the spread of unconfirmed information is creating division in a situation that is ""traumatic enough"" for families who know that COVID is in their communities. 
“They need support in the right way in working together in bringing people together, not dividing them and terrorising them with messages that are just simply untrue,” she said. / That is exactly what we need - misinformation, chaos and overall stress. I love when WHO sends recommendations without providing detailed data. So many people die? What are the age cathegories? Any present diseases? Lifestyle? How much stress due to social limitations invoked during entire 2020? Nothing to show? How about focusing on finding the reason the pandemic started, which country paid for the project, get some details? Oh wait, no, it means dwelving into politics! WHO and politics do not get together, right? 
Where is research focused not only on vaccines? And how can you call a vaccine ""a vaccine"" when it boosts your immunity for a couple of months? I eat vitamine C which also boosts my immunity. Should we use vaccination? Why not. Can I see side effects? They are unknown? Oh how sweet. Should we force people to get vaccination? If we call our country ""democratic"" so probably not, just provide with info about pros and cons of vaccines, show tips about healthy lifestyle, let people socialize, but leave people be and decide for themselves! This is madness! / WHO provides detailed information on their website and to governments.
Finding the origin of the pandemic won't do anything to end the pandemic.
Research also goes into medicines against COVID.
No immunity (natural or from vaccines) lasts forever.
Vitamin C doesn't boost immunity.
Side effects of COVID vaccines are one of the best researched ones in the history of humanity.
We already force people to vaccinate against a multitude of things in childhood and for a good reason.
No lifestyle protects against respiratory diseases unless that lifestyle is living alone in a cave. / ""Covid-19 is the leading cause of death across Europe and Central Asia, the WHO reported, citing figures from the Institute for Health Metrics and Evaluation.""

Where does such misinformation come from? How could the WHO possibly claim such a thing, when the data points to a completely different picture? / This is a widely known things reported by all of countries that experienced COVID waves / lockdowns. Just because you don't like it, doesn't mean it's misinformation. / What the “experts” should say is: “We don’t know!”   No one knows!  This virus obviously is acting much differently than anything that we’ve seen in the past.   Keep wearing masks and avoid unnecessary contact with people.  Have meetings outdoors as much as possible.  If in the winter, online.  There really seems to be no other choice, every-time we lower our guard, the virus makes a comeback! / According to what you said that 'experts' don't know, why wear mask and avoid contact with people indicated by 'experts' if they don't know anything? Experts, go to hell all of you, what a shameful group of useless people that knows nothing after two years and has the ability to mandate others...
And if you think there is no other choice, then follow your indications forever wearing masks everywhere and don't contacting anybody but don’t make others follow your nonsense arguments. / “In recent months many countries have indicated to their populations that COVID-19 no longer represents an emergency threat and have eased measures such as mask wearing and physical distancing in crowded or confined spaces."" If Mask is so efficient, why Sweden is in the lower place of the graphic of cases? / It is really weired that the WHO thinks that pharmaceutical products are the solution instead of living a healthy live.
I guess it would be much more helpful to recommend breathing fresh air, regular exercising and eating healthy food instead of sugar. But of course, this would generate less revenue for many big companies. / https://www.who.int/news-room/fact-sheets/detail/physical-activity","Published: 23 Nov, 2021 CET."
"464","EXPLAINED: Can I leave Austria to go on holiday during the lockdown?","Travel News",0,NA,"Published: 22 Nov, 2021 CET."
"465","Mandatory jabs and restrictions: How Europe is responding to the new wave of Covid","Covid-19",2,"Infection rates continue at a high level in the UK, mainly due to the lack of restrictions and a total reluctance by the government to impose any restrictions  ! / Which is a good thing and what the EU needs to follow. We cannot vaccinate in the EU for ever, so we need a high level of exposure and natural immunity. 

The covid rate despite no restrictions has been flat in England for several months. Proving perhaps that covid passes, masks, testing, etc are in the end counterproductive as they reduce exposure and so weakens the immune systems of the 99% who are not normally  affected to Amy great extent by covid. The 99% in much of the EU fail to provide herd immunity and have their own immunity lowered by reduced social contact. 

The thing that should have been done was to remove all mask restrictions in the summer when infections were low and accept that covid number would rise but herd immunity would kick in. This appears to have happened in the UK ( and some US states) but not it seems the EU, who seem determined in the main, to destroy their chances of getting through this, by being over cautious and demonising whole sectors of their populations for no good reason / What about the UK !!!??? It’s still in “Europe” and your article is headed with the word “Europe”. It’s the second biggest country in Europe : How can you not include it? Many Swedish citizens/residents, like me, have very close connections with the UK and are very interested in the status there. / > [The ""U""K]'s the second biggest country in Europe

Eh?  Not by area:  It's 9th (excluding Russia and Ukraine), Wikipedia ""List of European countries by area"".  As an aside, France is 1st (excluding overseas overseas departments (France) and somewhat similar (""British"")).
The ""U""K might be 2nd by population (but just barely)... excluding Russia and Turkey, it's either 2nd or 3rd, about the same as France (the confusion is the figures include overseas regions (France) but the ""British"" figures are not equivalent), Wikipedia ""List of European countries by population"".

Perhaps more to the point, the ""U""K (actually, just England and Wales (if my memory is correct)) voted to leave the EU, and since then has been trying to tear up the brexit-related treaties.  That (admittedly probable minority) have made it very very clear they want nothing to do with ""Europe"", so why bother with counting them?  Especially at a site written in English; i.e.,for an audience who is obviously capable of checking ""British"" sites (which one should be doing anyways as a double-check).

Of course, this point *is* rather undermined by the article also not including any information on Ireland!  (The English-speaking independent country which actually is part of the EU.)  Plus lacking various other EU/European countries.","Published: 20 Nov, 2021 CET."
"466","Countries across Europe impose curbs to slow new Covid-19 wave","Covid-19",0,NA,"Published: 13 Nov, 2021 CET."
"467","Wristbands, fences and 3G: How will Christmas markets look this year in Austria?","Travel News",0,NA,"Published: 26 Oct, 2021 CET."
"468","Europe could see 500,000 more Covid deaths by early 2022, WHO warns","Covid-19 stats",2,"Point taken. thanks.
But my rant had more to do with scaremongering models that until now have proved themselves to be totally wrong.
Scaring the wit out of people is totally counter productive……..in the end people are sick of it and just want to live normally.
The number of COVID cases is now pretty disconnected from the number of hospitalised cases who for the vast majority are un vaccinated.
Getting vaccinated is a no brainer as far as I am concerned.
It was Sweden but it could have been any other country ……..it showed coolness under pressure and history will show that, all figures balanced …….it will have fared far better than the vast majority.
Melbourne Australia……361 days of lockdown ( 111 + 250 ) …..New Zealand…..the zero COVID proved to be a total ……global failure and the truth is that New Zealand health system was just bare to the bone and unable to even tackle a fraction of this pandemic. / As an Australian living near Melbourne, I can point out that although there has been much opposition to lockdowns, most people supported them. Australia has avoided the worst of COVID-19 and I, for one, support the sort of measures that avoided the worst of the pandemic plagued Europe in 2020. Models are never exact, and no one producing them expects them to be. They are an essential aid to planning. Anger is not. / What a load of tosh !!!!
Could, should, would…….all based on phone mathematical models that proved totally wrong in the end.
This is scare mongering at best. It reminds me doctors in France appearing masked on tv in February forecasting people would die on stretchers in hospital hallways.
Thank God, Macron slammed his fist on the table saying he had enough and refused to lockdown. He was right. Nothing of the forecasted doomsday happened.
The same is happening now, doctors appearing again masked on tv to the bewilderment of their interviewers.
Remember Pr Ferguson in the UK, the very one caught with his pants down…..500 000 deaths in the UK…..no less…..
Do we count the number of flue cases every year ? Nope !! Do we count the number of people flue vaccinated ? Nope !! Does flue kill ? you bet !!!
Here in France the nonsense is again in full thrust……children age 10 have to mask in schools and it irritates me to see Sweden flogging itself about the way it handled the COVID crisis. / Numbers of flu cases, vaccinations and deaths are indeed counted.
Percentage chance of dying from seasonal flu is much less than dying from Covid. 
See for example this article in The Lancet containing data from France.
""Comparison of the characteristics, morbidity, and mortality of COVID-19 and seasonal influenza: a nationwide, population-based retrospective cohort study"" December 2020.
It says, in part, ""89 530 patients with COVID-19 and 45 819 patients with influenza were hospitalised in France during the respective study periods....Patients with COVID-19 were more likely to need intensive care, and the mean length of stay in the ICU for COVID-19 was twice as long (15 days [SD 14] for COVID-19 vs 8 days [9] for influenza; table 2). A quarter of patients with COVID-19 remained in the ICU for more than 3 weeks (table 2). Patients with COVID-19 were more likely to require invasive mechanical ventilation than patients with influenza. If admitted to the ICU, patients with COVID-19 were also more likely to need mechanical ventilation than patients with influenza. In-hospital mortality was higher in patients hospitalised for COVID-19 than patients hospitalised for influenza, with a relative risk of death of 2·9 (95% CI 2·8–3·0). We found a standardised mortality ratio of 2·82. Therefore, the number of observed deaths was considerably higher than what would be expected if the COVID-19 population had the same probability of dying as the influenza population. Mortality was also higher in patients with COVID-19 who were admitted to the ICU, whether they were mechanically ventilated or not. After stratifying patients according to the main comorbidities, the in-hospital mortality for patients with COVID-19 was roughly three-times higher than that of patients with influenza, for all the main comorbidities except pulmonary bacterial coinfection, for which in-hospital mortality was two-times higher for patients with COVID-19 "".","Published: 4 Nov, 2021 CET."
"469","European travellers warned they may have to self-isolate in UK","Travel News",10,"Happened to me last week! Is there any way you guys can keep an eye on this and update the article if they update their rules in the UK? That would be super helpful! / Track and Trace has been a failure and they are just going through the motions.  I plan to travel by train from Provence to Wales in March. The French Govt continues to apply sensible précautions and the majority of French people (at least where I live) continue to répond in a responsible manner.  Most of those on the TGV and Eurostar will have been double jabbed and will be wearing masques. I will not feel unsafe until I alight at St Pancras. I may be inclined  to voluntarily self-isolate on my return to France. There is a far greater risk of me bringing infection back from the UK than carrying it in. / This happened to me. While I was visiting the UK from October from Germany, I got pinged by NHS Track and Trace 2 days before my flight home (presumably they automatically sign you up from details on the UK Passenger Locator form?). I was told that I was ""Legally Mandated"" to self isolate for 10 days BUT ONLY because my double-vaccinated status was not recognized due to being given in Germany (incidentally where my BionTech vaccine was developed). I took absolutely no notice whatsoever (apart from doing 2 negative lateral flow self-tests before leaving), and took my flight as normal. Don't worry, the NHS TnT people are so incompetent, it is very unlikely that they would ever catch anyone, and I was fully prepared to legally challenge this purely political spite. So, will absolutely sign up to the UK petition when available online. Thanks! / I was pinged from the NHS track and trace in August and had to stay in the UK an extra week which caused me problems with my German employer

I have just started a gov.uk petition for this to be reviewed.  Unfortunately it won't be published for a week due to the review process.  But if you can,  please search under https://petition.parliament.uk/petitions?state=open&q=covid for  “Recognise EU COVID Vaccination Certificate for NHS Test and Trace exemption” next week and join the petition. / Hey, do you know if your petition is already online? A search turned up no results on the link! / So ""Track and Trace"" recognises only English (or is it UKGBNI?) vaccinations, presumably including non-Brits  worldwide who have been vaccinated in England (or is it UKGBNI?).   Will ""Track and Trace"" or the person/authority concerned please tell us why. If he/she/it/they won't, why not?
Could it be one of these reasons: 1) England (or is it UKGBNI?) considers itself the only country capable of properly delivering vaccinations?  2) Does England's (or is it UKGBNI's?) choice of vaccines rule out the relevance or efficacy of other vaccines?  3) Is the special treatment viewed as an aide to preventing further spectacular increases in England's (or is it UKGBNI's?) covid count from new cases to deaths?  4) How wide is the contact area for ""Test and Trace"" to feel compelled to act - eg. an aeroplane cabin, a train or chunnel carriage, a cross channel ferry, an airport terminal, a motorway service station - you get my drift? 5) Is this because Morocco has put England (or is it UKGBNI?) on its red list? 6) Was it a misprint in some administrative/governmental memo?
Can someone throw some light on the matter, apart from being bewildered? 
Chris L-W. / Is this actually across the whole UK, or is it true only for England? My daughter lives & was vaccinated in Scotland & she has told me she had to self-isolate when Track & Trace identified her as a contact case.
I know it's hard to keep up with all the details but 'UK' is so often used as a proxy for England when the devolved governments are often following different policies. / My first reaction, as someone who has London reservations for early December, was that this was bullsh*t. But, come to think, if I were notified in France that I'd been in contact with an infected person here, I'd probably be inclined to self-isolate even though I'm vaccinated. Given the much higher likelihood of that happening in the UK, with its much higher infection rate ... well, I've been considering cancelling my trip anyway, and this may cinch it. Tough luck, London hotels and concert halls. / What the actual f**k is this about. Someone explain it to me like I'm 5. / This happened to me at the end of September. There is no need to isolate on arrival if you are fully vaccinated but if you are identified as being in contact with someone (e.g. on the flight to the UK) then you have to isolate until the 10th day after contact. Those vaccinated in the UK don't need to isolate, just non-UK vaccinated. I didn't have to isolate until the 6th day there when I was contacted by the NHS Track and Trace. Schrödinger's Vaccinated. / Bit of a cheek that considering the state of play on Plague Island... / I was contacted by the Track and trace in September, just said I had been vaccinated (I didn't tell them where ) and that was it.","Published: 25 Oct, 2021 CET."
"470","SAS 'fighting for survival' as Nordic airline's shares plunge","Travel News",2,"I was shocked to see our SAS Business Class -- SFO-CPH -- A350 about half full on our round trip flights.

Of course, the full price tickets were about $7500.

Hope SAS survives -- and lowers fares. / 7,500 US not 00 / I was just wondering last week when I was in Copenhagen why SAS doesn't join forces with Icelandair and Finnair and merge into a new company called Nordic Air. Together they may be stronger. / So Bruno and David prefer to see an airline which is going bust but at least they keep their legacy name? It is a commercial necessity to merge with other airlines. All over Europe airlines have merged to survive. / SAS is a proud, historic name. Perhaps, the public should hear Scandinavian Airlines System more than SAS. The airline does appear to have a monopoly on SFO-CPH non stop currently, with the disappearance of Norwegian airlines. Route structure and aircraft type are really critical nowadays. / Because a 3 country airline is a basket case to run !…….let alone a one country airline.
Trust me…..I’m a pilot. 
Then, I can’t imagine the Finns or the Icelanders to see the name of their countries vanish ……Nordic sounds really cheap.
Airlines ……legacy airlines carry a hell of a lot history……a thing people tend to forget and airline employees are very proud of……I know…..I am","Published: 25 Oct, 2021 CET."
"471","Driving in Europe: What are the Covid rules and checks at road borders?","Travel News",0,NA,"Published: 21 Oct, 2021 CET."
"472","UPDATE: US to lift travel ban for vaccinated Europeans on November 8th","Travel News",2,"Sad thing is now it's paradoxically actually easier for Europeans to travel than Americans.  They have the luxury of testing BEFORE they leave home.  If positive, stay home.  We Americans who miss Italy have to risk testing positive while we're overseas which is a luxury only the most priveleged can afford.  Us plebs can't risk having to add on 10 more days in a quarantine room to our trips.   It's actually easier for Americans to get into Europe than get home.  Even while the US is one of the worst countries in the world for Delta many European countries will let us in just showing the CDC card.  If someone can explain how this makes any sense I'd love to hear it.  It's extremely frustrating and also detrimental to the vaccine effort in the US.  Either the vaccines work or they don't but the policy of forcing vaccinated to test before returning home makes it look like they don't. Stupid stupid stupid stupid. / Agreed.  Going to France was easy - I just showed that I was fully vaccinated.  I came back to the US from Paris last week - from a country that is over 85% vaccinated to my own country that isn't even 60% yet, but I had to get a negative test in Paris first.  Crazy. / About time!","Published: 20 Sep, 2021 CET."
"473","EU medicines agency approves Covid-19 booster vaccine for all adults","Covid-19 vaccines",0,NA,"Published: 4 Oct, 2021 CET."
"474","EXPLAINED: What are the rules for travel between Austria and the UK?","Travel News",0,NA,"Published: 27 Sep, 2021 CET."
"475","Will travellers vaccinated with AstraZeneca in Europe be able to enter the US?","Travel News",0,NA,"Published: 21 Sep, 2021 CET."
"476","Austria mulls banning unvaccinated from cafes, restaurants and gyms if ICU situation worsens","Covid-19 Health Pass",0,NA,"Published: 10 Sep, 2021 CET."
"477","Sweden gives green light to vaccinated tourists from some countries","Travel News",0,NA,"Published: 16 Sep, 2021 CET."
"478","Passport stamps: What British residents in the EU need to know when crossing borders","Residency permits",13,"I’ve always said, “please do not stamp my passport as I’m an Italian resident” They usually shrug and wave me through. Today I was asked if I’m an Italian resident and when I said I am,  my passport was stamped anyway! / I have heard of many Italian residents (Brits) coming back from the UK who have had their passport stamped and if they challanged the official about it they got very rude responses.  One was even asked if he wanted a ""stamp on the nose"" / Interesting article, but it would be useful to cover what should happen when travelling from an EU country that’s not your place of residence.  I have German residency, went on holiday to Spain then visited family in the UK before heading back to Germany.  I got an exit stamp from Spain, which I understand may be correct as the no stamp rule I believe may only apply when travelling to/from your EU country of residence. Clarity would be helpful on this.  It’s likely that people will end up with a selection of non sequential entry and exit stamps which could cause issues as time goes on. / Most unpleasant border control lady at Arlanda tried to stamp my passport on exit to London two weeks ago. Had presented my Uppehållstillstånd card at the outset but she was determined to stamp the passport.I had to object very strongly to her and I called on her to check with her colleague in the next booth who immediately corrected her. She then had the temerity to 'warn me' to present my card always (which I had done, DOH!). To top it off she then said...""well its your own fault, you wanted Brexit so that's the problem here"". I think that tells you all you need to know about Swedish authorities attitude to British nationals nowadays. / I was the very last person in the passport queue arriving at Nantes, France, so the official was not under any pressure with queues. I presented both my passport and my 'titre de séjour' card for 10 years. He asked if I lived in the UK or France and I told him (in French) that I live in France. At first, he was going to just return my passport, but NOT my  'titre de séjour' card. When I insisted I had given him my residency card, he checked the desk, found it, gave it to me, but then stamped my passport - what a fiasco. I told him that he shouldn't have stamped my passport because I'd told him I lived in France and given him my card as proof but, of course, it was too late by then. When I checked the stamp(s) when I got home, I saw a stamp for leaving on 22/8/2021 and one returning on 12/9/2021, but no indication of the 90 day limit. / I returned to Denmark last weekend.  I presented my residency card and they still stamped my passport.  I really hope it does not cause me problems when I travel elsewhere in the Schengen area. / Does anyone have any experience of travelling between Italy and the U.K. by car?  This obviously involves a transit through France and as I understand the rules, our Italian residency does not exempt us from the 90/180 day rule when entering France. / Holders of a long-stay visa or residence permit issued by a Schengen state or Monaco may also travel to other Schengen states, without an additional visa, for a stay of up to 90 days in any 180-day period.
(https://en.m.wikipedia.org/wiki/Visa_policy_of_the_Schengen_Area).
This affects people travelling overland between UK and Spain, Italy etc as their ""transit"" time in France
is subject to the 90/180 rule.
Question is: ""How is time in Schengen apart from home state assessed?""
There is no facility for recording entry/exit of home state given lack of border control.
Using example of London/Rome traveller.
Passport is stamped with entry at Calais.
Traveller arrives Rome a couple of days later and and stays at home for eight months.
Then decides to take another trip to UK.
At Calais is identified as potential ""over-stayer"" as entered France and ""never left"".
Proof of Italian residence does not prove that ""overstay"" period was spent there.
HOW would an Italian resident refute prima facie case of being an over-stayer?
Undoubtedly traveller would be allowed to continue to London - but what happens
on getting back to Calais and being identified as a previous ""offender""??
Would this traveller be excluded from Schengen zone and thus have her/his rights
under Withdrawal Agreement disrespected? Would only way back home be by air?
The law is clear - but the logistics of practical determination are not.
How can this issue be resolved without massive detriment to individuals involved? / Good article, but it should more clearly distinguish EU and Schengen.

For example, in this sentence...

""For visitors, the 90-day rule comes into play, meaning that they can no longer spend more than 90 days out of every 180 in the EU and Schengen zone.""

...the reference should be to Schengen, not EU. / Thanks! / My guess is that since EU citizens living in the UK only have digital evidence of their residency, their passports are stamped by UK immigration, and consequently the Continentals feel obliged to do the same. Remember, you're dealing with children. / The ""training"" issue goes on - passport duly stamped at CDG last night entering from the UK despite presenting my ""Titre de sejour"". The reply in French to my request in French not to do this was ""Since Brexit we stamp all English (sic) passports"". My plea about being Scottish (I know, no more of a passport nationality than English) didn't work :( / I also got stamped at GDG on the 31st August - even though I showed my Carte de Sejour and politely explained I was a French resident and that I shouldn't be stamped, I was told 'all foreign passports must be stamped'. Since Brexit I was 'foreign' even though I live in France... At least he didn't refer to me as 'English' - perhaps understanding where Edinburgh is! Further education seems to be required for the Border Force(s) as they still aren't listening or understanding and this could cause real problems for people making frequent journeys in/out of Schengen. / One potential problem with exit stamps is that it might indicate you have been out of the country longer than you have. As I understand it , the 5-year carte de sejour issued under the WA doesn't allow you to leave the country for more than 10 months if you want to change it for permanent residency when it expires. Not really just a 'souvenir' then is it ? The simplest answer would be to train the border staff to do a not particularly difficult job, properly. / Thank you for shining a light on this issue, which has been an ongoing problem for Brits living in Denmark this year. Although some stamping has been taking place in Denmark, it seems that the problems mainly occur when travelling via another EU country and Schiphol has been a stamping hot spot, which our sister group British in The Netherlands have been working hard on over the past few months.

A few points I just want to mention for clarity:
•	Recipients of the Brexit Withdrawal Agreement (WA) shouldn’t be stamped. If you aren’t a recipient of the WA (are a visitor or took up residence after the end of 2020) then your passport should be stamped.
•	Recipients of the WA should not be stamped at any Schengen border, not just when entering or leaving our country of residence
•	You say: ""The problem of wrongly stamped passports seems to have been most common in January and February 2020, immediately after the transition period, so could have been put down to people getting to grips with the new system.” I think you meant January and February 2021. 

Paula from British in Denmark - https://www.facebook.com/groups/britishindenmark / One issue for me is I have lots of Spanish entry/exit stamps as I had been travelling between the UK and Italy via Spain. I'm not sure if it will cause issues in the future. The main reason was because direct flights between the UK and Bologna have been cancelled for most of the year which I solved by flying via Madrid.

When I have flown direct I've had some at passport control stamp the passport even when presented with the residence card, on the other hand the first time I left Italy I didn't get my passport stamped, the officer asked why I had no entry stamp, I said I was resident and this was my first time I left Italy since Brexit and he didn't ask for further proof.

Yesterday was the first time I left the schengen zone by land. On the border between Slovenia and Croatia they didn't even bother opening the passport (in the car everyone else was Italian, so it was my UK passport and 3 UK ID cards). Whether they just assumed it was an Italian passport among the ID cards I don't know. Would they stamp my passport if travelling alone or with other British citizens.","Published: 13 Sep, 2021 CET."
"479","UPDATED: What Austria’s ‘vaccine expiry date’ means for travellers","Travel News",0,NA,"Published: 20 Aug, 2021 CET."
"480","EU recommends tighter restrictions on American tourists as US removed from Covid safe travel list","Travel News",6,"Another important issue that I haven't seen addressed anywhere is the fact that Covid survivors here in Italy don't meet the vaccination requirement of some countries, like Canada. That's because Italy is one of those countries (Switzerland's another) that's decided to only give one vaccine shot to Covid survivors, and Canada requires two shots from everybody,  whether you're a Covid survivor or not. Since we survivors here in Italy are not allowed a second shot (I've asked my doctor for one and he said he couldn't), we're pretty much stuck..! / Well, this surprised absolutely NO ONE and if anything I'm surprised we (US) ever even left the risk list in the first place; if the news that people and some jails here are trying to use anti-parasitic medication to ""treat"" coronavirus, isn't enough cause for concern then I don't know what is. The medication in question is called Ivermectin, and is used to treat parasites like roundworms in livestock, and of course it's not going well for people that use it...

Here's the story from NPR about how some jails are trying to use this for treating coronavirus: https://www.npr.org/2021/09/02/1033586429/anti-parasite-drug-covid-19-ivermectin-washington-county-arkansas 

and a story from CBS on how the CDC (Centers for Disease Control) are in an uphill battle warning people NOT to use this stuff. Prepare your sanity for a lot of stupid in these stories: https://www.cbsnews.com/news/cdc-anti-parasite-drug-ivermectin-treat-prevent-covid-19/ / Sorry about the double post admin/mods...I thought my original comment had been deleted or something. / Why has the US been removed?? ""Because half of the country are a bunch of anti-science/vaxx idiots, who believe that taking vitamins, injecting bleach, or the latest fad: taking anti-parasitic medication meant for livestock, will ""cure"" them of coronavirus."" ""They're also more scared of wearing a mask, than a virus that has killed well over 500,000 people here, and on track to reach a million by the end of the year."" There, I fixed that for you.


In all seriousness though, OF COURSE the US was going to be either banned or put on a risk list, cause the writing was on the wall; it never left in the first place, so literally no one should be surprised at this point, and the money isn't worth another outbreak.


Also, I'm dead serious about people resorting to using livestock medication to try and ""cure"" coronavirus; it's called Ivermectin, and it's typically used to get rid of parasites like roundworms in livestock like cattle, and obviously it's doing more harm than good, but the misinformation has spread so much here, that some prisons are using it as a ""treatment"". Here's some links to the articles in case you don't believe me; I wouldn't blame you since it sounds so insane, and prepare your sanity cause it's about to be tested with stupid that's amped up to 11: https://www.cbsnews.com/news/cdc-anti-parasite-drug-ivermectin-treat-prevent-covid-19/ (the story about Ivermectin) 

and the story on inmates in Arkansas given Ivermection as ""coronavirus treatment"": https://www.npr.org/2021/09/02/1033586429/anti-parasite-drug-covid-19-ivermectin-washington-county-arkansas / Maybe they should lower the speed limit to 50 km/h on the freeways too.  Save thousands of lives. / We two Americans are supposed to fly in four days on SAS from San Francisco to Copenhagen, non-stop, for a three week vacation in Denmark. We are fully Pfizer vaccinated more than fourteen days ago. We cannot get anyone, including SAS and the Danish consulate, to tell us if Denmark will let us into its wonderful country. Are we correct to presume Denmark will? / David, according to the US Embassy & Consulate in the Kingdom of Denmark website ""Effective June 5, the Danish government announced that fully vaccinated travelers from OECD countries – which includes the United States – may travel to Denmark, including for tourism. Travelers from the United States can enter Denmark if you have been vaccinated with a European Medicines Agency (EMA)-approved vaccine and it has been 14 days or longer since your last vaccine shot.  Fully vaccinated travelers from the United States are also exempt from testing and quarantine requirements upon arrival in Denmark. You must present documentation that you are fully vaccinated which includes:  your name, your date of birth, what disease you were vaccinated against, the vaccine name, your vaccination status, and the date of vaccination (both first and second dose if your vaccine had more than one dose). ""


That was last updated August 30 2021, so it's very recent and if you want to read the whole thing, here's the website: https://dk.usembassy.gov/u-s-citizen-services/security-and-travel-information/covid-19-information/

Good luck, and I hope you can still make your trip. Goodness knows we all need one right about now. / Important to know if you are traveling to Italy as a non vaccinated US citizen; you will not be able to dine inside. You will need a Green Pass showing you are fully vaccinated to be able to do so. You will also not be permitted to enter a museum or any other public building. And as of September 1st you will not be allowed to travel on interregional trains or buses. They all require the same Green Pass. So if you do happen to be able to get here, there isn't much you will be able to do. / Heh, so they can ""look but don't touch"" or eat in this case?? Good, cause their (anti-vaxx idiots) money isn't worth another outbreak and preventable deaths; Nine times out of ten they'll just make a scene at the restaurant anyway, complaining about how the food tastes like garbage (all they're used to is sugary and salty junk), and then demand to see the manager to try and get out of paying for it. They make good fodder for YT videos but that's about it, and even then it's not worth it. Good on Italy and other countries that do the same.","Published: 30 Aug, 2021 CET."
"481","Sweden extends non-EU entry ban until October","Travel News",1,"Am I understanding correctly , can I travel from Stansted  via Copenhagen( without staying overnight in Copenhagen )

and then get bus or train to Gothenburg and be allowed in so I can visit my young  granddaughters and my daughter who really needs my support since she split with Swedish partner at the start of Covid March 2020 . 

I have flight booked Sept 9 th to Goteborg , its my 7th attempt and this time it has not been cancelled , so I am going to loose the flight money as I assume I will not be allowed over the border . 

I am double vaccined since March but in England so not recognised in Sweden . Any advice gratefully received . 

I am desperate to go and support my daughter who has no other family there. 

Michelle","Published: 26 Aug, 2021 CET."
"482","Brits with EU partners warned over future problems returning to live in UK","Brexit",8,"Gentlemen, let's please have a civilized discussion here. I have never imagined that this is a place to verbally abuse anyone or call to task anyone's personal opinions. We are all very opinionated people, that is clear. But one thing that is increasingly happening in the world is that we are expressing these opinions without regard to anything other than our own personal needs. Social media has allowed this abnormal process to live and thrive. There are other venues to use to express oneself in a critical way. This, however, is not a place for malice towards anyone. Thank you. / As I understand it, the deadline set for end of March 2022 only applies to those partners who were already in a relationship on Brexit day.  So tough luck to those who find new partners. / I have a friend in this very situation, the family has moved back to the UK while his Dutch wife is staying with friends. He was told 8-12 weeks (I think) but it's looking closer to 8-12 months assuming she isn't rejected. / Agreed with the above comment.  We can not classify all migrants as potential terrorists. But,  my main concern is that uncontrolled immigration can and will likely lead to the rise of right wing fascist groups in those countries that allow this.  One only has to look at the USA and Donald Trump to see where this can go in a country once considered to be the beacon of democracy and I think many of us can agree that it’s not pretty. / Great article, thanks! But think this should read 'now' rather than 'not':  now they have to either move back before March 2022 or face the prospect that moving back in future might not be impossible. / This is appalling, given the unfettered illegal immigration happing in the UK at the moment. 
The UK is happy to accept future terrorists in rubber dinghies, but reject perfectly decent and respectable people just because they happen to be born outside the UK. Yet another example, if one were needed, of the irrational, clueless policy making by Johnson's so called government. / Migrants fleeing war and persecution and then legally gaining asylum are not ""future terrorists in rubber dinghies"". I would rather have 100 of them in my neighbourhood than 1 racist, ignorant troll such as yourself. / I assume this eternal Brexit cruelty also extends to future relationships between single UK citizens living in Europe that don't even exist yet? So, I now have to be careful about the nationality of any new partner I might wish to meet, fall in love with and marry? / Completely inhumane. Yet another example of the benefits from Brexit. / These rules always applied to spouses from third countries when UK was in the EU. Now the EU is just 27 third countries as far as UK immigration is concerned. They are a lot more lenient when it comes to ham sandwiches though.","Published: 24 Aug, 2021 CET."
"483","COMPARED: How Covid vaccination rules for children differ around Europe","Covid-19 vaccines",1,"The expression about the German vaccine advisory board is very euphemistic: ""But it recently did a U-turn after analysing new research.""

Most people in Germany know that this ""new research"" was nothing else than pressure applied by the ruling politicians, who want to buy and use as many vaxx doses as possible, for whatever reason.

One of those politicians is German's minister of health, who has no medical knowledge at all and is a bank clerk by profession. But his ability to buy some new mansion just during the pandemic (while telling the poorest people in Germany that they shouldn't complain), shows that he's at least able to make a good bargain for himself.","Published: 18 Aug, 2021 CET."
"484","UK changes travel rules again to impose quarantine on European arrivals who had mixed vaccine doses","Travel News",14,"does anyone actually know if when visiting the UK from Denmark for 3 nights, Friday to Monday, if we actually need a fit to fly test or will the day 2 results suffice, i was leaving Stanstead airport yesterday morning and their customer service team there,4 of them, could not answer the question. / Months ago I mentioned that this vaccine malarky was just a money making scam. And reading all your messages above, confirms it.
Most people on this site jumped down my throat calling me terrible names - well, I hope you're feeling sorry. / This whole scheme is so costly and so unfair. We have just spent over €1000 on Covid tests for three of us travelling to the UK for a family visit and wedding (third time it had been postponed). The costs are outrageous and clearly aimed at filling the coffers of the private healthcare system (this lining the pockets of many politicians and their chums….).
Our daughter was made to do 2 tests within the first 6 days and we also had a person call round the house to check she was there on the 4th day of her quarantine. All this because the full 14 days had not passed after her second vaccine. Worth noting that at no point during our trip to and from the UK, did anyone ask to see our vaccine certificates/Green Pass.
As for the mixed vaccines rule (which would have applied to her) I have only just read about this - thankfully we are now back home in Italy. However I have also noticed that the tampone costs have increased from €39 to €50 per person! I can imagine there are families who have not been able to reunite this summer because of this prohibitively costly set of hurdles. It’s a poor reflection on the UK government but really not that surprising unfortunately. / How do they know what vaccines you have had? My pass sanitaire says 2 doses and Moderna but my first does was AZ. Is there something in the QR code that says I hvae had one AZ and one Moderna? I was just starting to plan my trip home to see my parents and now i Have no idea when I can go and see them. / I would be interested to know this too. / I called the ""Home Office Self Isolation Hotline""    0800 678 1767    on the UK.GOV website to clarify this rule about the ""One vaccination for Covid recovered"" travellers. On my pass, it says Dose(s) 1 - Vaccine completed and the person on the line responded by saying I don't need to quarantine.

Still haven't book flights and still waiting for CLEAR Verification for this.

The whole thing is a complete mess. / Let's face it, all these rules are setup to stop people travelling.
The sheer complexity (and cost ) of the UK scheme discourages most people to travel. That's the goal from the government's point of view.
Ministers rather be hated (they are anyway) than sitting in the dock for allowing a disease to spread and having done nothing to contain it.
And most importantly, from the government's point of view, this pandemonium will be long forgotten when the next election is called up. / The UK government has obviously introduced this change by the back door as there has been absolutely no publicity about in the UK. The whole thing is underhand but that's no surprise from Boris & cohorts. I live in Scotland but have small property in Italy which I have been unable to visit for nearly two years. The bottom line is none of the UK governments want anyone here to travel anywhere & are masters at antagonizing Europe & us.
Shocking! / Hello, 

Concerning the covid vaccination requirements in France, is it the case that only one jab is required when one recovered from covid? 
I would like to verify this detail ( which I read) as a non-european who would like to travel to France in a few months. Thank you for your comments! / Yes I confirm that rule: 
https://www.ameli.fr/cote-d-or/medecin/actualites/covid-19-qui-est-concerne-par-le-schema-vaccinal-une-seule-dose / It's politics and has nothing to do anymore with 'fighting the virus'. / I was in the UK for two days (10-12 august) and just returned to France. Before my flight, I had to pay for a 2-day test before getting the Amber Passenger Locator Form from the UK government's website. The test I paid for will not be available until October for two reasons. First, it is one of the cheapest as it cost me about £21. The others I saw on the list were at exorbitant prices (£50, £129, £240, £700, et cetera), and I think France had made the right decision to start charging for the PCR test. It will be unfair to let any British (or other travellers) take these tests for free when they are charging foreigners for them. We are not Muttons! UK's 2 or 8 days tests are now in the form of extortion of the highest order. It takes looking at the government accepted providers to see the scale of what seems like fraudulent charges, which translates to what pro-EU like me are predicting that the UK is a mess since Brexit. There are no regulations whatsoever when it comes to the limited prices to charge for these tests. Second, I was only in the Uk for two days, but I still need to book the test to obtain the passenger locator form to get into the UK. In resume, it means I paid for nothing and wasted my 21-pound sterlings.   Another issue is that travelling to the UK at these moments is complete chaos!
I wonder whether UK nationals coming into France had to go through similar worst experiences I encountered. It took us less than 50 minutes from CDG to London Heathrow Terminal 2, but it took us about 2 hours to get out of the airport. The queues (because there were two) consecutively) at the passport checking area where I should say in French, INTERMINABLE!!!. I took photos and videos. There was no social distancing, no gaps, and some people did not properly fit their masks on their faces because they proudly exposed their noses. It was a perfect terrain to catch COVID-19!  Getting through the first queue took us 50 minutes through endless circles.
When we finally got out, I thought it was over. Unfortunately, that little compared to what lay ahead of us. A lady directed us to join the second queue, this time heading towards the e-passport gates. It is sad to say this, but Brexit or no Brexit or Covid or no Covid, I firmly believe the current UK govt is incompetent to lead. I love London so much, but they have turned the city (and country) into a despicable playground. Out of the long list of e-passport gates, only THREE are in service! And these three gates are to serve hundreds of passengers on this queue.
Anyone who travels a lot like me to the UK can relate to what happens when some folks' passports will not go through the e-gates, and they will not budge until someone forces them out of this place. Well, we had lots of these people, and they made our waiting for a living hell.  When I got out of the airport, I met complainers like me and those who feel that we are lucky not to have stayed longer than those who flow in yesterday or the day before because it was worst then. Some said the airport is short of staff because many refused to come back to worst and some had gone back to studying. I do not blame those who prefer to pursue their education rather than stay put at this kind of job in a country heading down the hill as it seems right now. My return flight on the 12 experienced significant delay because, as the pilot told us later, the relationship between France and the UK has not been a good one since Brexit. They had to go through lots of screening before being allowed to take off. Overall, what is clear is that the UK is utilising this COVID-19 situation as a political weapon to frustrate those from the EU, particularly France. It is sad! / UK may be charging more for tests but they did give a vaccine to the World at cost. Sounds like you should give up on international travel for a bit / Two observations. 1. If my understanding is correct, Germany is on the UK’s Green List so no proof of vaccination require, just PCR tests 2 days pre and post arrival. 2 Take a look on your EU Digitale-Zertificate der EU. It’s just got the one QR Code on opening showing you are ‘fully vaccinated’ yes border control can do a bit of scrolling to find the first one but I doubt they will / Thanks Simon but not a working proposition to justify the costs of travel! / Carole
What is the matter with the UK and what scientists are they listening to when they make these ridiculous decisions. A new (27 July) British study confirms that the mix of AZ/Pfizer is one of the best and gives above average protection! Introducing a 10 day quarantine is insane. Or is this yet another way of lining the pockets of the Government due to the high price of the vaccines and having to pay for additional accommodation etc. (that is if you have the time to quarantine!), plus the stress it causes!
Wake up Britain and give the fully vaccinated a chance to travel freely and visit friends and family. Are the UK going to impose the quarantine on Angela Merkel if she travels there! / So, we are heading to Rome from San Fransisco on British Air. We have a 1 hour & 20 minute layover in Terminal 5 at Heathrow...Can someone please tell me....do we still need to pre book and pay for the '2 day test'?
I am getting mixed messages ...

We will be staying in Umbria for 3 months, so we really want to know. We also understand that everything may change for us on August 30.
We travel on Sept 1....

Thanks so much! / If you land and leave from one terminal within hours, then you simply transit, never clear customs and do not enter the UK.
https://www.gov.uk/guidance/coronavirus-covid-19-safer-air-travel-guidance-for-passengers#transiting-through-england / ""The scientific evidence unequivocally shows that boosting with a Pfizer or Moderna vaccine after a single immunisation with the AstraZeneca vaccine induces about 10 times stronger neutralising antibodies than two doses of the AstraZeneca vaccine and is associated with only small increases in transient mild-to-moderate side effects. The European Medicines Agency has said of this heterologous vaccination approach: “There are good scientific grounds to expect this strategy to be safe and effective when applied to vaccination against Covid-19.”
Kingston Mills, professor of experimental immunology and academic director of the Trinity Biomedical Sciences Institute at Trinity College Dublin / The UK rules relate to the first 2 jabs , not the booster jab ( although AZ say no booster jab is needed if both initial jabs were AZ ). / Thanks for the science! 
AZ followed by Moderna here with a sore arm and mild headaches after the Moderna lasting about 4 days - a small price to pay for the protection!
It still saddens me the level of mistrust there is for vaccination in Germany: I know personally 4 elderly (70+), educated, middle-class, otherwise-healthy people who refuse to be jabbed.  I wonder how many of them will be alive in 12 months time? / Does this have to get any more stupid?  Scientific evidence suggests that ""mix and match"" is the best option and now we have, once more, policies that seem to have been dreamed up by the self-serving UK Govt for the sake of some pathetic, populist, political expediency that make no common sense whatsoever.  Well, even more reason to ensure the UK does not enjoy my custom - I give up. / Yup, I give up as well. I’m just sick to the teeth of the bumbling blonde buffoon and his incompressible, incompetent crew of cronies. I never thought the day would come when I was so disgusted with the behaviour of my home country that I would not want to even visit. I’m also astounded by the acceptance of all this by the Brits and as the months go by this whole thing is starting to look more and more like the Government in V for Vendetta! / Agreed. I don't know what ""Scientists"" they are taking advice from, but I put money on the AstraZeneca lot, who are miffed because most people in Europe don't want it! ( I had no choice but AstraZeneca for my first, but grabbed the chance for Moderna for my second!)","Published: 13 Aug, 2021 CET."
"485","How The Local's countries are impacted as July records Earth's hottest month EVER","Environment",0,NA,"Published: 14 Aug, 2021 CET."
"486","Crossing borders: How we drove across Europe by van during the pandemic","Covid-19",5,"Interesting article just ignore the haters. My wife and I, tired of hotel rooms (20 years road warriors) decided to buy a caravan and making our first trip this fall. Looking forward exploring the back roads of Europe. / No thanks at all for spewing pointless and excess emissions into the air, fecking Global Climate Catastrophe deniers. / Just keep on spreading the virus. Just goes to prove how selfish people are and this ""blog"" is  naive to publish this tale. / We've had to make a few cross-border trips across Europe during the pandemic. 

Last year in August we went on the Germany-Denmark-Norway (and back) route. Denmark had border border controls while entering from Germany, but they didn't even look at our passports. In Norway, getting off the ferry we were asked where we were coming from, but that was it. The way back was smooth sailing. There was always a bit of concern in the back of our minds about changing requirements, but overall, it wasn't so bad.

In April and June, we went on the Germany-Austria-Hungary-Romania (and back) route. At that point testing was required everywhere, which we did before each journey. But we weren't stopped or checked at any of the borders for this. Only on the way back, we were stopped in Austria where they glanced at the passports and waived us in. Entering and exiting Romania, which is the Schengen border, was also super fast. Our minds were blown that even during the pandemic, supposedly when borders weren't porus, we could still travel with so much ease.

In July we had to make a trip on the Germany-Austria-Italy (and back) route. This time around there were zero controls. On the way back we did have to slow down at the German border, where there were guards posted, but they weren't stopping anyone. Going to Italy, we were worried about the documentation needed. So I wrote to the border post we would cross at and they suggested carrying vaccination certificates but also said that ""in practice no will bother to check"". It indeed was like that.

Just this past weekend we had to go on the Germany-Belgium-France (and back) route. This trip felt like the pre-pandemic drives. No border controls anywhere. Only the holiday car traffic.

It's been interesting to take a trip across Europe by road during the pandemic. The anxiety for making sure we have all paperwork is always high, but we constantly seem to not need anything. / Are you both vaccinated?","Published: 10 Aug, 2021 CET."
"487","How can you minimise your climate impact as an international resident?","Environment",0,NA,"Published: 11 Aug, 2021 CET."
"488","Planning a road trip across Europe this summer? Here are some things to think about","Covid-19 rules",3,"No mention at all of the absolute inadvisably of spewing emissions into the air. / No mention of the biggest problem right now and i say this having just crossed Europe, TRAFFIC! / No mention of all the new speed cameras in France then but of course the British tourist will get away with it because unless physically stopped the means to fine them has been removed. / Really well I know some people who received their speed fine notices with no problem so any Brit that thinks that they can't get away with it think again.","Published: 9 Aug, 2021 CET."
"489","Britons and other non-EU travellers face €7 fee to enter Europe for visits","European Union",3,"If UK reciprocates, will that mean those arriving from France by dinghy ( without a pre-visa visa ) can be returned ? / This power-hungry European union really is out of control or wanting full control. / All part of the Brexit dividend! / UK voted for ETIAS when it was still in EU. / Sounds like you now need a visa to qualify for visa-free travel. / When the USA started requiring ESTA approvals for the EU, the EU warned that they would reciprocate.  That is ETIAS.  The rest of the world is incidental to this. / Proper visa requires way more documentation and money. / It's to ""identify security, irregular migration or high epidemic risks posed by visa-exempt visitors"".
Funny how ""high epidemic risks"" has now been added in.
The ETIAS tax-raising data-gathering idea has been in existence, long before Covid.  So the excuse du jour, which was formerly ""health and safety"" and then ""security"" and now ""Covid"" for everything, has now  been added in.

So it's a visa.
If you want a visa then make it a visa. / Same as the US then...","Published: 3 Aug, 2021 CET."
"490","UK to allow fully vaccinated travellers from Europe to skip quarantine (but not tests)","Travel News",5,"https://www.gov.uk/guidance/red-amber-and-green-list-rules-for-entering-england

""If you will be in England for less than 10 days
If you’re travelling to England for less than 10 days, you will need to quarantine for the whole of your stay.

You must still book your day 2 and day 8 travel tests, even if you will no longer be in England on the dates of the tests. You only need to take the tests if you’re still in the country on those dates.""

My interpretation is that you'd still need to book a day 2 test even if you only plan to stay for 1 day......but you don't have to take it (?) - stupid. / Have booked flight and puzzled what are the requirements if you are going to the UK for just one night. Ie arrival day is day zero and you are leaving on day one. Am guessing you have to book a day 2 test to get into the country but then ditch it and just return on day one? Although as it implies you can have it anytime post arrival up to day two is one obligated regardless to have a test in the limited window? / So what happens if we want to drive back to visit relatives in the UK from Germany, driving through France to get Eurotunnel?🤷‍♀️ / For anyone who has been in France in the last 10 days... even if you are fully vaccinated. / You currently still have to quarantine but this is likely to change next Wednesday when/if France moves from amber+ to amber / Anyone know if Italy is likely to drop the quarantine for UK on 31/8. Thanks / As an American living in France who hasn't seen my daughter in the UK for a year, I'm just plain angry. I have even been vaccinated with the OXFORD AstraZeneca vaccine, and I still can't travel into the UK without quarantining. Why single out France except for political retribution? As the article states, it is NOT for any health reason, at this point. / Who knows what goes on behind closed doors, USA allowed in but no Canada?","Published: 28 Jul, 2021 CET."
"491","REVEALED: What do Austrians think about foreigners?","Immigration",0,NA,"Published: 13 Jul, 2021 CET."
"492","European health authorities warn of surge in Delta variant infections","Covid-19 stats",0,NA,"Published: 23 Jul, 2021 CET."
"493","UPDATE: What rules do European countries have for travellers from the UK?","Travel News",6,"No mention of Denmark despite this being a paper that covers Denmark / For security reasons we are advised not to do this. / Over the past week we have crossed the German, Swiss, French, and Italian borders in both directions.  Despite having the appropriate documentations we have not been stopped or checked anywhere.  We used main border crossings. / Why so there no info on Denmark?! / I scoured this article to see if it would say anything about Denmark but it didn’t, which surprises me for an English language newspaper in Denmark. / The return of plague island","Published: 28 May, 2021 CET."
"494","British drivers will no longer need an insurance 'green card' to visit Europe, EU rules","Travel News",2,"""British drivers"" and ""drivers from the UK"" are very different, though in this article they are treated as synonymous.

 I, for example, am British, being born in Jersey, but I am not from the UK. / Excellent! One less piece of paper to carry! Fingers crossed those of us injected with AZ India are allowed to travel without quarantine","Published: 2 Jul, 2021 CET."
"495","Covid cases on the rise in Europe once again as WHO warns of Euro 2020 risk","Covid-19 stats",0,NA,"Published: 1 Jul, 2021 CET."
"496","EU Covid certificate: What are the different entry rules in place around Europe?","Travel News",2,"I tried the link to the EU form for my short trip to Italy, but it's not coming up. I live in Germany. Isn't my vaccination certificate enough? / Testing – Anyone travelling to Germany by plane needs to show a negative Covid test, proof of being fully vaccinated, or proof of recovery from Covid before boarding the flight.

According to other sources the above statement taken from this article is a bit misleading.  The way it reads implies that travelers will need BOTH a negative test AND proof of being vaccinated or proof of recovery.  A negative test OR proof of vaccination/recovery is what is currently required.","Published: 1 Jul, 2021 CET."
"497","EXPLAINED: The European countries on UK's 'green' travel lists and what that means","Travel News",3,"So my son and family come to visit us in France for 3 weeks and we do everything together.  Then we travel back to the UK together in 2 cars.  We are all double vaccinated weeks ago.  When we arrive in the UK and arrive at our UK house, his family is British, resident in the UK so they won't quarantine.  We are British but resident in France so we must quarantine.  Can someone please explain the science behind this. / Is anyone actually considering going to the UK for holiday if you have to quarantine for 10 days before your vacation even starts? Even if your vaccinated? I'm for sure not. My British family won't risk coming to visit us either because they can't quarantine upon their return to England? What good is vaccination if they still treat you like you are sick? What good is vaccinated most of the people if you still think they can get sick and die? It's not logical. Who knows when we'll ever see our UK family again. / Does anyone know whether we can use an NHS lateral flow test as the rapid antigenic test for entry into Italy? These are now provided free of charge to all in the UK and we are being actively encouraged to test twice a week so I can’t see why they couldn’t be used. A negative result is evidenced by a text or email from the NHS with one’s name, date of birth and date of test so would seem to fulfil requirements?","Published: 7 May, 2021 CET."
"498","COMPARE: What are the entry rules around Europe for American travellers?","Travel News",6,"Wheat is the rule if you're traveling from Italy to Greece and back to Italy?  Vaccination card used as a pass back into Italy? 
Thanks! / What* is the rule... / ...Americans visiting in Italy. Then to Greece and back to Italy. / Does anyone know what are the requirements for travel from the United States to Poland?

Thank you / Americans can enter Austria if they are residents of the EU. We are stationed in Germany and showed our EU visas and proof of vaccination and had no issues. / Agree with Joe’s comment. Italy updated their policies for travelers from US on 6/19 and again on 6/21. Please update info The Local staff and send accurate info to your subscribers.  Thank you. / This article needs to be updated. Since the end of last week travelers entering Italy from the USA (also from Canada and Japan) are no longer subject to quarantine if they are fully vaccinated or have a pre-flight negative test. The Covid-tested flights are redundant now. (Ministero della Salute, Ordinanza 18 giugno 2021) / Can you tell us the policy for Americans traveling to the Netherlands ? / If you are vaccinated you may travel to the Netherlands and don't need to test or quarantine; however the Netherlands is still in the process of loosening the restrictions put in place under Covid so they are not back to ""normal"" at this point.

https://www.government.nl/topics/coronavirus-covid-19/visiting-the-netherlands-from-abroad/eu-list-of-safe-countries?fbclid=IwAR2rJcJeeXbUOcQeafNrhzrMMb8kbiQGz6xZGDa0N6_dYvUozBA2tuVoPZc","Published: 23 Jun, 2021 CET."
"499","EU and AstraZeneca both claim victory after Covid vaccine judgement","Covid-19 vaccines",3,"While the EU and the US pharma companies are making billions of euros and dollars in profiteering from the pandemic together with their governments in taxes , the UK based AZ is being castigated and sued by the EU for its best efforts to deliver a vaccine at cost  to the world. 
Shame on the EU  for not addressing the greed of their pharma companies and instead targetting AZ and destroying the reputation of its vaccine, a vaccine the world needs because it can afford it. / Agree all of this just confirms the EU,s outrageous arrogance. I thought they wanted AZ banned anyway??? They have done all they can to destroy its reputation. / I quite agree the EU has and still is acting shamelessly  - Kim Jong-un could learn a thing or two from these! / So, the EU wanted 230million doses delivered by the end of September and the Court ordered just 10million. No fine was imposed and the Court determined that the EU had no exclusivity or priority of supply. Difficult to see how VDL can claim this as a win since it turns out that buying vaccines really is like buying meat in a butcher's shop and EU is at the back of the queue.","Published: 19 Jun, 2021 CET."
"500","EU opens door to return of American tourists after adding US to safe list","European Union",0,NA,"Published: 16 Jun, 2021 CET."
"501","COMPARE: What are the Covid test requirements around Europe for child travellers","Travel News",3,"Proof that the EU is a satanic entity. / What about when in airport transit. For example, flying Denmark to France via a flight connection in Germany? / I think Greece has raised the exemption to 6 years.","Published: 14 Jun, 2021 CET."
"502","Europe remains at risk of Autumn Covid resurgence, WHO warns","Covid-19",2,"I read that the protection from the vaccination would last only for 6 months. So how does a vaccination from April to June make sense, when it is known that the Virus is mostly active in late autumn and winter? 
With this in mind: I wonder how 80% can reasonably be achieved for autumn and winter? / That's why they are discussing booster vaccinations..but if the rollout is as slow as the first ones were, another horrible winter. America may have had a lot more deaths, but in the end, they got their shit together. Here however... / Lol does Europe/Germany want this pandemic to actually ever end? Like get it together and vaccinate everyone by the end of this summer so we can have normal lives again. Anyone who chooses not to be vaccinated has to be extra careful, but the rest of us, we need to go on and move on. But come on, another wave? Another lockdown? Another winter like this past year will destroy those of us who struggle with mental health. Make vaccination a priority. Vaccinate everyone everywhere asap. I don't understand why it's so hard here.......","Published: 10 Jun, 2021 CET."
"503","A million Europeans obtain EU Covid health pass ahead of vote","European Union",2,"Malta, too has introduced its vaccination certificate from the 1st of June. / So happy to see Europe is implementing a vaccine passport so tourist destinations can return to some form of normalcy. I live in Orlando, FL USA and I have been vaccinated and given a CDC QR code proof of vaccination. The author of the article mentioned that while up to 70% of Americans have been completely vaccinated or at least have one of two doses and have a QR code, our CDC cards are administered by state governments, not the federal ( national) government. I hope President Biden ( sane , instead of our insane former president) will implement a national vaccine for those citizens that request one. I have friends in Sweden I have not visited in years, and was hoping to visit last summer. Maybe in the fall vaccinated US citizens can visit EU nations an spend our dollars to help industries that rely on tourists to survive. / To share something good, I watch this youtube channel myself: A Voice In The Desert   And recommend to anyone wanting to learn more. 

Please get both doses of the vaccines and use a mask at least till everyone has both doses, preventing covid-19 deaths and damage.","Published: 8 Jun, 2021 CET."
"504","'I'm going crazy': Why international residents in Europe will travel this summer despite Covid","Travel News",5,"... [Trackback]

[...] Read More: thelocal.de/20210603/im-going-crazy-why-international-residents-in-europe-will-travel-this-summer-despite-covid/ [...] / This whole pandemic – and economic despair. That kills 0.1% average age 80. 

Furthermore, the burials and cremations in many Englsh cities were lower in 2020 than in the preceeding 5 years. 

Yes absolutely people should be allowed to see loved ones. Covid is with us, will reamain with us and we will have to learn how to live with it. / I agree with some of the things LMcK says, I can quite understand people wanting to see family though the journalese of "" ... with most aiming to visit their long lost families."" is a bit of emotional rubbish. Most people know a) their families, b) where they are, and c) have been in plenty of comunication. and a year or two though it may be critical in some circumstances is hardly ""Long Lost"".
But I don't think this is the time to be taking holidays, not if that refers to travelling and staying in hotels and mixing with crowds of other people who presumably think the same and are likely therefor to be risky company. The scientists must be tearing their hair out looking at pictures of dumb dumbs lying side by side on the beach or raving in clubs. We in the West may be lucky in the sense that the current availability of vaccines seems to be keeping, or even winning our health back, the pandemic is very far from over. Heaven knows what mutations it will come up with the longer it roars through the world despite health efforts internationally. / Thank you, Nick-Nack. 

I fully support people travelling - who are fully vaccinated - or, God forbid, needing to. 
I just have an issue with the many people who travel - and potentially put others at risk - because they feel they are entitled to a holiday. 

Stay safe, well and wonderful / Correct and I like the term ""dumb dumbs"". / My fully-vaccinated elderly mother flew from the USA to Germany a few weeks back. We haven’t seen each other in years as I am deployed here. She was refused entry and made to stay in a secure police station in the back of the airport overnight. It was truly inhumane. The only good thing that happened was the police let us go in the holding cell with her and hug her. I brought my children as well to see their grandmother. They didn’t have to let us see each other. Lemonade from lemons I suppose. I do hope they open soon so she can try again. I’d love to see her for a few weeks and not in a holding cell. / She and you knew the position before she flew so why whine about the end result? It's people with your attitude that are prolonging this outbreak. / The majority of people do not need to travel...and should facilitate genuine people - in desperate need to see loved ones - travelling.

This whole pandemic - and economic despair - has only been prolonged because of selfish people (with a secure salary, financial means, or benefits) not social distancing, not respecting the rules, not wearing masks (correctly) and TRAVELLING because they believe they are entitled to a holiday.","Published: 3 Jun, 2021 CET."
"505","Britons in Europe face Brexit deadlines with many yet to apply for residency","Brexit",3,"My wife and I been here in Italy for 40 years working for an Italian Company. Paid all taxes, so have full Italian pension and health care. Have had the green residency card as ""tempo indeterminato"" or permanant resident for many years, (over 25years) but now find ourselves having to apply for the bio metric new residency card at the Questura  which we will only give us 5 to 10 years before renewal again. However we understand that Italian citizens in UK signed up for the  pre-settled status will have this for life, even if they return to their home country to live there up to 5 years, and then return to UK.

Doesn't seem fair to us. Can someone explain why the Italian Authorities have gone this route for us / Completely agree with Richard's comments that an extension should be granted for anyone who has applied for residency within the correct timeframe - but not received a decision yet.
Also absolutely agree that those who haven't applied yet shouldn't get such an extension ... because how could they NOT know?
F'sure it was a hassle applying for it here in Italy, but we knew we had to ... so just got on with it... / I completely support an extension for anyone who has applied for permanent residency but not received a decision yet. But for those who have not even applied? There is no way anyone living here could NOT know they have to do this to remain.
Reminds me of a conversation overheard between two fellow Brits while waiting for the B1 test. They were talking about a friend of theirs who was not bothering to do anything to attain either permanent residency or Dual Citizenship. The attitude was ""What are they going to do, throw him out?"" with a disbelieving laugh from both! / As a pensioner who owns his own home, and has been employed, paid taxes, has a Swedish pension, and lived here ""illegally"" for 20 pus years, I wonder if they would turn up , and drag me in chains to put me on a plane back to the UK. I guess not but you can never be certain.","Published: 1 Jun, 2021 CET."
"506","How will the EU's 'Covid passports' work for travellers?","European Union",13,"I had covide, have an email re my positive test result and admonishment notification from my county. Had only a phone consultation with my Dr, presume I'll need to get some sort of documentation from their office. / I had covid, I have copies of the positive test result. Only had a phone consultation with my DR., so I presume I need to get some documentation from them. / I hope to travel to Italy from Canada in August. I will receive my second dose of Moderna in June. Just wondering if it’s realistic to plan a trip there. / I hope to fly to Switzerland the first week in July from the US.  I have been vaccinated and have my CDC card.  I can also access my vaccination status via my on-line hospital record which shows when and where I was vaccinated and with what vaccine.  I am hoping this will be enough.  Am also planning on carrying a letter from my doctor on hospital letterhead attesting to the fact that I have been vaccinated - again, when, where and what. / I am a resident of Spain and have received two doses of the Pfizer vaccine. I have proof on my Spanish  gov. app including a QR code. Will this be recognised in France? / I shall need this information when I travel back from UK to Spain through France at the end of September. / The UK NHS app has now been updated to show the dates, dosage and type of vaccine given although it officially goes LIVE on May 17th.
I would like to know whether/when the Swedish government will be removing the ban on travel from the UK to Sweden. / I want to know this as well. Under the current regulations I cannot enter Sweden even though I own a small house, which I pay tax on and all my family of cousins are Swedish my mother having been born and grown up in Sweden / and what about the enormous number of Brits in Spain stuck in a huge backlog of residence applications . So not “officially “ resident yet with no card as yet . I know people here who have been in the residence application machine for well over 6 months now / AFAIK they should be OK Like Denmark don't be surprised if they extend the period for Application, DK did it well before it even started as they knew 6 months was way too short, DK is pretty efficient, being fully didgital and we can all guess how Spain fares on that front / I was vaccinated in Germany, but at the American hospital in Landstuhl. We were given CDC cards with our names, vaccine, batch, and date. Will this be enough? Also:

There’s another problem. As we’ve said, individual states are creating their own domestic apps. It makes sense to repurpose them to allow for international travel.

If you've brought a phone from the USA, it can't access apps available in the EU because of licensing issues with Apple. I hope a paper version will be allowed and I hope I can get my CDC card translated to a more recognizable and accepted card here in the EU. / There is a way around the 'this app is not avaliable in your country'. Sign out of your apple account, than create a new account stating the country where you want to buy the app from, you get an email to confirm, than go to the new app store and download the app. Sign out and sign into your previous account again. If you want to buy an app than use a gift card as you can not use a credit card from a different country than the shop. Gift cards you can buy online. / I'm a vaccinated American citizen planning to travel to France in July. Any idea what I will need in order to prove I've been vaccinated. The only documentation we were given is a paper card. / How does this not violate the Nuremberg code of 1947? These injections are experimental. / Not exactly. After the trials, they were no longer experimental, but have only been approved for emergency use. Most of the process is paperwork and funding, not testing and data. Remember, there was a SARS vaccine nearly ready to go when that pandemic fizzled out. They just picked up where they left off and that was nearly the same virus. In essence, there have been trials and data of the various COVID vaccines since 2002 and 2006 respectively. / I am non EU, any news on Sinovac getting added to the list of EU approved vaccines? / I have the same question as Sunita, I have EU citizenship and was vaccinated in the US how or what is needed to show the EU to travel openly between the EU. / I live in Paris, but plan to get vaccinated in US since it's available sooner. Is there any information on how French residents will be able to take advantage of the QR code system if they have been vaccinated outside of France or the EU?","Published: 21 May, 2021 CET."
"507","Reader question: If Britons are already resident in one EU country, can they move to another?","Immigration",3,"On 25th of November 23  I will have completed 90 in the 180 day period. Why is it then,that all the Schengen calculators I have used tell me that after November 30th  Ican return for another 47days?  Surely , if we are talking about a “rolling” 180 day period then after five days out I should be entitled to another 5 days in, not 47..  Who can I ask? / If a Brit has residency in France, for example, does that mean the 90 day limit for visiting other EU countries has already been used up ? / Why would you want to leave Asti?  For those who live elsewhere, the church is San Secondo, where (in normal times) I sing in one of the choirs.","Published: 18 Jan, 2021 CET."
"508","Pandemic in Europe won't be over until 70 percent are vaccinated, says WHO","Covid-19",1,"hope people can memorize this claim, im really looking forward to whats going to happen when we reach 70%.","Published: 29 May, 2021 CET."
"509","EU approves use of Pfizer-BioNTech vaccine in children 12 and over in Europe","Covid-19",0,NA,"Published: 29 May, 2021 CET."
"510","What Britons in Europe need to know about the UK government's 'votes for life' pledge","Politics",1,"A bit too bloody late ?","Published: 27 May, 2021 CET."
"511","EU nations agree to open borders to vaccinated travellers from outside bloc","European Union",11,"Personally I would put a halt on travellers coming in from the UK. Whilst the vaccination campaign has been very successful there the spread of the new variant from India and the less talked about but arguably more worrisome one from Brazil due to the UK's unwillingness to control inbound travel makes it a hotspot for the virus and a risk to its neighbouring countries. / Personally I would not recommend visiting the EU anymore.  The businesses are so starved that you're likely to experience very shady pricing practices and the mental health of Europeans has been severly degraded making the continent a very unpleasant place to be. / New studies show the vaccine is effective against both variants and only lowers immunity by about 10% to the Brazil one, but is equally effective against the India variant. No worries. / Hi - I need to travel by car from Spain to France. What are the border restrictions? / https://reopen.europa.eu/en / Anyone has a clue when Norway will open the borders for partners to finally get together with their loved ones? / Super awaiting the answer for this as well! / To me the great issue here is only accepting vaccines approved by the EU and not all vaccines approved by the WHO. I come from South America and most countries here are vaccinated with Sinovac which is chinese but approved by the world health organization. If they don't add these other approved vaccines to the list then Europe will lose a huge portion of tourists and then again they would discriminating greatly. / EU’s own Hungary and Slovenia are using Russian vaccine - so how are they going to deal with that I wonder. / Another thing to add is that for example in my home country we have 85 days till mass country immunity, that is less than half the time needed compared to European countries. Its tourists that need protections from Europeans not the other way around. / Since when does Sweden coerce people into taking experimental vaccines? Didnt they ban that sort of thing at the Nuremberg Trials? My body, my choice yes? Just test the people as they arrive, and charge them 500kr for it soo my tax money doesnt have to pay for it. No Covid=no problem.

As for 'Protecting' people, most people do absolutely nothing to protect themself! Eat and drink what ever they want, dont excerise, dont take suppliments to improve there immune system and now i have to protect them by taking an experiemntal vaccine! no thanks. / The big question is, when will the Italian government recognise there are people living in Italy who are not registered with the health service and therefore unable to have a vaccination? It needs to be a vaccination for all persons living in the country not just for those with the health card. Until they “wake up” to the situation they will never go near eradication of the disease. / US citizens get only a paper CDC card, which is so easily forged that fake cards are currently being sold by scammers.  So which EU country wants to be the first to say they'll accept this as proof of vaccination?  Anyone?  Anyone?  Buehler? / True. I got my first shot yesterday. I'll be ""fully vaccinated"" 6/18. I live in Germany, but I'm an American. My parents would love to come see me. They have been fully vaccinated since February. We do just have the cards. Still, everything has been honor system until now. UK and US citizens should be trusted. I know someone who came from Kenya and simply bought a fake test cert to come into Austria. They were never tested. If Germany (EU) is allowing that, surely the white card with name, vaccine type, batch, and date is good enough. / Since only 20% of EU citizens have been vaccinated, it's really the tourists that need protecting from the locals rather than the other way round - specially those from the US and UK. / Buehler? 😂  Perfect! / We have rescheduled our daughter's wedding for June 15 in Italy. Was supposed to have been in May 2020.
Everyone in our group has been vaccinated, just waiting on pins and needles to see if they will let us in.
Vaccination cards, app or whatever they want, just wish we could hear something somewhat definitive. / All vaccinations approved by WHO should be allowed and not just the 3 that EU has approved. It’s sad to see that even in these times of peril Russia, Eu and China have horns locked over vaccine approvals / The issue here, I'm afraid, is not who the EU will let in but who will want to come. Apart from the fact that ,say in the case of France, Brits would have to book their holidays whilst all the restaurants , bars etc are still closed, it's very unlikely that any EU country - other than maybe Malta - will be on the UK green list. That means two-weeks holiday in France will cost every Brit tourist 2 weeks quarantine when they get back to Britain. That isn't going to happen is it ? I understand the EU wanting to open up but really it's premature and a decision not driven by the data but the economics of not wishing to lose another tourist season. / You aren't wrong,  but my parents want to come see me anyways. We can still see things outdoors and order food for take out. Currently, despite being fully vaccinated since February, my parents have been unable to come visit me in Germany. / This is tremendous news for British who have family resident in Sweden . Everyone in UK over the age of 40 has now received 2 shots of the vaccine , and Covid cases in UK are now close to zero. / That's some rose-tinted glasses you are wearing, ""Billy"".
Yesterday's cases: 1671, two doses given to 22,9% of population (people 40+ are 50% of population).

Much better than Europe, but let's not overstate it.","Published: 19 May, 2021 CET."
"512","Where in Europe are Covid curfews and early closures still in place?","Travel News",0,NA,"Published: 17 May, 2021 CET."
"513","How long can Brits stay in the UK without losing their EU residency?","rights",1,"20.3.2021  Spring Starts!

Hello,

 If living in the EU then I think the best thing is to apply for Dual nationality. This was possible in Germany, but I am unsure if still available. It will certainly save a lot of problems.

What do others think about this? / Germany allows British citizens to keep their citizenship when applying for naturalisation as long as the application was submitted and all relevant requirements (length of residence, language level certificate and the citizenship test) were completed before 31 December 2020 - any applications made after that date would require you to renounce your British citizenship before the German authorities will grant you German citizenship. Germany only allows dual nationality with other EU member states or Switzerland, so as the transition period finished on 31 December 2020 so did this possibility.","Published: 18 Mar, 2021 CET."
"514","EXPLAINED: Why is gun ownership in Austria on the rise?","Police",0,NA,"Published: 7 May, 2021 CET."
"515","EU plans to open borders to vaccinated tourists from outside bloc","Travel News",8,"To me the great issue here is only accepting vaccines approved by the EU and not all vaccines approved by the WHO. I come from South America and most countries here are vaccinated with Sinovac which is chinese but approved by the world health organization. If they don't add these other approved vaccines to the list then Europe will lose a huge portion of tourists and then again they would discriminating greatly. / Another thing to add is that for example in my home country we have 85 days till mass country immunity, that is less than half the time needed compared to European countries. Its tourists that need protections from Europeans not the other way around. / Since when does Sweden coerce people into taking experimental vaccines? Didnt they ban that sort of thing at the Nuremberg Trials? My body, my choice yes? Just test the people as they arrive, and charge them 500kr for it soo my tax money doesnt have to pay for it. No Covid=no problem.

As for 'Protecting' people, most people do absolutely nothing to protect themself! Eat and drink what ever they want, dont excerise, dont take suppliments to improve there immune system and now i have to protect them by taking an experiemntal vaccine! no thanks. / The big question is, when will the Italian government recognise there are people living in Italy who are not registered with the health service and therefore unable to have a vaccination? It needs to be a vaccination for all persons living in the country not just for those with the health card. Until they “wake up” to the situation they will never go near eradication of the disease. / US citizens get only a paper CDC card, which is so easily forged that fake cards are currently being sold by scammers.  So which EU country wants to be the first to say they'll accept this as proof of vaccination?  Anyone?  Anyone?  Buehler? / True. I got my first shot yesterday. I'll be ""fully vaccinated"" 6/18. I live in Germany, but I'm an American. My parents would love to come see me. They have been fully vaccinated since February. We do just have the cards. Still, everything has been honor system until now. UK and US citizens should be trusted. I know someone who came from Kenya and simply bought a fake test cert to come into Austria. They were never tested. If Germany (EU) is allowing that, surely the white card with name, vaccine type, batch, and date is good enough. / Since only 20% of EU citizens have been vaccinated, it's really the tourists that need protecting from the locals rather than the other way round - specially those from the US and UK. / Buehler? 😂  Perfect! / We have rescheduled our daughter's wedding for June 15 in Italy. Was supposed to have been in May 2020.
Everyone in our group has been vaccinated, just waiting on pins and needles to see if they will let us in.
Vaccination cards, app or whatever they want, just wish we could hear something somewhat definitive. / All vaccinations approved by WHO should be allowed and not just the 3 that EU has approved. It’s sad to see that even in these times of peril Russia, Eu and China have horns locked over vaccine approvals / The issue here, I'm afraid, is not who the EU will let in but who will want to come. Apart from the fact that ,say in the case of France, Brits would have to book their holidays whilst all the restaurants , bars etc are still closed, it's very unlikely that any EU country - other than maybe Malta - will be on the UK green list. That means two-weeks holiday in France will cost every Brit tourist 2 weeks quarantine when they get back to Britain. That isn't going to happen is it ? I understand the EU wanting to open up but really it's premature and a decision not driven by the data but the economics of not wishing to lose another tourist season. / You aren't wrong,  but my parents want to come see me anyways. We can still see things outdoors and order food for take out. Currently, despite being fully vaccinated since February, my parents have been unable to come visit me in Germany. / This is tremendous news for British who have family resident in Sweden . Everyone in UK over the age of 40 has now received 2 shots of the vaccine , and Covid cases in UK are now close to zero. / That's some rose-tinted glasses you are wearing, ""Billy"".
Yesterday's cases: 1671, two doses given to 22,9% of population (people 40+ are 50% of population).

Much better than Europe, but let's not overstate it.","Published: 3 May, 2021 CET."
"516","COMPARE: Which countries are leading the race to vaccinate in Europe?","Europe",0,NA,"Published: 2 May, 2021 CET."
"517","How do rules for exchanging UK driving licences compare for Brits around Europe?","Brexit",0,NA,"Published: 28 Apr, 2021 CET."
"518","Could 12 to 15-year-olds in the EU soon be given the Pfizer Covid vaccine?","Covid-19",0,NA,"Published: 30 Apr, 2021 CET."
"519","Vaccinated Americans will be able to travel to Europe this summer, says EU chief","European Union",3,"I have owned a house in Italy for 20 years, but I am not a resident. i  am a retired British resident but have been used to spending at least 5 months a year in Italy at a time of my choosing. My house has been used for tourism being let for holidays in the past.  Can I apply for a visa extension to allow me visits of any duration? 
I do not work in Italy, or have family residents in Italy, and I am too old to be a student. I contribute all local taxes in my commune and i contribute to the local economy. Can I apply for a long stay visa simply as a home owner?
I would appreciate any information. Thank you.
Sally
? / I'm an American hoping to take a long-awaited trip to Geneva/Lausanne and London, in August. For those familiar with how such things tend to go, is it reasonable to expect that Switzerland and the UK will follow in the EU's footsteps and open up to fully-vaccinated tourists from the United States over the Summer? 

Thanks in advance for any input. / I'm British living in Italy and think it's very likely that the UK will open up to American tourists by August. I have my fingers crossed for you! / I pressume it's the other way round as well?","Published: 26 Apr, 2021 CET."
"520","COMPARE: The different strategies used in Europe to vaccinate against Covid-19","Covid-19",4,"I thought it was quite clearly stated at the beginning of the article that the information comes from the various versions of the Local in 9 countries. 
What I don’t understand is the sudden competitiveness of the letter writers wishing to compare the vaccination roll out in these countries to that in the UK. If people think that the UK is doing such a good job and is so much better than what is on offer in the EU countries I assume they are living in, why are they torturing themselves by staying on this side  of the Channel?
What I found interesting in this article is that 1. no matter how countries started out, in the end they all used a combination of large-scale vaccination centres and locally organised gp and pharmacies, and 2. all have vaccinated around 17% of the population at the moment; this is due to the availability of the vaccines, most probably. / Oh. And I thought The Local was written for Brits abroad too. It really did take a genius to put me straight on that. 
And Im still left wondering if any ex-ADAC staff took jobs with The Local. Just foolish frippery, Im sure. / The UK has achieved herd immunity and has a national average new daily cases per 100,000 of less than 30. Life is returning to normal whereas the muppets accountable for the debacle in Germany bicker about curfews and school closures once again. Give me a break. I used to be proud to live in Germany. Now it’s simply embarrassing and not to mention a very poor quality of life. / UK is nowhere near herd immunity unfortunately - that will require at least 70-80% of population to be fully vaccinated. Current low numbers are still mostly due to a lockdown. / Why no comparison with Großbritannien? Who writes this? The ADAC? / Because The Local doesn't cover UK?
I mean, it doesn't take a genius to realise that the list of the countries in this article and the list of the countries The Local has editions for are the same. / No comparison with Britain because UK is doing so well . It''s easier to pretend that UK is irrelevant because it has left EU","Published: 15 Apr, 2021 CET."
"521","European countries face slower vaccination as Johnson & Johnson delays rollout","Covid-19",2,"David I agree with you, I personally think it is unacceptable that very young  people die who would survive covid anyway. I find it very strange those people who died are barely noticed, while the first few dying from covid got covered in the news endlessly. Ofcourse if you see photo's of the women and see their children or families hear what they did in life it becomes 'personal' and especially younger people will refuse the vaccins. If the news covers their stories, one a week, they have now nearly 2 years material! 
The goverments want us to believe it's 'nothing', every medicine has side effects. Well that's true and you choose those when you're sick, here we are injecting healthy people, that's the difference.
Danark is testing aspitation (so you can see if you've hit a vein) before injecting, let hope this will be the answer. To be clear I only wrote what was told, I personally do not want anyone to die from a vaccine, / I haven't heard anything bad about Sputnik V! LOL Why do they do difficult now? We still use astrazeneca after learning a few wil die but those people will save the lives of many others, so well worth. If it's you? well..... so sorry, you're a great person and will be remembered forever.
When are international flights allowed? That's the only question keeping me occupied. / Very utilitarian thinking. You ask ""if it's you?"" but I'm curious if you've asked ""if it's me?""? Would your response still be ""So sorry, I'm a great person and will be remembered forever""?  

The people who die from side effects will not save others. The people who safely take vaccines will save others. In essence, people who die from vaccines are lives lost for no good reason, that could have been avoided. I'm not advocating rejecting astrazeneca/johnson but I also wouldn't be so dismissive of the concerns of people regarding serious side effects either. We only have one life.","Published: 13 Apr, 2021 CET."
"522","How to post packages between Austria and the UK post-Brexit","import",0,NA,"Published: 5 Mar, 2021 CET."
"523","The 10 biggest culture shocks experienced by foreigners in Austria","Culture",0,NA,"Published: 12 Apr, 2021 CET."
"524","Europe's vaccine woes deepen as regulator probes another jab over blood clot concerns","Covid-19",0,NA,"Published: 10 Apr, 2021 CET."
"525","Wind of justice: Austrian man fined for farting on police has sentence reduced on appeal","Police",0,NA,"Published: 9 Apr, 2021 CET."
"526","'Possible link' between AstraZeneca vaccine and rare blood clots, EMA concludes","Health",0,NA,"Published: 7 Apr, 2021 CET."
"527","EU could achieve Covid-19 immunity by mid-July, says vaccine chief","Covid-19 vaccines",5,"... [Trackback]

[...] Read More here: thelocal.com/20210405/eu-could-achieve-covid-19-immunity-by-mid-july-says-vaccine-chief/ [...] / This pandemic has reinforced my belief that politicians and these global organisations are not to be believed FULL STOP. / My guess is that the EU is about 6 months behind the UK rollout. We'll see who is right. / I don't see how more deliveries from AZ to the EU would have made any difference since it was widely publicised at the time that the EU wasn't even using up the deliveries they had received. This is all political double-speak which is pretty shameful in the midst of a lethal pandemic. / Typical French bullshit:

“If we had received 100 percent of the AstraZeneca vaccines we were contractually owed, today the EU would be at the same level as the UK in terms of vaccination,” he said. “I can confirm that this hole is due entirely to AstraZeneca’s delivery failures.”

The EU was simply late, couldn't make a decision, didn't put any effort (or money) into the Oxford vaccine's development as the UK did, then having belatedly put in an order didn't read or understand the contract they signed, again couldn't make a decision to allow the vaccine to be used, then stockpiled what they had (which is probably still the case), then threatened illegally to ban exports and they're still in a mess.

""The EU's population of 450 million could achieve Covid-19 herd immunity by mid-July"" - only in your dreams Mr Breton!

The sclerotic EU administration are useless and the whole debacle is nothing to do with science and everything to do with politics. Pathetic, dangerous and will come back to haunt them. 

That's the truth. / A perfect summary of what has happened. Political posturing by the EU Commission has left them in this dire situation, and rather than take responsibility for their actions they want to blame someone else. I feel very sad for the people that have died from their mistakes.","Published: 5 Apr, 2021 CET."
"528","Europe's slow vaccine rollout is 'prolonging the pandemic' as infections surge","Covid-19",3,"Germany and the EU in general has made a debacle of the vaccination programme. Twelve months ago, the Covid issue was 90% medical and 10% political in its underpinnings. That ratio is now reversed with political posturing and an obsession with bureaucracy  and over-thinking costing many lives and extending the misery of lockdown for millions. / Europe is a joke. Its the laughing stock of the first world. Europe is third world with first world ego. Pathetic!! / WHO claims Europe should send supplies to Poor Countries
WHO complains Europe is not vaccinating fast enough
WHO totally ignores the shortage of actual vaccines available to European Countries.
I really begin to think that this organisation does not have any grip on reality","Published: 1 Apr, 2021 CET."
"529","Austria set to order one million doses of Russia’s Sputnik V Covid vaccine","vaccination",0,NA,"Published: 31 Mar, 2021 CET."
"530","Why some Britons will have to leave EU countries by March 31st","Travel News",9,"Actually English is the global language of business and trade and foreign politics so why don’t learn the language that the world speaks? Like millions of people worldwide, I started learning English despite my native language is also very important in the international context. I took English language courses to distinguish myself in the highly competitive legal market. Fluency in legal English gave me a distinct advantage. The company paid for the training, but I know not all companies pay tuition and half. But these courses are worthwhile, I would take them at my own expense https://www.cambridgelawstudio.co.uk/online-courses/ / The problem has obviously arisen due to Brexit, but even then, it would have been less harsh if the Government had opted for a softer Brexit, and negotiated an arrangement similar to the ones Norway or Switzerland have with the EU. 
At the same time, we would have avoided all the other hassles in going through border control, and the extra costs now involved in sending packages to and from the UK.  But the Government decided it wanted a distant relationship with Europe, so these are all consequences. / Thank you everyone for your comments here - all really useful thanks. / I applied last week for the right to reside in Sweden under the new Residency status for UK nationals. I held off initially because I was attempting to get a person number first and have an application for an S-1 currently being reviewed by HMRC. They just keep telling me “it is being reviewed by the tech team”. I’ve also been told by HMRC staff that they are still reading through the withdrawal agreement to understand how S-1s will be issued, they are understaffed due to the pandemic, and that the office dealing with my application can’t be reached. I am supposed to just keep waiting.

Today I received the letter from Migrationsverket that states they are processing my application and in the meantime I can use the letter to re-enter Sweden should I go abroad ( I daren’t!). My partner who is a student here in Sweden also received this letter about a week after applying for the Residency Status in December and it was about 7 weeks until she received an appointment to visit Migrationsverket and have her photograph taken and fingerprints scanned for her New ID card. She already had a person number and Swedish residents ID card.

I have been living in Sweden since September 2020 and my application for residency is as a family member of a student. Should my application be rejected for whatever reason I guess I’d be expected to leave Sweden immediately as I’d become an ‘over-stayer’. 

My partner and I hoped to stay living in Sweden after her studies finish but my situation feels so precarious I don’t feel confident it will be possible without going down the route of obtaining comprehensive Health insurance in order to get a person number. From what I understand this is somewhere in the region of £3000 per year. £15,000 later I can get permanent residency? What a mess. / Hi, we are Australian citizens in France. Our visas expire today but we can’t get a flight home as yet. I’m trying for June flight as May was cancelled. Will we be penalised for overstaying our visa? / I work in Italy as a teacher and have a work contract that expires on 31st May 2021, would I face any issues returning to UK post 31st May given that my contract is essentially 'expired'? Thank you. / This is just a requirement of residents of NON EU or Schengen member countries- Uk, USA, Australia , NZ and so on. / Hi Mark, My understanding is that the 90 days covers the WHOLE EU and Schengen zone...so it’s 90 days total. You can’t hop around countries for 90 days each. It is also accumulative, so if you came for 60 days to anywhere in the zone and went away, you can only return for another 30 days to the zone in that 180 day period. / So does this mean that an EU resident of one country (not necessarily a national citizen) can stay in another EU country for more than 90 days out of the 180? If so, does this mean that an EU resident will still need to apply for residency if staying in another EU country while a British citizen has no option for staying longer than 90 days and therefore has to leave the EU zone? / Mark, that is the essence of the European Union, where any citizen of any member state can live and work in any other country of the Union. The UK opted out to re-gain their sovereignty, doing so they have lost the aforementioned options. / Hi Mark, yes an EU resident of one country CAN stay in another EU country for as long as she or he likes.  I'm Italian with residency in Italy and stay with my partner in France for more than 90 days at a time if I so wish to.
An EU resident CAN apply for residency if staying in another EU country.  A person should apply for residency if they, for example, want to buy a property, open a bank account, or use a local Doctor, etc. 
Correct, a British citizen is no longer allowed to stay longer than 90 days in the whole of the EU.  For example, 30 days in Spain, 30 days in Italy and 30 days in France, is exactly the same as spending 90 days in Germany. / I live in New Zealand, as a British Citizen I used to be able to visit my parents in France for an unlimited time. Now, the limit is 90/180 days. HOWEVER, before I leave NZ ( and that’s important!) I can now apply for a visa-the ‘long’ visa is for up to a year. There’s a fee of course, an online and Embassy process, interview with paperwork. I’m going through that now. I just keep delaying the interview due to lockdowns. It looks reasonably straightforward. You need to leave enough time for that process before your leave date! The visa is then set with a start and finish date...hence why I’m delaying to ensure the full year. The problem may be distance to your country’s French embassy, I’m 1.5 hrs from the embassy here so not too bad. You will need to show sufficient funds to cover yourself for the duration of your stay and other requirements. Have a look at the French embassy website for your resident country under ‘ visas’. Hope my posts help!","Published: 24 Mar, 2021 CET."
"531","EXPLAINED: How will Austria's compulsory test requirement to go shopping work?","shopping",0,NA,"Published: 26 Mar, 2021 CET."
"532","Covid-19 third wave: Which countries in Europe have the tightest restrictions?","Covid-19 rules",1,"Scientists said claims about China creating the coronavirus were misleading. They went viral anyway.


Online research repositories have become key forums for revelation and debate about the pandemic. Built to advance science more nimbly, they have been at the forefront of reporting discoveries about masks, vaccines, new coronavirus variants and more. But the sites lack protections inherent to the traditional — and much slower — world of peer-reviewed scientific journals, where articles are published only after they have been critiqued by other scientists. Research shows papers posted to online sites also can be hijacked to fuel conspiracy theories.
https://www.washingtonpost.com/technology/2021/02/12/china-covid-misinformation-li-meng-yan/","Published: 23 Mar, 2021 CET."
"533","IN PICTURES: Protests spread across Europe as coronavirus surges create new lockdowns","Covid-19",3,"班农和郭文贵利用了闫丽梦作为一名逃离香港的科研人员的身份，让公众持续关注“COVID-19作为一种生物武器”的说法。与其他在线平台一样，数据存储库和预印服务器为应对COVID-19的国际合作提供了关键基础设施，但由于其联合赋予的合法性，它们也可能被用于虚假信息运动。当公众和一些记者看到这些网站时，他们可能会无意中认为这些内容是经过官方审查或评估的，因此是可靠的科学。当被顶尖科学家、大学和研究所的研究包围时，伪科学尤其具有欺骗性。 / It's deeply disturbing to see adults who are so self-centered that they believe that the requirements of social distancing, masks, and lockdown are equivalent to slavery.  These protesters  need to read about or watch films the Holocaust in Europe or about slavery in the US as well as the practices like lynching during the Jim-Crow era in the US.  And before they go out into the streets again, they should consider their impact, and try to imagine the experiences of physicians and nurses who've been driven to despair and depression while working the intensive-care units of hospitals around the world.   It's not hard to find their heart-wrenching interviews and articles. / I for one cannot see how we can continue indefinitely with the policy of trying to control the Covid 19 pandemic as it seems more and more unlikely that the world population will continue to put up with endless lockdowns, masks and an economic disaster going forwards. 

As an observer it seems that the main concern worldwide is the ability of a country's health system to be able to cope with the number of critical care beds needed when there is a surge.

If the vaccine fails to cure the problem then it begs the question whether we should not put much more resource into critical care assets now so we can cope with the virus running more freely through the world population.

I cannot see how the current situation is sustainable for the coming years and so maybe it is time to rethink the future pandemic strategy from scratch rather than blindly continuing as we are ?

Paul Markland / Absolutely agree with you here Paul!  Your words are so true!","Published: 21 Mar, 2021 CET."
"534","Could 'health passports' kickstart travel around Europe?","Travel News",0,NA,"Published: 18 Mar, 2021 CET."
"535","COMPARE: How European countries are faring against 'third wave' of Covid infections","Covid-19",0,NA,"Published: 17 Mar, 2021 CET."
"536","AstraZeneca benefits outweigh risks, EMA says as EU orders 10 million more Pfizer doses","Covid-19",4,"It's all political, there has been no mention of the deaths and blood clots that have happened with the Pfizer? / Unbelievable. The country has never been sicker, and what does the government do? Take AstraZeneca out of its arsenal to fight the virus. And NOT ONE WORD about what we, with jab #1, are supposed to do about jab #2. It's insanity. / Too little and much, much, much too late. Meanwhile the dying continues? / Any slots get unfilled, I'll take the jab, no problem!","Published: 16 Mar, 2021 CET."
"537","EU states seek summit on unfair vaccine handouts as AstraZeneca announce more delays","Covid-19",0,NA,"Published: 13 Mar, 2021 CET."
"538","Europe's Covid-19 'hotspots' to be sent four million more vaccine doses","Covid-19",2,"No need to give bureaucrate France more vaccines, they can not even poke away the vaccines they already have. Look how far behind France is....... Excuses, excuses, excuses. Hotspot? Every logic person has the solution, Mobilise pokers and vaccinate everyone in this area as a matter of urgency. Those 20 year olds are superspreaders, not the 80 year olds. Not even the naughty ones who stick their nose above their mask. Those masks who if they were the solution would have reduced cases by now! Yesterday 30000 again. Probably a good idea in public transport, now you see single people in cars and outside wear them in areas where there is fine, how much people love their masks....... Sigh. / I do not think there is a need for more vaccines in France, they will just stay in the freezer as France can not even efficiently poke away the doses they already have. France is so far behind, with their bureaucratie. They look and say 'Oops this is a hotspot, just lock the place down' instead of 'Emergency here, get pokers organised and start vaccinating everyone who wants in this area'.","Published: 10 Mar, 2021 CET."
"539","Can foreigners and cross-border workers get vaccinated against coronavirus in Austria?","vaccine",0,NA,"Published: 9 Mar, 2021 CET."
"540","EU warns it could block more vaccine exports","European Union",0,NA,"Published: 9 Mar, 2021 CET."
"541","Covid-19 cases in Europe back on the rise after weeks of decline","Covid-19",0,NA,"Published: 4 Mar, 2021 CET."
"542","15-year rule: Long-term Britons in Europe to get right to vote in UK elections","Brexit",2,"Should have had that right before the idiotic Brexit referendum. / A bit late now. We were promised this before the Brexit referendum. It would have been helpful to have had this right for the past two elections too.","Published: 4 Mar, 2021 CET."
"543","'Green pass': European Commission to propose EU-wide vaccine passports for summer","vaccination",2,"https://pace.coe.int/pdf/2e0ee40b5d6c4e2e5df5467478961f7561e651733326667a8259ffe25682ae848428feba12/resolution%202361.pdf

Resolution 2361 (2021)1 European Commission
Provisional version
Covid-19 vaccines: ethical, legal and practical considerations

7.3. with respect to ensuring high vaccine uptake:
7.3.1. ensure that citizens are informed that the vaccination is NOT mandatory and that no one is politically, socially, or otherwise pressured to get themselves vaccinated, if they do not wish to do so themselves;
7.3.2. ensure that no one is discriminated against for not having been vaccinated, due to possible health risks or not wanting to be vaccinated; / What about the French people from overseas, can they have a green pass if they have their two doses of vaccination?  We are tired of bei g treated like second class citizens..","Published: 1 Mar, 2021 CET."
"544","COMPARE: How are countries across Europe faring in the battle against Covid-19?","Covid-19",1,"Maybe now that we know Berset hid critical information, he can be forced to resign and Switzerland will improve. The vaccine rollout has not been good - is this Berset's fault also?","Published: 10 Feb, 2021 CET."
"545","EU launches 'vaccine tracker' and shifts strategy away from AstraZeneca","vaccines",0,NA,"Published: 2 Feb, 2021 CET."
"546","Which countries in Europe would be on the EU's list of 'dark red zones' for Covid-19?","European Union",1,"Arre Americans allowed to enter and travel in Italy if they have been vaccinated for COVID 19 ?","Published: 26 Jan, 2021 CET."
"547","UPDATE: These are latest travel restrictions in place around Europe","Travel News",0,NA,"Published: 23 Jan, 2021 CET."
"548","No European deaths directly tied to Covid-19 vaccine, say scientists","Covid-19",1,"Keep pushing your propaganda.If readers want some real & informed facts please read this article.https://articles.mercola.com/sites/articles/archive/2021/01/26/covid-vaccine-side-effects.aspx?ui=3eabf657b8dfe847ec69837832d3c217cfc333b708ad5d9dae20683f8462c000&cid_source=dnl&cid_medium=email&cid_content=art1HL&cid=20210126_HL2&mid=DM777646&rid=1068093551","Published: 24 Jan, 2021 CET."
"549","Europeans urged not to travel as EU Commission proposes 'dark red zones' for Covid hot spots","European Union",0,NA,"Published: 22 Jan, 2021 CET."
"550","Reader question: Can Britons living in EU spend more than 90 days in another Schengen country?","Residency permits",5,"I got into a bit of trouble leaving Spain, a while back, as I was travelling on a NZ passport, but there had been no one to stamp it when I entered the EU (in France). It’ll be interesting to see how that plays out. / I am a dual passport holder, US/British, and also have permanent residency in the Netherlands (with the ID) where I have lived for years.  I like to spend chunks of time in Spain, and am very curious how things are going to work, if there will be any change in passport control within the Schengen Zone and how they would monitor the 90 day rule when passports are not checked. For example, since I am already living with Schengen, my passports will never be stamped on arrival in the Netherlands, and I assume when I land in Spain from another Schengen country there is no change? I am aware they may randomly check, especially for British passport holders, but could I not switch off sometime with my US passport or simply show my residency card from the Netherlands if asked? A bit confused how things are going to work in practice, if anyone knows if there are any changed to passport control within Schengen, that would be helpful to know. / Note that there are some work arounds for the 90/180 rule, at least for Australians and New Zealanders. In both these cases, there are bilateral agreements on visa waivers predating Schengen. For example, an Australian can spend 90 days in Germany (only Germany), then travel to a non Schengen country for a single day, then return to Germany for a new 90 day period (https://australien.diplo.de/au-en/service/01-visa/short-term-visa/2073662). This is entirely separate to the 90/180 requirement. I remember reading that a Kiwi managed to use these bilateral agreements to stay in Schengen countries for well over three years. However, seek confirmation from the relevant embassies before using these agreements- not unusual for the border officials to not have a clue / If you were driving from France to Italy for example, with French plates, who is going to know if you are British. If you have a French ID card, you could show that if asked. / There are no borders so if you are driving within EU countries and are staying with friends or family how would the authorities know.","Published: 21 Jan, 2021 CET."
"551","Could all passenger traffic to Europe from non-EU countries be halted over Covid variants?","Travel News",7,"can anyone tell me if there is a ban on EU citizens travelling to Italy.  I am an Irish citizen in London and Alitalia will not let me board flights.  Who do I appeal to?  I am trying to reunite with my partner in Roma but I do not have proof of residency. / In my opinion, too many people have been traveling to see family and friends. Many of these trips are simply not essential - but folks say that they are doing it for their mental health. / If only all intl travel has been stopped in Dec 2019. If the WHO had told us what Taiwan tried to tell them but were ignored.  Maybe all this could have been avoided. Meaning no ferries no trains crossing countries no cruises no air travel / Published on this page at midday so talks can still be today (& many of France's anouncements have been on Thursday evenings). / When it says ""Hold talks on Thursday"" and the article was written on a Thursday, it makes it hard to know when the talks will be held.  Can someone confirm a calendar date for the talks (in case I know of someone that needs to change their return ticket home). / I dont think citizens should be prevented from traveling to their own countries. / If adopted, would freight drivers be given a pass (subject to a negative Covid test) again? They are about the only people moving back and forth from the UK at the moment so are essentially the leaking faucet of virus transmission from the UK.","Published: 21 Jan, 2021 CET."
"552","Reader question: Can Brits stay more than 90 days in the EU if they have a spouse with an EU passport?","Immigration",3,"In the article there is a mention of a possible need to apply for a 'residency card'. What is this? 
I am particularly interested in the situation in Italy.
I have seen it written that a Carta d'Identità is NOT proof of residency and in that case would not be the aforementioned 'residency card'. 
In fact, what would be proof of residence in Italy? I understand that it is such residency that means that the 90/180 rule does not apply.
I find this very confusing! There isn't more than one meaning of the term 'residency', is there? / The french government’s website guide to visas explains very clearly how to stay longer than 90 days, if required. And, for those with 2nd homes who want to spend more time in the summer (more than 90 days in a stretch) a ‘short long-stay’ visa is possible. Interestingly, Crete, Croatia, Bulgaria and Romania have chosen to stay out of the 90 days in 180 day rule. Visa application to french consulate appears pretty straightforward. It’s a nuisance, and I wish we didn’t have to do it, but not as bleak as the press make it out to be. / The article does not give nearly enough detail on this matter of 6-month stays for Brits with an EU spouse. These will normally be people with 2nd homes. I understand that the Brit has to go to the prefecture within 3 months of arrival and then apply for a ""Carte de Séjour de membre de la famille d’un Européen"". But do the prefectures make a difference between (a) people wanting a CdeS because they wish to become permanent residents; and (b) people wanting a CdS in order to say for 6 months? As I say above, most 2nd home-owners will be in category (b). I've looked on the website of the prefecture du Var but all I see are references to applications for a VLS-TS, and this is for permanent residents. We would like to stay for 6 months but do not want to be mistaken for permanent residents. Hopefully 'The Local' will clarify this point for all of us. / As always the Local has provided a useful overview. However, when to comesto visas the devil is in the detail. The article would be *really* useful if links were included to application processes.People who want to stay longer than 90 days in 180 have to get a visa - either a visitor visa or a long-stay visa. This article was sourced inFrance but is referenced by The Local in Spain. I am still looking fordetails of how to obtain a visitor visa - clearly a Spanish matter asthe EU extension visa does not seem appropriate.Can anyone assist with clarification of what visa is needed to stayin Spain for 180 days en bloc - and how to obtain such? Informationis needed by September for those UK nationals who habitually spendtheir winters in Spain over the five colder months of the year.","Published: 13 Jan, 2021 CET."
"553","Bovril, tea... ham sandwiches: What can you bring back from the UK into your EU country?","Travel News",19,"Hi can we take crisps into France ? I am only able to eat naked types ie no salt! So if not available in France , can I bring some ? Many thanks hopefully one day we will be back in the EU, if they will have us 😊 / Where is the list of foodstuffs not allowed from the UK to the EU? Am I missing something? / also looking / Any advice for diabetics crossing borders when many cafés etc might be closed - a sandwich can be a life-saver / Les wrote ""I appreciate that Brexit does make a difference, but all of these products have been accepted in the EU since the UK joined, why within a few days have the supposed content of these products changed? .....I would have voted to remain but this is just an example of the EU being, getting it's own back!"".    I don´t think so - it´s just the same rules and regulations applied to Britain by the EU as applied to any other non-EU country.  Frictionless transport of goods is an essential part of the EU.  Britain voted ""out"" - did people not realise what it actually meant?  I do wonder if Britain had not prevented citizens resident in EU countries for 15 years voting in the 2016 referendum whether this would have affected the overall result.  Welcome to the post-Brexit world everyone.  But don´t blame the EU.  ""Be careful what you wish for"". / Les wrote ""I appreciate that Brexit does make a difference, but all of these products have been accepted in the EU since the UK joined, why within a few days have the supposed content of these products changed? .....I would have voted to remain but this is just an example of the EU being, getting it's own back!"".    I don´t think so - it´s just the same rules and regulations applied to Britain by the EU as applied to any other non-EU country.  Frictionless transport of goods is an essential part of the EU.  Britain voted ""out"" - did people not realise what it actually meant?  I do wonder if Britain had not prevented citizens resident in EU countries for 15 years voting in the 2016 referendum whether this would have affected the overall result.  Welcome to the post-Brexit world everyone.  But don´t blame the EU.  ""Be careful what you wish for"". / But food from the Caribbean New Zealand South America South Africa Morocco Tunisia Turkey etc are all imported into the EU no problem. / Les Philo:They had to make that cut right away,as any store in the UK could have changed the raw materials they used for their products, like chlorine chicken from the US. Its unlikely that is the case, but they had to draw that line on day one. / I appreciate that Brexit does make a difference, but all of these products have been accepted in the EU since the UK joined, why within a few days have the supposed content of these products changed? OK six months down the line and the UK states that it isn't going to enforce the disciplines that have obviously been in place then I'd understand. I would have voted to remain but this is just an example of the EU being, getting it's own back! I do remember not being able to take a ham sandwich into NI, so long ago I can't remember why! / It's the uk that has changed its position, the rules are the same, in fact the uk helped draw up these rules. Now the uk is a third country, without equivalence with the EU, this is what was the "" oven ready"" deal. Therefore the uk can change its safety regulations and food safety standards at will, if the deal had included equivalence , non of this would be happening. The problems lay exclusively at the door of number 10. / UK animal husbandry standards are higher than in the EU. At the very least there should be 'mutual recognition' as the EU does with New Zealand. / Isn't most of Cadbury chocolate actually made in Poland ? / Goodness only knows where Cadbury is now made, it's ghastly stuff. / Pat - given the UK don't make decisions (like closing their border to protect their citizens) but rather wait for everyone else to do things for them, I think you will be fine taking anything into the UK, provided you get past French customs on the way out. / Will taking foodstuffs into the UK actually  be equally regulated? After all, we will be taking items out of the EU, not bringing them in.Cakes and biscuits?? We'll have to read the ingredients lists very closely.It'll be hard to remember *not* to bring that bar of Dairy Milk and bag of Percy Pigs with you to eat on the Eurostar.And can someone tell me the point of vegan Bovril? Marmite & hot water presumably tastes the same. / The front page doesn't actually say teabags aren't allowed. it just gives a by-line of items saying basically, read on to see what is effected. OMG if the British in the EU couldn't bring teabags, I think many would have to sell up and go back! Hope that clears thing up for you PennyB (on the teabag front at least) / On the front page summary it states that tea is not allowed, but in the txt above it says tea bags are ok - please clarify! / We have felt penalised for the last 17 years, ever since we moved over to France, for choosing to live here.  Brexit is a disaster and will make it worse.   I am still waiting to hear what the advantages of Brexit are.  Does anyone know ? / is baking powder or dried yeast OK ?  what about gingernuta ? / Who is moaning?  This article was just a useful list of what we cannot bring in which I for one appreciated.  I suspect that not many people affected by this did vote for Brexit and are - like me - really saddened.  America and Australia are not really relevant as we haven't had nearly 50 years of freedom of movement and goods with them. / Can you tell us what we will not be able to bring back from France...we enjoy packing the car with lots of local delicious things. / Moan, moan, moan. It's exactly the same entering America and Australia and has been for years. They voted for Brexit so suck it up.","Published: 12 Jan, 2021 CET."
"554","EU Commission: 'A stamp in a British passport does not put residency rights into question'","Residency permits",3,"It seems that some people have had the best of both worlds and want their cake and eat it. If you have a home in an EU country besides a home in the UK, you can obviously afford to sort out your residency from the UK before you go back to your EU-country home. Also, you must have known something like the situation you are in would happen, once the referendum vote was announced - that's four and half years ago. I sorted mine out long ago, even though I was in favour of the UK leaving the EU. I dislike the Schengen Agreement and see it as a way for a (Dis)United States of Europe, which will dilute each countries identity into dust.By the way, the two correspondents' names - Robert Altinger and Raymond Attfield - sound like a psuedonym of each other. A coincidence? / While not claiming residency rights, well not yet, we have had a home in Provence for nearly 50 years, have paid taxe d'abitation, and VAT, have a bank account and have,'till now spent 4 or 5 months in France. We have been deprived of our citizenship of Europe and access to our home and assume we must now apply for a visa. / Of course going the other way, you are on your own. Priti Patel will doubtless deport you if you overstay an erroneous stamp even if you have UK residency established. Wouldn't be the first time.","Published: 9 Jan, 2021 CET."
"555","All travellers to UK to soon need negative Covid-19 test","Travel News",1,"Grant Shapps: it will come into force in England next week; no detail given on type of test. On tv he said brightly that there are all sorts of tests. Extra bright expression to make it look as if everything was fine & he knows what he's doing. Sorry, rest of the world. He doesn't. They don't. Excruciatingly embarrassing government.","Published: 8 Jan, 2021 CET."
"556","'Tipping point': Why European countries are alarmed by new Covid-19 variants","Covid-19",0,NA,"Published: 7 Jan, 2021 CET."
"557","How the Brexit deal has changed daily lives of British residents in Europe","Dealing with Brexit",11,"Leaving the UK in 2012 to live in Italy was the best decision I've ever made. / It is what it is. Many of the problems are due to the UK Government's ideology of not being controlled by the EU such as agriculture standards. This means now that the UK is treated as a 2rd country just like USA. You have EU truck drivers who are told to get paperwork from one place & it takes 2 days. Then sent to another lorry park which is too busy. By the time they get access, fined 300 pounds for an expired permit. Forced to queue in the rain to get permits etc. It's a mess. If only the UK Government had 4 years to prepare. Oh! They did!! / It is what it is. Many of the problems are due to the UK Government's ideology of not being controlled by the EU such as agriculture standards. This means now that the UK is treated as a 2rd country just like USA. You have EU truck drivers who are told to get paperwork from one place & it takes 2 days. Then sent to another lorry park which is too busy. By the time they get access, fined 300 pounds for an expired permit. Forced to queue in the rain to get permits etc. It's a mess. If only the UK Government had 4 years to prepare. Oh! They did!! / If your pet has an EU Pet Passport (issued pre 2021) then getting into the UK remains the same as before, and you do not also need a UK AHC to return to France. / An interesting side note for anyone who sells on Ebay.de & offers shipping to EU Countries. Even with it being known that the UK was leaving Jan 1st, for their EU shipping choices it is still ""EU plus UK"". If you want to only send to EU Countries, only 6 of them are listed. Ebay really don't get what just happened. And trying to contact them to point this out? Good Luck! / Can we have any more information regarding exchanging driving licences? The system has stopped again despite saying it would open on Jan 1st because there is a lack of reciprocity for French licence holders in uk. This will impact many, many thousands and the clock is running if UK licences are to become invalid in December as is currently the case. / We all knew this was coming. It's hard for people with families back in the UK, but all these problems are just that and really shouldn't be a surprise. And if you live in Europe, what in god's name do you need British food for? P.S. Irish tea is better than english, get it from them. / Nice to see the brexit trolls on here. People who had what they wanted before brexit take away from those who make different choices.Wait till they try booking cheap ruin air flights to spain and pay more and wait longer, they'll soon be gammoaning. The uk will re join in 5 years, 100%. / In the last 2days we received a parcel of cosmetics costing 35 euros   with a charge paid to DHL of 28 euros import tax can this be right! / A lot of negativity out there and let´s be honest none of the things mentioned are really impactful. More like inconvenience. Sounds like a lot of self-entitled ninnies. Roaming charges, postage and TV access are those the real issues to focus on....None of us were forced to live in an EU country and the quality of life benefits out weigh not being to access the full range of M&S produce.... / Every article in every paper on mobile roaming charges is always exclusively focused on what the English carriers are doing (Vodafone, EE etc). On January 4th, I had a call with my colleague who has an English mobile number, and was charged quite a bit, blew out my prepaid balance. All calls within the EU are included in my monthly plan, but the UK which was included is now no longer, and costs as much as Switzerland. This is actually a big deal, because everyone in Europe will now be disposed to make less calls to the UK than before. Coupled with the new import and export hassles and payments, we are all looking for alternative markets for our products, and alternative sources for things we used to buy from the UK. Trade friction really IS a thing. In spite of all the BS from governments, we are not hamsters running around in the wheels they have planned for us. We do NOT have to buy or sell things to the UK as we did before if we consider the hassle not worth it. It IS a pain to change your supply chain arrangements, and marketing, but once you have done so it is hard to go back.","Published: 7 Jan, 2021 CET."
"558","UPDATE: British residents of EU told not to worry about 'souvenir' passport stamps","Travel News",9,"As a serial immigrant, I can tell you that border personnel all over the world have a varying level of antipathy towards foreigners. The best I experienced was Canada, the worst without doubt the USA - incredibly aggressive and, frankly, rude apart from one exceptionally nice chap at the Buffalo crossing from Canada.
It doesn’t surprise me at all that a lot of border staff are ignorant of the requirements. They are not well paid and, well, ‘peanuts/monkeys’. / Robert, UK cits do not have ID cards. / As British Subjects have a limited stay in EU countries, it seems quite logical that their passports should be stamped on entry to Schengen countries. If someone has German residence this does not give him/her unlimited stay in France, Austria or other EU Schengen countries.  However it would be difficult to check how much time is spent in the other countries.  If the authorities want to be difficult the onus would be on the individual to prove how long he has spent there. / You simply need to take your ID card with you... in fact, it is probably valid for travel within the EU. If you show a passport, that document doesn't certify that you are resident, so you will be treated exactly the same as all other UK passport holders as citizens of a non-EU country now. The passport authorities are NOT going to take your word that you are EU resident... but if you bring your proof (ID card) you won't have any problems. / This isn't true. We had our Italian ID cards with us today but the Slovenia border patrol stamped our passports anyway . / Regarding policing - yes most of the time nobody is stopped however the 90 day rule legally applies but if not stopped on at the border on the way out of Switzerland you could say any date you wanted if asked later5.1  Do third-country nationals (non EU/EFTA) with a Swiss residence permit require a visa for the other Schengen states Third-country nationals (non EU/EFTA) in possession of a Swiss permit B, C, L and Ci may visit the Schengen area for up to 90 days in any 180-day period without a visa, provided they have a residence permit and a valid travel document / I travelled within Western Europe from 1970 upwards and I never ever had my passport stamped. I also lived and worked in the Netherlands for a year from 1974. I cant understand all this passport stamping. / As a UK citizen and Swiss residency permit holder (B), does that give me the right to travel throughout the entire Schengen region without have to worry about the 90/180 days restriction? Or does the clock start ticking the moment I leave Switzerland into e.g. Germany/France/Italy? Obviously there is no passport stamping going to happen when travelling between Schengen countries, so my assumption would be that my Swiss permit effectively exempts me from the Schengen time limitation because they wouldn't be able to police it? It's totally not clear though! / Just goes to prove that all British Embassies are a waste of time, are only there for entertaining, for the employees to live and work in opulence. / I’m American with a French residence/titres de séjour, and normally show both my passport and Titres de Séjour at the border. Occasionally I get stamped, but mostly not.  The stamp itself doesn’t seem to be a problem, given that the Titres de Séjour proves my residency, so I’ve never had issues getting home to France. I would suspect Britons will eventually fall into the same rhythm that every other non-EU person in Europe faces.  Good luck to all those stranded.","Published: 4 Jan, 2021 CET."
"559","EU medicines agency gives green light to second Covid-19 vaccine","Covid-19",0,NA,"Published: 6 Jan, 2021 CET."
"560","EHIC or GHIC: What's the latest on European health insurance cards for Britons?","Brexit",2,"But it is advisable to get travel insurance / But it is advisable to get travel insurance","Published: 5 Jan, 2021 CET."
"561","'We warned you': Call for urgent action after Britons living in EU denied entry","Travel News",8,"I flew stansted to cologne on 1 January and Ryanair did deny some people without covid tests but everything else went smooth. I am British living in Germany and I was given a stamp in my U.K. passport. When I questioned it and showed my anmeldung, he simply said the U.K. has left the EU. I know he believed me to be resident as only residents abs citizens were allowed to enter Germany from U.K. on the 1st. / Pretty simple really. Just instruct the border staff to ask ALL British entrants “did you for vote leave or remain”? If the answer is “leave” then refuse entry and tell them F off / Pretty simple really. Just instruct the border staff to ask ALL British entrants “did you for vote leave or remain”? If the answer is “leave” then refuse entry and tell the F off / I would totally agree that a skiing holiday is less than a crucial reason to travel in these frightening and dangerous times we find ourselves in, however, as a Brit who regularly travels between the U.K. and Italy I take great offence at being assumed arrogant and entitled. It’s with great sadness and disappointment that such unprecedented tragedy is now giving some people the misplaced sense of entitlement to pass judgement of other human beings, based on their government’s incompetences,  without first taking into consideration valid reasonings behind them risking travel at the moment. It’s almost xenophobic, and wouldn’t it be devastating if that was the legacy of this pandemic?! I would question if it’s ‘really selfish’ to travel having tested negative for COVID 48 hours before travelling and quarantining on arrival in order to support a partner/family member in their time of need. Is it selfish to visit your long term partner? Is it selfish to visit a family member for the very last time? Or indeed is travelling for business purposes selfish? Unfortunately , we can’t all work from home, we can’t all be furloughed and do not all qualify for government aid, but do still have to keep a roof over our heads so have to go where work takes us. Let’s not let this pandemic conquer and divide our compassion, regardless of what country we live in! It’s extremely difficult now as all our patience is wearing thin, but perhaps now is the time for tolerance and we should take some time to consider others circumstances because I can assure you we don’t all travel just for a holiday. Between Brexit and Covid it is a minefield for anyone needing to travel at the moment and I hope that the complications and additional costs have not put further strain on your mental health. Let’s hope better days are coming and that we can hopefully retain some compassion for one another when it’s all over. I hope everyone can keep themselves and your loved ones safe. Just for the record we aren’t all running a mock over here in England either... some of us have more integrity than that and are suffering great losses in order to keep people we love safe. / I totally agree with the previous comment.  I am British and full-time resident in Italy.  I would be horrified if anyone from the UK arrived in my village in Italy at present, whether they have a home or property here or not. We are talking matters  of life and death here.  People in Europe call this new strain ""the English"" virus. If you didn't understand this before you set off from the UK, or decided to travel to the UK and back to Europe whilst the virus is running amok in the UK, I have no sympathy for you whatsoever.  You are totally selfish and, as the previous commentator says, arrogant and suffering from a sense of entitlement.  I'm embarrassed by some of my fellow countrymen and women. / Stop the  lot of them. Their country's Virus reaction is tragically incompetent, yet many British, with their Inselaffe exceptionalism and arrogance, still think going skiing is a valid reason to travel. The EU should bar all but absolutely crucial travel from the UK and UK citizens with residency rights.Time will hopefully make travel easier again, and if and when it does, do it. But right now, it's a selfish fools errand. Stay put. Other people live on this planet too. / It would appear from your own article that it is the UK border patrol which is in ignorance of the rules of the EU member states so I don't see why the campaign group is addressing itself to the EU Commission. / we will be travelling from london to florence on the 8th. january as we own a company in tuscany, i am assuming we will not have a problem entering the country, as long as we agree to a 14 day quarantine. also, it is my understanding that we do to need to have a covid test prior to, or after arrival. please can anyone confirm this, or let me know if you have had any problems entering italy after the 31st dec? thank you","Published: 4 Jan, 2021 CET."
"562","BREXIT: What Brits in Europe need to know about travel from January 2021","Travel News",3,"This article dated 1st January includes the statement:> All current EHIC cards become invalid on December 31st.My belief is that this is out of date and that the UK-issued EHIC will continue to be valid until its expiry date, whenan application for a GHIC can be made.Please clarify and amend if necessary. / Can't see any possible reason Vanessa why you can't have your 90 days. If you're visiting there now or up to Dec 31st that's just part of your FOM, doesn't matter. Then you can start your 90 days on Jan 1st.On another tack, there is a ""To whom it may concern"" letter from the British Embassy in Paris, in French, A Qui de Droit, for anyone claiming/going to claim French residency but not doing it yet /waiting for their card, to show if necessary up until October 1st, as proof that you don't need to show a residency permit until then. So if you perhaps don't get around to applying until June,say, you have this to show to anyone who asks, that it's not required to show til Oct.. https://assets.publishing.service.gov.uk/government/uploads/system/uploads/attachment_data/file/927523/Informative_note_withdrawal_agreement_.pdf / Does anyone know what will happen to a Brit who is in France and who wants to take advantage of first 3 months of 90 day ruling without returning to UK. If they have all appropriate driving permits, health cover etc. The passport won't be stamped to show arrival so is this a grey area? Has anything been said to indicate you should leave and return? I have searched and searched and can't find information relating to this specific question. Thanks","Published: 9 Dec, 2020 CET."
"563","'It's time to put Brexit behind us': EU chiefs sign trade deal with UK","Brexit",0,NA,"Published: 30 Dec, 2020 CET."
"564","EU health warning: 'High' risk new coronavirus strains will lead to more deaths","Covid-19",8,"But main-stream globally corporate news would never lie to you, would they? Where is their incentive to do so?https://theintercept.com/2019/01/20/beyond-buzzfeed-the-10-worst-most-embarrassing-u-s-media-failures-on-the-trumprussia-story/ / https://www.businessinsider.com/who-is-zero-hedge-finance-blog-that-spread-coronavirus-misinformation-2020-2 / The article doesn't exactly say the people died directly from the vaccine, but you have to ask question. / https://www.zerohedge.com/geopolitical/swiss-patient-dies-shortly-after-receiving-pfizer-covid-vaccine / https://www.zerohedge.com/covid-19/israeli-man-dies-after-receiving-covid-vaccine-5k-health-impact-events-reported-us / How do you know that no-one has died from the 'new vaccine'? Did main-stream media tell you that?Maybe you should inform yourself with accurate information before you repeat what you heard on the telly.https://www.israelnationalnews.com/News/News.aspx/293865 / No-one has died from taking the new vaccine / How many of those 1000 people that died took the new vaccine? These are the question's we should be asking!","Published: 30 Dec, 2020 CET."
"565","Brexit will throw up endless hurdles for Britons in Europe, but we'll be there to help","Brexit",4,"You're only British if you actually care that you are. Who chose where they were born? Flag-waving and blind nationalism are for the weak-minded (see Brexit....).UK has good things about it, as do all countries. The bureaucracy and paperwork are just another thing in life to deal with, so do it. You want to live in a better country? Make it happen. Don't give up. / There is a whole bunch of Brits who would agree with you. The flip side is that there is another bunch of people who voted to leave the EU who disagree with you. However we all feel or voted in the referendum, and for whatever reason, the vote was in favour of leaving the EU and, at last, a deal has been reached. We will get used to it in time. For those who want to remain living in Europe, I guess there will be forms to fill in for residency permits, for exports and imports, etc, but the world has not become smaller for Brits wanting to travel (once the coronavirus has retreated and we can all do so); it will take a little longer to get through customs. / We have been caught out with covid and unable to move over in time.Put deposit on property in Spain in march then lockdown.Pulled out due to various issues all related to covid.Now out of our control and waiting for clarity on new rules.We are so gutted but not giving up. / If only there was a definite end to the nightmare of Brexit. But there will be years and years of negotiating. It has had such a negative effect on my life and that if my partner’s. Our worlds are smaller and it has left a nasty taste in our mouths about being British","Published: 28 Dec, 2020 CET."
"566","ANALYSIS: Britons in Europe still gripped by fear and loathing over Brexit","Brexit",7,"Davide - there are many Eurosceptics across Europe, how many countries regularly poll 20, 30 or even over 40% supporting this view? Have these people all been lied to or fit any of the other silly generalisations? Rather than continually agonize over the democratic will of the UK voters, supporters of the EU might find it more profitable to question why there's so much dissent. The mess the EU have made of the Covid vaccine roll-out would be a topical starting point. / Remainers could argue all kinds of objections to Brexit- but the elephant in the room is that it was carried out through lies and deceit- to achieve a mythical sovereignty- which actually means very rich people avoiding higher tax, having off shore investment freedom and low EU regulation. Brexit voters were sold a ""pup""! The price of this deceit is personal suffering for millions of Brits living in mainland Europe, EU citizens living in the UK, agony for most small and middle sized UK business people, a crisis for the UK's health and social care staffing and farming and more!! The irony is that the equivalent standards part of the current deal means that there will be debates about our so called mythical sovereignty for years. Get over it and survive- talk about shooting your foot off with a shotgun!!! Happy limping!!Adam Carter / And now Nigel. It's a ""Who's Who"" of gammonry! / Hear hear, F Hugh Eveleigh. As with C Mason Smith, I agree with you. All UK and EU citizens have a right to make their own decisions about where they want to live and. as someone who resides in Sweden, I knew what could happen if the UK left the EU.The negotiations showed the chasm between the UK and EU and the attitude of the EU negotiators in thinking that a country would actually want to leave the club was clear for all to see. It was their noses were put out of joint. I am sure that there are politicians from other countries in the EU who will watch what happens over the next couple of years and decide for themselves whether they want to stay in the EU. The fact that the EU might welcome Turkey, a country which the vast majority of its land is in Asia, into the fold is eye-watering and I, for one, am glad that we will not be part of the ridiculous freedom of movement. To see terrorists cause havoc and turmoil in Paris and slip away to Brussels or Amsterdam without noticing they have crossed a national border is indefensible. To see migrants from Africa, most of them economic, stampede across Europe, forcing borders to be closed was dreadful. Yes, I know I chose a couple of extreme examples, but if the article can be so one-sided, so can I.Having always been in favour of the UK leaving the EU, I, for one, am glad it is now happening. Sure, there will be rocky times for all Brits, wherever we live, but we'll get over it and survive. / And who'd have thought Jacob and Michael would take time out to read and comment on this humble organ - an honour indeed. / Well said  F Hugh Eveleigh! The article was too emotional and didn't offer anything to the understanding of the position of Brits in the EU. Your pragmatic solution to deal with the situation tomorrow when all possibilities are clear is to be commended. / 'Fear and loathing' put together as they are in this headline overplay what surely is a bureaucratically difficult time for the 'English abroad'. For the UK to wish a return to its own sovereignty is surely understandable although maybe not wated by those who decided to leave the UK and live in the EU. People who did this did so with the knowledge that if all went wrong they could return. They, of course assuming the retention of a UK-within-EU passport, can still do so after January 1st. The process is straight forward. It will also be possible for Brits to move to live in the EU but the process is then more difficult but as politics and times change it is likely that entry into the EU will become more fluid. The Brits have been visiting and living in Italy for hundreds of years. I managed to live quite happily and legally in Italy for five years before and after the UK officially joined the EU. To worry in fear at this stage is understandable but is best relegated to 'deal with tomorrow'as all is in flux and once calmer waters are reached there may well be changes.The UK has never really accepted the EU and as we know many millions of EU citizens don't either. The UK's desire to become a sovereign state again and to trade openly and vigorously with the world is a sure sign of a freedom-loving people. Allow us that and give the country time and you will soon see that matters are not so fearful and most certainly not warranting to be loathed.","Published: 28 Dec, 2020 CET."
"567","'Plans ruined and job opportunities lost': Freedom of movement ends as Brexit reality dawns for Britons across Europe","Brexit",7,"Yes, this retrenchment into nationalism and bureaucracy is a pitiful step backwards by Britain. But the fact is that those who will suffer most, those upset at losing their EU citizenship, mutter a lot and express their entirely understandable resentment. However, they must to some extent take the blame along with all remainers because at the end of the day they didn't do enough to stop Brexit. The fact is that only 38% of the British electorate voted leave at the referendum in 2016, ie 62% did NOT vote for Brexit, and even at the Dec 2019 when Johnson got his landslide victory on the basis of ""let's get Brexit done"", only 13m out of a population of 67m voted Tory.  So why are we where we are? Because the minority Brexiteers not only lied but spoke with real passion about their beliefs. Meanwhile remainers almost never made their case loudly. They were too polite and too reserved. Indeed they seemed almost embarrassed to make the obvious clear... . that  citizens of the 27 countries value their sovereignty every bit as preciously as British leavers, that 93% of EU law was voted for by British leaders at the European Council, that only by being together can Europe stand up to bullying by Russia, China, the  USA and by big tech. Remain supporters should have been proclaiming the advantages of Europe from the rooftops. They didn't. Now, it's too late to whinge. Indeed leavers in Britain are STILL hoodwinking us with their lies whilst remainers just take it on the chin. If ever there were a Greek tragedy, it is this situation we have allowed to happen. 'The route to evil is for good men to say nothing'. / I don't think someone's read the article. ""Unfortunately the British government chose to end freedom of movement for EU citizens wanting to move to the UK, and as a result its own citizens lost their right to live in the EU's 27 member states.""The 'gift of the EU to equalise those rights' was always there prior to the UK taking away the same from the former EU citizens not born in Britain. It has everything to do with Brexit. / A Frenchman resident in the UK will retain onward movement rights. A Brit resident in France won't. It was always within the gift of the EU to equalise those rights but they chose not to. Nothing to do with Brexit. / This is a shity titl,frankly. EU is a co cept as any other, it also is a habit, like smoking for instance. One smokes today, one quits tommorow. Once one gets rid of the habit, one is free. It takes a bit of time, but, yes, one is free. There are lots of opportunities out there. It's a big world. / I fully agree, as UK and an EU citizen I have given money, work and support to my local Italian community, I have committed myself and my wife to be citizens of the EU and under these circumstances we should af least have the right to freedom of movement among  EU member states. / Hello,As a family we are resident in western France. I work in many EU countries for a Spanish company. My children have been educated in France, Italy and the UK. What an appalling loss to the future for our children. The ' little Englanders ' who voted for #stupidBrexit will not be held accountable for this. The Conservative party   and Farage should be.I would like European status to be a right. I don't really want to take French nationality just to keep free movement for me and our children.Thank you / Welcome to the world of so many non-EU people working in EU and in UK.","Published: 25 Dec, 2020 CET."
"568","'Devastating': Anger and dismay after UK decides to pull out of EU's Erasmus student scheme","Brexit",5,"Britain's ""global"" alternative is only great for families who can afford to send their kids half way across the world - out of the price range of those of ""normal"" means.Boris did promise we weren't going to leave Erasmus... / EU universities are not ranked very highly and Britain's global alternative sounds a better idea. / We call it in France, shooting oneself in the foot!!! / Buller Buller Buller / ""Erasmus is expensive"" says the man who went to Eton. Disconnected caste etonians and their ilk arguably do more damage than good.","Published: 24 Dec, 2020 CET."
"569","'The deal is done': EU and UK finally reach a Brexit trade agreement","Brexit",0,NA,"Published: 24 Dec, 2020 CET."
"570","EU says blanket UK travel ban should end to allow people to return home","Travel News",0,NA,"Published: 22 Dec, 2020 CET."
"571","UPDATE: European Union officially approves Pfizer vaccine for rollout","Covid-19",0,NA,"Published: 21 Dec, 2020 CET."
"572","UPDATE- Travel chaos in Europe - Which countries have imposed transport bans on UK?","Travel News",1,"Yesterday there were packed terminals at London airports. People using a loophole by flying from London to Belfast in northern Ireland then travelling onwards to Dublin to catch flights all over Europe. There is no ban on leaving Ireland. This is bad.","Published: 21 Dec, 2020 CET."
"573","British tourists set to face Europe's Covid-19 travel ban from January 2021","Travel News",2,"Apart from the fact that airlines cancelled their flights from and to Geneva when we tried to do that 2 weeks ago when we needed to return to the U.K. for exceptional resulting in a hell of a drive from Provence to Bristol and back over 4 days.... / So the obvious loophole would be to fly from the UK into Switzerland, then you'd be free to leave Switzerland and travel within the Schengen area (and therefore, most of the EU).""The European Commission currently says that travel is allowed for any reason between EU and Schengen zone countries.""","Published: 26 Nov, 2020 CET."
"574","WHO warns Europe of Covid-19 'resurgence' and urges families to wear face masks at Christmas","Covid-19",0,NA,"Published: 16 Dec, 2020 CET."
"575","'Landlocked' in the EU: Are you affected by loss of onward freedom of movement?","Travel News",0,NA,"Published: 14 Dec, 2020 CET."
"576","UPDATED: UK and EU abandon deadline to continue Brexit trade deal talks","Brexit",0,NA,"Published: 13 Dec, 2020 CET."
"577","What Brits in Austria must do to prepare for the realities of Brexit","Brexit",0,NA,"Published: 4 Dec, 2020 CET."
"578","EU announces no-deal plans to guarantee road and air travel with UK in January","Travel News",0,NA,"Published: 10 Dec, 2020 CET."
"579","British pensioners and students living in Europe urged to apply for new EHIC card","Dealing with Brexit",2,"The link is incorrect, it is for UK residents ONLY. If you are already resident outside UK, it says you need to call +44 191 218 1999 to renew your EHIC. I only found this info when my french postcode was refused and I clicked through to the help page! https://www.ehic.org.uk/Internet/help.do#addressGiven the questions on the form (that I wasted my time completing) you'll possibly need your NI or NHS number and your EHIC PIN which is on your current EHIC card and begins UK.Please, THE LOCAL check your data before sending us all on a wild goose chase! / The link is incorrect, it is for UK residents ONLY. If you are already resident outside UK, it says you need to call +44 191 218 1999 to renew your EHIC. I only found this info when my french postcode was refused and I clicked through to the help page! https://www.ehic.org.uk/Internet/help.do#addressGiven the questions on the form (that I wasted my time completing) you'll possibly need your NI or NHS number and your EHIC PIN which is on your current EHIC card and begins UK.Please, THE LOCAL check your data before sending us all on a wild goose chase!","Published: 1 Dec, 2020 CET."
"580","Covid-19 cases 'explode' in Europe: Which countries are under lockdown or curfew?","Covid-19",0,NA,"Published: 5 Nov, 2020 CET."
"581","Around Europe: How the relentless resurgence of coronavirus is causing unease and despair","Covid-19",1,"I love Switzerland and really enjoy living here. Could someone explain why with the highest level of infection rates in Mainland Europe and hospitals reaching capacity little to nothing is being done to confront this","Published: 30 Oct, 2020 CET."
"582","Defeat for rights of Britons wanting to return from EU in future","Brexit",0,NA,"Published: 22 Oct, 2020 CET."
"583","Brexit: European nationals warned of change in travel rules when visiting UK in future","European Union",0,NA,"Published: 13 Oct, 2020 CET."
"584","OPINION: Britons living in Europe will be locked out of UK by 'inhumane' law","Brexit",1,"""Hyperbole""?  ""Infinite family members"".....? Which is it? Do tell.","Published: 8 Oct, 2020 CET."
"585","What can Europe do to battle 'pandemic fatigue'?","Covid-19",0,NA,"Published: 7 Oct, 2020 CET."
"586","Key victory for family rights of Britons returning to the UK from EU","Brexit",0,NA,"Published: 5 Oct, 2020 CET."
"587","Just how guaranteed are the rights of Britons living in Europe?","Brexit",0,NA,"Published: 1 Oct, 2020 CET."
"588","EU launches legal action against UK over breach of Brexit deal","Brexit",1,"Who in their right minds would want to trade or have agreements with such an untrustworthy little island.","Published: 1 Oct, 2020 CET."
"589","Could 1 and 2 cent euro coins soon be scrapped?","Politics",8,"They haven't been using the 1c & 2c in Italy for quite some time now - rounding off to the nearest 5c.Keep up France.... / When I lived in Belgium in pre-Euro days, there were far more Belgian francs than French francs per £ and the coins went down to 1/4 and 1/2 cents. Final bills were always rounded up or down, but the actual prices of goods still showed these small denominations. Only the final total was rounded, so 3 items at 4.45 would come to 13.35 and be charged as 13 francs, or at 4.85, making 14.55 would be charged as 15 francs. Seemed reasonable to me. / When I lived in Belgium in pre-Euro days, there were far more Belgian francs than French francs per £ and the coins went down to 1/4 and 1/2 cents. Final bills were always rounded up or down, but the actual prices of goods still showed these small denominations. Only the final total was rounded, so 3 items at 4.45 would come to 13.35 and be charged as 13 francs, or at 4.85, making 14.55 would be charged as 15 francs. Seemed reasonable to me. / All the x.99 prices will go down to x.95, so there will be a small savings there. / We had 1c and 2c coins in Australia and both coins were withdrawn from circulation in 1992 and nobody missed them.  So many people now use cards anyway, so don't see why they are needed.  I generally come home with heaps of these after holidaying in Europe. / .....because retailers have always put the consumer first and rounded prices down to benefit the consumer and reduced their profits, haven't they? / I think it's better to abolish these two coins. One main reason to abolish it which would benefit the consumer is that there would be no more psychological pricing, instead of 99,99 it would make 100 or 99,95 . Good for us actually. / No need to phase them out. Just make automated vending and coffee machines accept them.Very annoying that most of these don't accept anything below the 5 cent coin.","Published: 29 Sep, 2020 CET."
"590","Around Europe: How countries are battling to prevent a second wave of Covid-19","Covid-19",0,NA,"Published: 25 Sep, 2020 CET."
"591","European airlines cutting fares to woo back passengers","Travel News",0,NA,"Published: 27 Sep, 2020 CET."
"592","Brits in EU risk losing UK bank accounts 'within weeks'","Brexit",0,NA,"Published: 20 Sep, 2020 CET."
"593","Europe's 'alarming' infection rates and shorter quarantine periods worry WHO chiefs","Covid-19",0,NA,"Published: 17 Sep, 2020 CET."
"594","European airlines demand end to quarantine 'chaos'","Travel News",0,NA,"Published: 15 Sep, 2020 CET."
"595","Europe will see rise in Covid-19 deaths in coming months, WHO warns","Covid-19",0,NA,"Published: 14 Sep, 2020 CET."
"596","OPINION: 'All certainty has vanished' for British citizens living in Europe","citizens rights",2,"I doubt the bill will pass, unless Johnson has found a mechanism to bypass the House of Lords and the Commons.  Also, if it does get passed, I doubt it will have much of an impact on the British resident in Europe.  There is a point of honour there - Europe will abide by most of its side of the agreement just to prove the point. / Methinks you exaggerate the situation","Published: 11 Sep, 2020 CET."
"597","'Brexit terms must be respected': EU's Barnier sends message to Boris Johnson","Brexit",0,NA,"Published: 7 Sep, 2020 CET."
"598","Which countries in Europe have done the best job in handling the virus crisis?","Health",0,NA,"Published: 27 Aug, 2020 CET."
"599","EU urges countries to reinstate curbs to halt coronavirus resurgence","Covid-19",0,NA,"Published: 11 Aug, 2020 CET."
"600","EU urges governments to scrap travel restrictions for couples","Covid-19",1,"Let’s hope legislators and officials move quickly to take positive actions towards remediating this matter.","Published: 7 Aug, 2020 CET."
"601","Health warnings as Europe swelters under heatwave","Weather",0,NA,"Published: 1 Aug, 2020 CET."
"602","In charts: How coronavirus mortality rates compared around Europe","Covid-19",1,"Wondering why you don’t include Ireland too? It is part of the EU and many of us Irish are living in France and would appreciate being included in the statistics.","Published: 30 Jul, 2020 CET."
"603","How Europe is ramping up restrictions to prevent a coronavirus resurgence","Covid-19",1,"Anyone with a single brain cell knew that when travel in France was opened up the virus cases would increase. The country was opened up far too early.","Published: 28 Jul, 2020 CET."
"604","WHO warns of Europe virus spike as countries impose new curbs","Covid-19",0,NA,"Published: 25 Jul, 2020 CET."
"605","EU to make face masks compulsory on all European flights for passengers aged 6 and over","Travel News",1,"I was expecting my temper to be checked when I flew from Limoges to East Midlands on the 2nd July. This didn’t happen at both ends, My husband just flew from Limoges to Manchester and he had no temperature checks either, My contact details were scrutinized but husband was waved on.  Any particular reason why security were so lapse?","Published: 24 Jul, 2020 CET."
"606","'Historic day': How the EU agreed its €750 billion rescue plan to save shattered economies","Covid-19",2,"Anyone who calls this agreement a historic rescue plan is naive, at best. Six months after this pandemic began the best these out-of-touch elite can do is offer loans and grants to implement a wish list of EU programs.  Little if any will make its way to the small businesses who need it the most.   While the US is working on its THIRD package of assistance these smug EU leaders finally have agreed to a package that will have so many strings attached and benefit their pet projects that Italy and Spain will be no better off.  This is nothing but a photo-op by a bunch of globalists who are intent on creating a EUROPE no one recognizes.  The EU has just shown once again how moribund it is in the face of crisis when technocrats are at the wheel.  Time for Italy, Spain, and others to realize the EU should be dissolved in favor of reinstating a country's sovereignty and creating a trading block to do what the EU was intended to do before it morphed into a cancerous, bureaucracy that imposess more and more control. / So basically when countries suffer thousands of deaths and economic breakdowns, we as Europe tell them ""here is a loan, i want you to add it to your debt, and i want you to lower wages and pensions in your country, tax your companies even more etc. etc."", otherwise i will let you decay because ""it is your fault"".","Published: 21 Jul, 2020 CET."
"607","How face masks have helped slow down the spread of coronavirus in Germany","face masks",0,NA,"Published: 9 Jul, 2020 CET."
"608","Some Swedish care homes have had no cases of Covid-19 – what did they do right?","Covid-19",0,NA,"Published: 30 Jun, 2020 CET."
"609","UK publishes list of European countries exempt from quarantine rule","Travel News",1,"""Train, coach, ferry or air"" - what about folk who drive and use the Channel Tunnel? That doesn't seem to be covered by the list.","Published: 3 Jul, 2020 CET."
"610","Brexit: Five key things to know about applying for residency in the EU","Residency permits",0,NA,"Published: 2 Jul, 2020 CET."
"611","UPDATE: EU agrees to reopen borders to 15 countries but excludes US from safe travel list","European Union",4,"I'm an American residing in the U.S. and have tickets to fly on Air France next week from Berlin to Paris, which I will not be allowed to do under the new EU adopted regulations. I am now in the U.S. Does anyone know what Air France's policy is on either refunding the cost of my ticket or giving me a credit or voucher, and if the latter, how long will I have to use it? No one has been able to find this out. Many thanks! / If you're already in the EEA (such as Ireland or UK) but not a foreign national and no residency, are you able to move between countries now if you don't have residency? / Would the US exception also apply to dual US/Italy citizens who reside in the US? / Typo: over 125 thousand deaths in US, not over 125 deaths.","Published: 29 Jun, 2020 CET."
"612","'Nip the virus in the bud': How Germany showed Europe the way on coronavirus testing","Covid-19",0,NA,"Published: 26 Jun, 2020 CET."
"613","Europeans harden views towards US and EU after pandemic","Covid-19",0,NA,"Published: 29 Jun, 2020 CET."
"614","'The biggest challenge of our time': How Sweden doubled intensive care capacity amid Covid-19 pandemic","Covid-19",0,NA,"Published: 23 Jun, 2020 CET."
"615","American tourists could be barred from Europe when borders reopen","European Union",12,"I’m all for banning us (Americans). I hope lots of people are royally pissed out about, and take your anger to the voting booth and get rid of the moron we have for a president and the moron Republican puppet senators! / Unfounded conspiracy theories lessen yourself and everyone you talk to. / The PLANDEMIC was a test. Perhaps the powers that be don't want it to end. / We have not been able to visit our 2nd home in the Dordogne since Sept. 2019.  The French strikes killed our Dec. trip and then the May trip due to COVID.  I can certainly understand the concern for France as cases are up here in the US. However, the US is a very large country and not all areas are having the issues.  For those with 2nd homes why not look at where they live in the US for potential exposure and then if in a low area of risk require a 14 day quarantine in their homes in France. We could at least do maintenance on our homes and one of our friends in the village could bring us food and supplies, and wine!  Just a thought. Merci / Luigi, the vast majority of the deaths were in blue states because that's where most of the people live. You get your facts straight.  Now, the second wave is in mostly red states because their idiotic Governors will not institute controls, and residents in red states have a self-control of a Tasmanian devil. / Of course there was a right way. The Trump administration's reduction of pandemic response forces at the federal level clearly didn't help.Second wave COVID is on the rise in red states because of premature reopenings and general disregard for the pandemic. / As for Mariuccia2019, please get your facts straight!  A vast majority of the deaths in the US were in DEMOCRATICALLY controlled states, most of whom ignored the CDC guidelines as reported this week by a CDC representative.  New York Governor Andrew Cuomo [as well as PA, IL, and others] had forced nursing homes to take in COVID patients.  As much as the media and left would like to blame everything on Trump, the reality is there was NO right way to deal with this pandemic. / Sure, Luigi, let’s allow Americans to bring the virus back to Europe with their high numbers instead of the Chinese. Sounds like a good idea. I am an American living in France and I will be glad if they go through with this ban, or at least put restrictions in place for those that have property in Europe as a commenter mentioned above, / @Luigi- Trump, is that you? / Go ahead EU ban Americans, perhaps the Chinese tourist will make up for the billions US tourists spend, and while they are at it, maybe bring another virus to your shores!  In 2018 US tourist spent over 5 BILLION US dollars which includes business and personal travel, plus in-country spending. / This Australian family was due to travel to Italy next Friday to visit our Italian family, but even if Italy allows this it won't happen because our borders are closed to all international travel. We are feeling so sad not be there for the Italian summer, but also feeling lucky to live in a part of the world that has stayed relatively safe. Next (Italian) summer, we hope. / The USA is a large country and some regions/States have acted responsibly during the pandemic, self-isolating and mandating masks.  Just like Italy, there are regions that are not experiencing drastically higher infections from COVID-19.  It's true that several States, generally with Republican leadership that has been following Trump's direction, that opened too early and are in trouble with their infection rates.  However, I think that the USA States' citizens should be allowed some leeway to travel to Europe.  For example, if they are not classic ""tourists"" but have a place to quarantine for the required period of time.  I, for example, have an apartment for which I have a 4 year contract in Italy.  I can't get to it.  I understand the lack of respect that has been shown the European nations in the form of Trump and his policy-makers, but there are many other citizens of the USA who have  actedd more responsibily.  I would hope the EU takes this into consideration.  Perhaps requiring a minimum stay with a verified private (not hotel) address where quarantine can be accomplished, along with verified support for groceries, etc. - and then allow for these exceptions.  I hope we can once again - in a safer, healthy and mutually considerate way - visit our European neighbors again.","Published: 23 Jun, 2020 CET."
"616","Europe sizzles as temperatures rise towards 40C","Weather",0,NA,"Published: 23 Jun, 2020 CET."
"617","How Switzerland avoided a coronavirus 'catastrophe' by protecting cross-border workers","Covid-19",0,NA,"Published: 12 Jun, 2020 CET."
"618","Where can you travel in Europe? EU launches new website to help tourists","European Union",0,NA,"Published: 16 Jun, 2020 CET."
"619","Open borders: Europe's haphazard route to ending travel restrictions","Travel News",0,NA,"Published: 15 Jun, 2020 CET."
"620","EU agrees purchase of 300 million coronavirus vaccine doses","vaccine",2,"Correction, by Unifesp, São Paulo , Brazil. Instituto Butantan is testing other vaccine together withSinovac Biotec laboratory. / It is important to mention that Oxford vacine are being tested by Instituto Butantã, São Paulo, Brazil.","Published: 14 Jun, 2020 CET."
"621","EU proposes 'progressive and partial' reopening of external borders in July","European Union",0,NA,"Published: 10 Jun, 2020 CET."
"622","Lockdowns and restrictions across Europe 'averted 3 million deaths'","Covid-19 rules",0,NA,"Published: 8 Jun, 2020 CET."
"623","Coronavirus crisis in France: The battle to save the livelihoods of the self-employed","Jobs",0,NA,"Published: 22 May, 2020 CET."
"624","What you need to know about UK quarantine if you are travelling from Europe","Travel News",0,NA,"Published: 8 Jun, 2020 CET."
"625","WHO interview: 'If our behaviour returns to normal Europe risks new waves of Covid-19'","Health",1,"Brought to you by the same guys who said on January 14th that there was no sign of human-to-human transmission, praised the Chinese for their transparency, and touted the Imperial College Model used to justify the lockdown. If there are no big spikes in America this week, then all bets are off as far as the experts are concerned.","Published: 5 Jun, 2020 CET."
"626","'Stopgap' or life saver?: Italy's scheme to help the self-employed survive the coronavirus crisis","Italy",1,"Interesting article, I have an Italian accountant for my 'tasse' and I work in electronic engineering and teach English, my income fell off a cliff under lock down losing over 1,500€ a month. My accountant handled everything regarding these payments and I have experienced no problems at all..","Published: 30 May, 2020 CET."
"627","Living in Europe: An update from the team at The Local","Travel News",0,NA,"Published: 30 May, 2020 CET."
"628","As Europe comes out of lockdown, what lessons can be learned from Sweden?","Covid-19",4,"Main lesson: dont look for positive lessons in Sweden / I agree with Nina. I am 64, completely paralyzed on one side. My husband is my care giver. I've heard awful stories about how his dement uncle, over 85, was treated in a nursing home, BEFORE the pandemic. Unless nursing homes get better, I will never allow my husband or myself to enter one should the need arise. / ALSO,  the only reason why it's better in Skåne is because the Danes shut their border....SO THANK YOU DENMARK!! / What lessons can be learnt?? Are you flipping kidding me???!!! Ok sure,  lesson #1; elderly lives matter and putting in place the right protocols in nursing homes as this pandemic was made official would have been the ethical and right thing to do.Lesson # 2 when you experiment with your population based on Sweden's COVID policy, the rest of the neighbouring countries will see you as a pariah and risk hence keeping their borders shut.","Published: 20 May, 2020 CET."
"629","Confronting coronavirus: The Local examines how Europe is tackling the crisis","Covid-19",0,NA,"Published: 22 May, 2020 CET."
"630","Coronavirus around Europe: Will foreign travel be possible this summer?","Travel News",0,NA,"Published: 16 May, 2020 CET."
"631","How to wear your coronavirus face mask","face masks",0,NA,"Published: 14 May, 2020 CET."
"632","How is each European country emerging from coronavirus lockdown?","Covid-19",0,NA,"Published: 10 May, 2020 CET."
"633","Coronavirus around Europe: How well have governments handled the crisis?","Covid-19",0,NA,"Published: 8 May, 2020 CET."
"634","Concerns grow in Europe over potential 'second wave' of coronavirus as lockdowns are eased","Covid-19",0,NA,"Published: 4 May, 2020 CET."
"635","Coronavirus across Europe: How the pandemic has affected those living abroad","Covid-19",0,NA,"Published: 25 Apr, 2020 CET."
"636","Coronavirus around Europe: Questions and concerns remain as countries move towards easing restrictions","Covid-19",0,NA,"Published: 17 Apr, 2020 CET."
"637","What needs to happen before European countries lift coronavirus restrictions?","Covid-19",0,NA,"Published: 13 Apr, 2020 CET."
"638","Coronavirus across Europe: An inside view as countries plot a path back to normal life","Covid-19",0,NA,"Published: 10 Apr, 2020 CET."
"639","Coronavirus and face masks: How countries have shifted their advice to the public","Covid-19",0,NA,"Published: 5 Apr, 2020 CET."
"640","Coronavirus across Europe: An inside view as Europeans search for signs of hope","Covid-19",0,NA,"Published: 3 Apr, 2020 CET."
"641","How lockdowns and restrictions across different European countries may have saved lives","Covid-19",0,NA,"Published: 31 Mar, 2020 CET."
"642","Coronavirus across Europe: An inside view into the developing crisis in different countries","Covid-19",2,"Interesting read. My husband and I are wintering in the USA and need to return to Sweden soon before health insurance runs out. It’s been fascinating to read that Sweden is still fairly “open”. We are hoping SAS continues to fly to Stockholm from Newark. We also hope we don’t land in a huge virus explosion in Stockholm caused by not locking down, because we think this will be happening in the US. Watch this space. / Best article so far, at least for Swedish readers. Now I can easily compare the regulations in each country and make an informed decision instead of waiting every day for Sweden to change its policy.","Published: 27 Mar, 2020 CET."
"643","Coronavirus pandemic opens up divide between cities and countryside across Europe","Covid-19",0,NA,"Published: 21 Mar, 2020 CET."
"644","Coronavirus in Europe: An inside view of how the situation compares in different countries","Covid-19",0,NA,"Published: 20 Mar, 2020 CET."
"645","You are not alone – living abroad in the time of corona","Covid-19",10,"Thank you for this. I'm from the UK and have kids back home who I haven't seen for a month now. The disparity between the two countries in terms of Covid progression is such that I don't think it is safe for me to get on a plane and then enter my successfully isolated house, even if I could get on a plane.I miss them all so much and I'm riddled with guilt, especially this weekend. It all feels unreal, like watching a film, when I look at the situation in the UK. I feel very removed from it.Anyway, thanks for the article, it's nice to have some validation anyway. / Thanks for your publication!  My husband and I are in Spain on work visas for a year and have struggled all day today with whether to go back to America.  We’ve decided to stay, your publication makes me feel like there is a community out there going thru the same thing. / Thank you so much, We would be so lost with out your help / Well done with your updates to keep us informed of all the new Covis-19 changes of law. Also the good advice as to how we can do the best to protect ourselves and other people. Great to have all this available in English so there are no misunderstandings of what best practice we should be following. / A wonderful insight to life as an expatriot. Thank you for taking the time to share this. I can really concur with all you have written. / Thanks for this article and all the reports on the outbreak! I'm from Malaysia and am working in Copenhagen. I do feel the govt here has been implementing the best preventive measures so far and I hope we can mitigate the outbreak soon! My home country is worse too with 900 cases at the moment and I only hope it gets curtailed soon. / A great Article, that definitely resounds worries I have. But I feel safer in Germany than if I lived elsewhere / Retired and living in Italy, my grasp of the language is still limited. This article really struck a chord for me - people don't know the real you, because you can't chat in the way you would if you were speaking in English.On a positive point, we feel safe in our small village community and we have good neighbours around us. Good luck and good health to all! / I joined The Local because my son is studying in Denmark. He chose to stay during this crisis in his new country with his new friends. It's a big step for a mum to be far away but I'm very proud of him and The Local is doing a great job of reporting and updating. Connection is everything. Glad I found you! / Really nice to hear these kinds of articles from you. We kind of know some of these already but it still feels nice to hear that someone else feels the same way. Keep up the good work. Again to everyone else, this too shall pass.","Published: 19 Mar, 2020 CET."
"646","EU imposes entry ban for 30 days in bid to slow coronavirus pandemic","Covid-19",2,"Whats the use of this when the virus is spread almost every country in the Europe. This has to be taken care even before its entry. Now there is no point of closing the borders. Dumb EU / The UK should be included because they are virtually operating as normal.","Published: 17 Mar, 2020 CET."
"647","In Depth: How Europe is ramping up new lockdown measures to fight coronavirus pandemic","Covid-19",0,NA,"Published: 16 Mar, 2020 CET."
"648","What are the main measures being taken across Europe to fight coronavirus pandemic?","Covid-19",0,NA,"Published: 13 Mar, 2020 CET."
"649","No, coronavirus isn't the same as the flu","Covid-19",0,NA,"Published: 12 Mar, 2020 CET."
"650","Coronavirus: What you need to know about Trump's Europe travel ban","Covid-19",6,"Bingo Elizabeth / The US citizens or permanent residents won’t Carry or spread the virus, how does Trump know this? It’s important to come home and be with families but being safe is the most important. So why ban only Schengen Zone residents? / Is it a coincidence that in excluding the UK and Ireland, Trump is protecting his resorts? / So, apparently, the Virus was introduced to America by Foreigners visiting the USA? He must mean that, as U.S. Citizens can still fly Home from the E.U.I wonder what would have been his reaction if the E.U. had at the get-go stopped flights to the U.S.A. so therfore stopping any US Citizens flying Home!Hmmmm... / You need to have your passport associated to your ticket days in advance of your flight to USA. When we flew back to the USA from Sweden we went from Stockholm to Denmark, thru Danish passport kontrol then to the USA so the passport had multiple stamps plus RFID so they'd know when you board the plane with final destination to USA where you came from and would probably exclude you from boarding.  In the airport you were screened and kept in a separate area so they knew who was cleared to go to the USA (and this was 2016 in Copenhagen).  I would not call myself a big supporter of the president, but if everyone gets sick at once, health care will be overwhelmed. We are all going to get this eventually most likely, but by delaying transfer it'll spread out the cases.I can remember days when one kid got chicken pox other parents sent their kid over so they'd get it too, this isn't like that. You don't want this and shouldn't circulate it. / The restriction doesn't apply to travel from the UK, but it was unclear how US authorities plan to deal with foreign nationals travelling from Europe to the US via the UK. EXACTLY. Can we spell IRRESPONBIBLE?","Published: 12 Mar, 2020 CET."
"651","VIDEO: Five key questions about the coronavirus answered","Covid-19",0,NA,"Published: 1 Mar, 2020 CET."
"652","'Doors will close for Brits in EU': Why the UK's post-Brexit immigration plan has sparked alarm","Brexit",1,"Funny enough most Europeans I know have a level of English good enough to meet the expected level required for post Brexit imigration into the UK, while most British people I know - back in the UK - have no second language skills and would find it difficult to meet the local language requirements (B1/B2) for imigration. Last year our daughter finished her ""Bi-lingual Abi"", the entire class has English B2/C1 and French B2, on top of German naturally.","Published: 19 Feb, 2020 CET."
"653","EU or non-EU? Which passport queue should Brits use after Brexit?","Brexit",1,"Nobody seems to know the answer. I Brit and my wife French visit our daughters in the uk a few times a year. We will obviously be in the same (French registered) car. Which lane should we join in Calais and Dover? I am quite sure we are not the only couple in this situation and after 47 years marriage never expected this.","Published: 3 Feb, 2020 CET."
"654","The Local's view: Most Brits in Europe didn't ask for Brexit, but now we have to make it work","Europe",2,"I totally agree with you, Louise. Couldn't have put it better myself. Although I'm based in France, I still work for, and pay taxes in, the UK. I unfortunately couldn't vote, as I'm an Italian citizen, and if I could, I would have voted against Brexit. I always hoped that the UK would have been able to help the EU get out of the bordello they're in, by being in the EU. Too late now, GB has left. I wish the EU all the best, but I honestly don't see the silver lining yet. Take care. / I am disappointed, although not surprised to see yet another biased article. I voted for Brexit because I absolutely disagree with how the EU is run. I could not in all good conscience vote for such an undemocratic, non-transparent, wasteful system. I do not agree with the economis sytems of the EU and I defintely do not agree with the Euro. It has crippled south european countries. There are too many EU policies that I find sinister and it is clear to anyone who wants to look that it is as good as a federation. Another United States. Well, we've seen how well they work and I did not want Britain to be part of that. I live in France simply because I could afford a house here without a mortgage. Simple. I have also lived in the Far East.Please note tnhat I believe Britian desperately needs immigration as we do not have enough people for certain jobs. Brexit was not about immigration for everyone and it is prejudicial to state it was the only reason for Brexit but typical of the media. How sad.I will not vote for something I disagree with.The world outside of the EU is much bigger than the EU. Let's get on with working with the whole world and thank goodness we are getting our of the EU protectionist economics.Louise Rollason","Published: 31 Jan, 2020 CET."
"655","OPINION: If the UK won't stand up for the rights of Britons in Europe then it's down to us","Brexit",0,NA,"Published: 30 Jan, 2020 CET."
"656","OPINION: We shouldn't expect special treatment from EU just because we're British","Sue Wilson",3,"Oh dear, got up on the wrong side of the bed? / Amazing. I wish I could be as ill informed as you. Ignorance must be bliss. / If possible, I would recommend applying for normal citizenship in the EU country where you live.I can only speak as a Brit living in Germany (Weimar in Thuringia), but I didn't find the application process particularly arduous, the officials who helped me were patient, courteous and friendly and the whole thing only cost around 250€ (I believe it's over a 1000 pounds for the same process in the UK). Also, I wouldn't say that my German is anywhere near flawless!","Published: 20 Jan, 2020 CET."
"657","Brexit: Britons in Europe urged to look on bright side of 'devastating' UK election result","Election",0,NA,"Published: 13 Dec, 2019 CET."
"658","Freedom of movement: How Brexit is costing young Britons seasonal jobs in Europe","Brexit",0,NA,"Published: 12 Dec, 2019 CET."
"659","The 'Brexit election': Why Britons in Europe should register for a proxy rather than postal vote","Brexit",4,"Ridiculous that we, the most affected, have no vote. We have, legally, lived and worked in France (twice), Spain and Belgium (three times) and have been resident, since 1999, in France. We have long-term cartes de séjours, but still risk losing our freedom of movement within the EU.No idea where the two previous, illiterate, comments are coming from / Where js tge bias in this? Adios , you wont be missed! / Thanks The Local for your unbias reporting. Auto renew cancelled.Adios. / ""Tens of thousand of Brits will be denied a vote because they have lived outside the UK for over 15 years.""So where's this so called democracy the readers of the British guttersnipe press are always screaming about?","Published: 30 Oct, 2019 CET."
"660","EU agrees to three-month Brexit 'flextension'","Brexit",1,"So, they don't really want the people to have their vote. They voted to leave and that should be honored. If not, the people don't have a vote. No one is ""owed"" a deal. Leave now.","Published: 28 Oct, 2019 CET."
"661","EU27 fail to agree length of Brexit extension for UK","Brexit",0,NA,"Published: 25 Oct, 2019 CET."
"662","'A massive betrayal': UK's no-deal Brexit healthcare pledge for pensioners in EU sparks anger","Brexit",2,"Maybe but don't forget that the people voted to leave the EU based on a stream of lies being broadcast by who ? Yes, Boris Johnson. It need not be said that the expatriates living in Europe were not allowed to vote in the refrendum. Teresa May promised that we would be given the vote once she was elected but once again an unfulfilled promise. Finally why should we have to pay 119 euros for a 'permis de séjour' when all European nationals resident in the U.K get theirs for free ? Reciprocity !!! / The British people voted to leave the EU and they also chose not to switch to the euro. The EU doesn't have to accept any deal from England. Why are people afraid of Boris? He is just enforcing what was voted for.","Published: 23 Sep, 2019 CET."
"663","'It's not too late for a Brexit deal': EU's Juncker","Brexit",0,NA,"Published: 22 Sep, 2019 CET."
"664","Brexit: What are the main differences between a deal and a no deal for Brits in the EU?","Residency permits",0,NA,"Published: 1 Aug, 2019 CET."
"665","No-deal Brexit: Holidaymakers and pensioners hit in pocket as pound falls to two-year low","Brexit",0,NA,"Published: 29 Jul, 2019 CET."
"666","EU's likely next boss 'ready' to back another Brexit delay if needed","Brexit",2,"But there is no reason, at the moment, to delay any further. Until the EU comes to its senses and accepts that the UK must return to being a sovereign country then any deal such as PM May's, is a myth and therefore why delay. Voted down three times in the UK parliament the deal is dead. / Hopefully not.  This farce needs to end one way or another.","Published: 16 Jul, 2019 CET."
"667","ANALYSIS: How the English language will change after Brexit","Brexit",1,"I hate to break to this ""student"" but English was used internationally long before the EU was even thought of and will continue to be so long after Britain has departed.","Published: 9 Jul, 2019 CET."
"668","Brexit: 'Withdrawal Agreement or nothing' - EU deals new blow to rights of Britons","Residency permits",0,NA,"Published: 5 Jul, 2019 CET."
"669","Brexit: Why won't the EU act to protect the rights of Britons in Europe?","Brexit",5,"deal or no deal - brits will be landlocked. Barnier and Junker have never liked the brits and totally undermined the remain campaign by contradicting cameron. some people in france are in danger of deportation anyway (deal or no deal) the whole thing is a mess. the WA was a one womans idea of what it should be, which is why it was rejected / Will Brits with permanent residency in one EU country retain the right to move to another or remain land-locked and a second class EU resident ? / The British have implemented the WA regarding citizens' rights. This is the Pre-settled and Settled Schemes and is, barring date changes, the same for a ""deal"" and ""no deal"" Brexit. The EU has made ""recommendations"" on UK citizens' to EU27 states in the event of a no deal. These recommendations are far below the WA implementation the UK has done. The EU chose to make the recommendations as weak as possible - they could have recommended reciprocity but didn't. / The last thre paragraphs out line the approach the EU 27 will take; at the moment the EU 27 don't know what protection will be needed the type of BREXIT may direct the approach taken. As for the comment ""Barnier has always hated the Brits"" it's niether helpful or correct. The""bad deal and not caring about Brits abrao"" is pure nonsence. A deal has been agreed and it's the UK governments attitude that is the issusecausing problems for it's citizens in Europe, in my opinion. / Barnier has always hated the Brits in my opinion, hence bad deal and not caring about Brits abroad","Published: 19 Jun, 2019 CET."
"670","Europe &amp; You: An interesting new Brexit poll and what's Switzerland's problem with the EU?","Brexit",0,NA,"Published: 14 Jun, 2019 CET."
"671","Europe &amp; You: Boris our 'best chance to stop Brexit', EU Green Cards and cash for residency appointments","Brexit",1,"It is interesting to compare Boris Johnson and Emmanuel MacronJohnson was born to a rich family and went to Eaton, an elite expensive public=private school. From there he went to Oxford following the standard route for senior ministers and prime ministers in the UK In contrast Macron was born to a wealthy family and went to an expensive private school. From there he went to the elite  École Nationale d’Administration the standard route for senior ministers and presidents of France.There are great differences in their personalities. Johnson is often regarded as having a good sense of humour. At the moment he is guarded by minders to protect him from his one-liner gaffs.Macron is not noted for his sense of humour. He is famous for his ability for talking for hours on any subject without notes. How many are still awake at the end of this monologue is not recorded.Both of them have shot themselves in the foot which may lead to their ultimate political deaths. Johnson was the major force in the leave Brexit vote. Macron after supporting his rich friends alienated forgotten France resulting in the yellow vests protest.Politics is a dirty business.","Published: 7 Jun, 2019 CET."
"672","European elections: A beginner's guide to the vote","Europe",0,NA,"Published: 24 May, 2019 CET."
"673","Britain and EU set out competing Brexit delay dates","Brexit",0,NA,"Published: 6 Apr, 2019 CET."
"674","'No-deal now a likely scenario': Brits in EU fearful after Brexit deal rejected again","Brexit",0,NA,"Published: 29 Mar, 2019 CET."
"675","Cancel Brexit petition heads towards SIX MILLION signatures","Brexit",8,"WTH does Tr--p have to do with this?  You MUST be desperate, Mrs. May. Your continued insults aimed at ""Remainers"" really helps your cause. / ""Lies and deceit"", right. And Hillary Clinton lost because Donald Trump colluded with Russia. Democracy means there are losers - that's what Remainers are. Accept it, or just admit you are anti-democratic. / The true ""undermining of democracy"" was the lies, deceit and sheer BS that was used to get peple to vote 'Leave' in the referendum, and most of that from right-wing politicians!Now only the despots and desperate Brexiters repeat the 'will-o-the-people' mantra without any hint of reality on how this will adversely affect millions of people, now and in the future, not to mention the UK economy. / Cut off in midstream. We must get to 8.5 million half the leave vote. Get to 10 million next.Then get past 17 million. It is possible ! Contact all your friends and encourage them to vote.Don't let the cheats have their way. / The vote in 2016 was tainted by false information and in was margina. So I happily sign the petition. But somequestions: email checks. Can a husband and wife count as two on the same email address? Can people without email sign the petition if so how? / Who thinks ""Boggy"" is the screen name for one Mrs. May? / If their servers were able to handle the traffic, there would likely be more than double, triple what we have now. / How many voted Leave? Oh, that's right - 17,410,742. Yawn. Let's not be Europeans - let's respect a democratic vote. Brexit ASAP!!!","Published: 27 Mar, 2019 CET."
"676","'We're ready': Border checks to return as EU completes no-deal preparations","Brexit",0,NA,"Published: 25 Mar, 2019 CET."
"677","'Three weeks to find a miracle': Europe reacts to yet more Brexit chaos","Europe",1,"Brexit next month!!!!!!!!! British democracy works, even if the EU's doesn't!!!!","Published: 22 Mar, 2019 CET."
"678","UK moves towards Brexit delay as MPs vote to rule out a no-deal exit","Brexit",0,NA,"Published: 13 Mar, 2019 CET."
"679","Brexit vote: 'It's now time to take the rights of Britons off the negotiating table'","Brexit",1,"Theresa May MUST have been a paid sock-puppet of the nihilst fake-""Libertarian"" billianaires, Russian Mafia and other Gleeful Destroyers — from day one.  No one could have been as STAGGERINGLY incompetent as she (and her fellow Professional Thief Tory accomplices) have been.  That feigned ""incompetence"" can only be explained as her and her Overlords' deliberate effort to wreck Britain, so that THEY can ""pick up the pieces"" . . . for a song.","Published: 13 Mar, 2019 CET."
"680","No-deal Brexit: Which EU member state is being the most generous to Britons?","citizens rights",0,NA,"Published: 8 Mar, 2019 CET."
"681","'Securing rights of Britons in Europe is legally possible, they just need to try'","rights",0,NA,"Published: 8 Mar, 2019 CET."
"682","No-deal Brexit: Country by country guide to how the rights of Britons will be affected","Brexit",0,NA,"Published: 14 Feb, 2019 CET."
"683","How Brexit and the fight for rights united Britons from across Europe","Brexit",0,NA,"Published: 11 Jan, 2019 CET."
"684","How a group of Brits took up a struggle for millions of their co-citizens: Part One","Brexit",0,NA,"Published: 20 Dec, 2018 CET."
"685","UK can cancel Brexit before March 29th without EU’s consent, ECJ rules","Brexit",0,NA,"Published: 10 Dec, 2018 CET."
"686","Pensions and healthcare: UK offers assurances to Brits in EU over no-deal Brexit","Brexit",1,"No deal is the default position, and the only one with Royal Assent.  What is bad is that Theresa May has not made proper provision for it and wasted over 30 months chasing pie-in-the-sky ‘deals’ of her own design, to suit Brussels and against the wishes of the UK voters. If she fails to convince Parliament of her unrealistic wishes, the UK will leave the EU in March 2019 poorly prepared.","Published: 6 Dec, 2018 CET."
